store_id,party,source_store_id,source_identifier,store_name,operator_id,street_address,town,county,postcode,latitude,longitude,source,location_type,public,street_address2,street_address3,temporarily_closed,permanently_closed
SC-4700812,Southern Co-op,4700812,9822.0,Welcome Shirley,2183408,118-122 Orchard Way,Croydon,Greater London,CR0 7NN,51.38602983,-0.04009346,Southern Co-op Uberall API,,,,,,
SC-4700813,Southern Co-op,4700813,9744.0,Welcome Cliffe Woods,2183408,9-11 Parkside,Medway,Medway,ME3 8HX,51.43423227,0.49651982,Southern Co-op Uberall API,,,,,,
SC-4700815,Southern Co-op,4700815,9787.0,Welcome Ashtead,2183408,46 The Street,Ashtead,Surrey,KT21 1AZ,51.3090621,-0.2998355,Southern Co-op Uberall API,,,,,,
SC-4700816,Southern Co-op,4700816,9718.0,Welcome Ash,2183408,20 The Street,Ash,Kent,CT3 2EW,51.2792272,1.2763508,Southern Co-op Uberall API,,,,,,
SC-4700817,Southern Co-op,4700817,9726.0,Welcome Angel Islington,2183408,47-49 Packington Street,London,Greater London,N1 7FZ,51.536246,-0.0963168,Southern Co-op Uberall API,,,,,,
SC-4700818,Southern Co-op,4700818,9745.0,Welcome Buckskin,2183408,Blackdown Close,Basingstoke,Hampshire,RG22 5BW,51.2563472,-1.1335096,Southern Co-op Uberall API,,,,,,
SC-4700819,Southern Co-op,4700819,9719.0,Welcome Rowtown,2183408,2 Ongar Parade,Addlestone,Surrey,KT15 1JH,51.36339673,-0.50554418,Southern Co-op Uberall API,,,,,,
SC-4700820,Southern Co-op,4700820,9727.0,Welcome Rickmansworth,2183408,5-6 Moneyhill Parade,Rickmansworth,Hertfordshire,WD3 7BQ,51.63643006,-0.48364936,Southern Co-op Uberall API,,,,,,
SC-4700823,Southern Co-op,4700823,9717.0,Welcome Cranbrook,2183408,58 High Street,Cranbrook,Kent,TN17 3DN,51.09615734,0.53481466,Southern Co-op Uberall API,,,,,,
SC-4700824,Southern Co-op,4700824,9716.0,Welcome Shere,2183408,Middle Street,Shere,Surrey,GU5 9HF,51.22025994,-0.46433315,Southern Co-op Uberall API,,,,,,
SC-4700825,Southern Co-op,4700825,9738.0,Welcome Manor Road,2183408,Manor Road,Lancing,West Sussex,BN15 0HL,50.83770887,-0.32851993,Southern Co-op Uberall API,,,,,,
SC-4700826,Southern Co-op,4700826,9724.0,Welcome Royal Exchange,2183408,87-91 Royal Exchange,Newport,Isle of Wight,PO30 2HW,50.6986833,-1.2824648,Southern Co-op Uberall API,,,,,,
SC-4700828,Southern Co-op,4700828,9729.0,Welcome Swiss Cottage,2183408,2-4 Winchester Road,London,Greater London,NW3 3NT,51.54293548,-0.17174922,Southern Co-op Uberall API,,,,,,
SC-4700829,Southern Co-op,4700829,9720.0,Welcome Durrington,2183408,2 Half Moon Lane,Worthing,West Sussex,BN13 2EL,50.83531244,-0.39795203,Southern Co-op Uberall API,,,,,,
SC-4700830,Southern Co-op,4700830,9728.0,Welcome Southwater,2183408,Worthing Road,Horsham,West Sussex,RH13 9HA,51.0282558,-0.3517982,Southern Co-op Uberall API,,,,,,
SC-4700831,Southern Co-op,4700831,9722.0,Welcome University of Bath,2183408,Convocation Avenue,Bath,Bath and North East Somerset,BA2 7AY,51.37821916,-2.32561245,Southern Co-op Uberall API,,,,,,
SC-4700833,Southern Co-op,4700833,9702.0,Welcome Sholing,2183408,430 Bursledon Road,Southampton,Southampton,SO19 8NG,50.9014204,-1.3322342,Southern Co-op Uberall API,,,,,,
SC-4700834,Southern Co-op,4700834,9721.0,Welcome Lower Willingdon,2183408,2-4 Coppice Avenue,Eastbourne,East Sussex,BN20 9PN,50.80788879,0.24796738,Southern Co-op Uberall API,,,,,,
SC-4700835,Southern Co-op,4700835,9723.0,Welcome Bembridge,2183408,Lane End Road,Bembridge,Isle of Wight,PO35 5UE,50.6867472,-1.0804209,Southern Co-op Uberall API,,,,,,
SC-4700837,Southern Co-op,4700837,9749.0,Welcome Mytchett,2183408,103 Mytchett Road,Camberley,Surrey,GU16 6ES,51.2903698,-0.7254733,Southern Co-op Uberall API,,,,,,
SC-4700838,Southern Co-op,4700838,9743.0,Welcome Shepherd's Bush,2183408,54 Uxbridge Road,London,Greater London,W12 8LP,51.5045336,-0.21912976,Southern Co-op Uberall API,,,,,,
SC-4700839,Southern Co-op,4700839,9753.0,Welcome Ewell,2183408,82 High Street,Epsom,Surrey,KT17 1RE,51.3476478,-0.2501838,Southern Co-op Uberall API,,,,,,
SC-4700841,Southern Co-op,4700841,9751.0,Welcome Central Hill,2183408,15-17 Central Hill,London,Greater London,SE19 1BG,51.4193561,-0.08348631,Southern Co-op Uberall API,,,,,,
SC-4700842,Southern Co-op,4700842,9739.0,Welcome Staplegrove,2183408,Manor Road,Taunton,Somerset,TA2 6AN,51.03005284,-3.12663029,Southern Co-op Uberall API,,,,,,
SC-4700844,Southern Co-op,4700844,9740.0,Welcome Abbey Wood,2183408,182 Eynsham Drive,London,Greater London,SE2 9PS,51.49320242,0.10924521,Southern Co-op Uberall API,,,,,,
SC-4700846,Southern Co-op,4700846,9741.0,Welcome Culverstone,2183408,Wrotham Road,Gravesend,Kent,DA13 0RF,51.3421932,0.3460341,Southern Co-op Uberall API,,,,,,
SC-4700847,Southern Co-op,4700847,9736.0,Welcome Stoke Bishop,2183408,5 Druid Hill,Bristol,Bristol City,BS9 1EW,51.4811879,-2.6347803,Southern Co-op Uberall API,,,,,,
SC-4700848,Southern Co-op,4700848,9839.0,Welcome Halterworth,2183408,50-52 Saxon Way,Romsey,Hampshire,SO51 5QY,50.99077399,-1.47471024,Southern Co-op Uberall API,,,,,,
SC-4700849,Southern Co-op,4700849,9821.0,Welcome Selhurst,2183408,Selhurst Road,London,Greater London,SE25 5QF,51.38926165,-0.08902054,Southern Co-op Uberall API,,,,,,
SC-4700850,Southern Co-op,4700850,9763.0,Welcome Carshalton,2183408,376 Middleton Road,Carshalton,Greater London,SM5 1HA,51.38456299,-0.1744455,Southern Co-op Uberall API,,,,,,
SC-4700851,Southern Co-op,4700851,9762.0,Welcome Hayes,2183408,2 Material Walk,Hayes,Greater London,UB3 1DZ,51.50444255,-0.42567033,Southern Co-op Uberall API,,,,,,
SC-4700852,Southern Co-op,4700852,9780.0,Welcome Crawley,2183408,5 Shire Parade,Crawley,West Sussex,RH10 7XR,51.11991829,-0.14458118,Southern Co-op Uberall API,,,,,,
SC-4700853,Southern Co-op,4700853,9777.0,Welcome Cranfield,2183408,24 University Way,Bedford,Central Bedfordshire,MK43 0ST,52.0747977,-0.6277775,Southern Co-op Uberall API,,,,,,
SC-4700854,Southern Co-op,4700854,9765.0,Welcome Faversham,2183408,9 Whitstable Road,Faversham,Kent,ME13 8BE,51.3141298,0.898185,Southern Co-op Uberall API,,,,,,
SC-4700856,Southern Co-op,4700856,9782.0,Welcome Beccles,2183408,8a Market Street,Beccles,Suffolk,NR34 9HA,52.45779725,1.56330369,Southern Co-op Uberall API,,,,,,
SC-4700857,Southern Co-op,4700857,9759.0,Welcome Addlestone,2183408,51-53 Green Lane,Addlestone,Surrey,KT15 2TX,51.37442677,-0.49697108,Southern Co-op Uberall API,,,,,,
SC-4700858,Southern Co-op,4700858,9785.0,Welcome Thames View,2183408,1 Farr Avenue,Barking,Greater London,IG11 0NY,51.5286112,0.1042077,Southern Co-op Uberall API,,,,,,
SC-4700859,Southern Co-op,4700859,9786.0,Welcome Upminster,2183408,28 Station Road,Upminster,Greater London,RM14 2UB,51.55726713,0.2499106,Southern Co-op Uberall API,,,,,,
SC-4700860,Southern Co-op,4700860,9774.0,Welcome Kents Hill,2183408,1 Tenterden Crescent,Milton Keynes,Milton Keynes,MK7 6HH,52.0256327,-0.6956843,Southern Co-op Uberall API,,,,,,
SC-4700861,Southern Co-op,4700861,9776.0,Welcome Stratford Park,2183408,Addington Avenue,Milton Keynes,Milton Keynes,MK12 5GH,52.05807185,-0.82506393,Southern Co-op Uberall API,,,,,,
SC-4700862,Southern Co-op,4700862,9779.0,Welcome Wixams,2183408,147 Brooklands Avenue,Bedford,Bedford,MK42 6AE,52.091154,-0.4609806,Southern Co-op Uberall API,,,,,,
SC-4700863,Southern Co-op,4700863,9843.0,Welcome Sittingbourne,2183408,Gadby Road,Sittingbourne,Kent,ME10 1TH,51.3470466,0.71263022,Southern Co-op Uberall API,,,,,,
SC-4700864,Southern Co-op,4700864,9781.0,Welcome Downs Barn,2183408,127 Downs Barn Boulevard,Milton Keynes,Milton Keynes,MK14 7QB,52.05389447,-0.74770718,Southern Co-op Uberall API,,,,,,
SC-4700865,Southern Co-op,4700865,9760.0,Welcome Fairlands,2183408,65 Fairlands Avenue,Guildford,Surrey,GU3 3NB,51.26282634,-0.62036047,Southern Co-op Uberall API,,,,,,
SC-4700866,Southern Co-op,4700866,9783.0,Welcome Beanhill,2183408,Unit 1 Dodkin,Milton Keynes,Milton Keynes,MK6 4LP,52.0178598,-0.7358205,Southern Co-op Uberall API,,,,,,
SC-4700867,Southern Co-op,4700867,9789.0,Welcome Monier Road,2183408,79-85 Monier Road,London,Greater London,E3 2PS,51.5395469,-0.0235269,Southern Co-op Uberall API,,,,,,
SC-4700868,Southern Co-op,4700868,9778.0,Welcome Bromham,2183408,100 Stagsden Road,Bedford,Bedford,MK43 8PU,52.14449238,-0.53542934,Southern Co-op Uberall API,,,,,,
SC-4700869,Southern Co-op,4700869,9742.0,Welcome Houndmills,2183408,Aldermaston Road South,Basingstoke,Hampshire,RG21 6BN,51.2752452,-1.10337736,Southern Co-op Uberall API,,,,,,
SC-4700870,Southern Co-op,4700870,9764.0,Welcome Taunton,2183408,Station Road,Taunton,Somerset,TA1 1NQ,51.01989551,-3.10578946,Southern Co-op Uberall API,,,,,,
SC-4700871,Southern Co-op,4700871,9790.0,Welcome Southsea,2183408,43 Green Road,Southsea,Portsmouth,PO5 4DY,50.7911131,-1.0896532,Southern Co-op Uberall API,,,,,,
SC-4700872,Southern Co-op,4700872,9796.0,Welcome Rainworth,2183408,Southwell Road East,Mansfield,Nottinghamshire,NG21 0AA,53.1187157,-1.11870283,Southern Co-op Uberall API,,,,,,
SC-4700873,Southern Co-op,4700873,9793.0,Welcome Sandy,2183408,Kestrel Way,Sandy,Central Bedfordshire,SG19 2TG,52.1413025,-0.2946669,Southern Co-op Uberall API,,,,,,
SC-4700874,Southern Co-op,4700874,9792.0,Welcome Wilsley Pound,2183408,A229,Cranbrook,Kent,TN17 2HR,51.1089868,0.5472283,Southern Co-op Uberall API,,,,,,
SC-4700895,Southern Co-op,4700895,9797.0,Welcome Dewsbury,2183408,396 Leeds Road,Dewsbury,West Yorkshire,WF12 7QE,53.6990057,-1.6134547,Southern Co-op Uberall API,,,,,,
SC-4700896,Southern Co-op,4700896,9812.0,Welcome Boscombe,2183408,382 Holdenhurst Road,Bournemouth,Dorset,BH8 8BN,50.73253433,-1.85043148,Southern Co-op Uberall API,,,,,,
SC-4700897,Southern Co-op,4700897,9788.0,Welcome Meads,2183408,34 Meads Street,Eastbourne,East Sussex,BN20 7QY,50.7563179,0.267957,Southern Co-op Uberall API,,,,,,
SC-4700898,Southern Co-op,4700898,9794.0,Welcome Cheltenham,2183408,58-60 Hewlett Road,Cheltenham,Gloucestershire,GL52 6AH,51.89932818,-2.06626989,Southern Co-op Uberall API,,,,,,
SC-4700899,Southern Co-op,4700899,9811.0,Welcome Westhoughton,2183408,34-40 Market Street,Bolton,Greater Manchester,BL5 3AN,53.5488211,-2.52241,Southern Co-op Uberall API,,,,,,
SC-4700900,Southern Co-op,4700900,9823.0,Welcome Milford,2183408,47 Church Road,Godalming,Surrey,GU8 5JB,51.1714973,-0.6431515,Southern Co-op Uberall API,,,,,,
SC-4700901,Southern Co-op,4700901,9799.0,Welcome Ripon,2183408,32 Clotherholme Road,Ripon,North Yorkshire,HG4 2DQ,54.13927234,-1.54240309,Southern Co-op Uberall API,,,,,,
SC-4700902,Southern Co-op,4700902,9798.0,Welcome Wakefield,2183408,59 Stoney Lane,Wakefield,West Yorkshire,WF4 3JR,53.6325534,-1.5198058,Southern Co-op Uberall API,,,,,,
SC-4700903,Southern Co-op,4700903,9817.0,Welcome Thamesmead,2183408,3 Wagtail Walk,London,Greater London,SE2 9FD,51.4965826,0.12184991,Southern Co-op Uberall API,,,,,,
SC-4700904,Southern Co-op,4700904,9819.0,Welcome Tower Bridge,2183408,168 Tower Bridge Road,London,Greater London,SE1 3LS,51.49964954,-0.07861267,Southern Co-op Uberall API,,,,,,
SC-4819776,Southern Co-op,4819776,9835.0,Welcome Leighton Buzzard,2183408,80-90 Clarence Road,Leighton Buzzard,Central Bedfordshire,LU7 3EL,51.92415,-0.654747,Southern Co-op Uberall API,,,,,,
SC-5029687,Southern Co-op,5029687,9842.0,Welcome The Hard,2183408,22 The Hard,Portsmouth,Portsmouth,PO1 3DT,50.7979668,-1.1058932,Southern Co-op Uberall API,,,,,,
SC-5199855,Southern Co-op,5199855,9816.0,Welcome Newham,2183408,Royal Quay Road,London,Greater London,E16 2BF,51.508222,0.0726403,Southern Co-op Uberall API,,,,,,
SC-5792588,Southern Co-op,5792588,9833.0,Welcome Cuffley,2183408,23A Station Road,Potters Bar,Hertfordshire,EN6 4HX,51.70804629825522,-0.1125646061515861,Southern Co-op Uberall API,,,,,,
SC-5891476,Southern Co-op,5891476,9840.0,Welcome Croydon,2183408,9 Fell Road,Croydon,Greater London,CR0 1LL,51.37121667,-0.09814104,Southern Co-op Uberall API,,,,,,
SC-5895829,Southern Co-op,5895829,9820.0,Welcome Aberfeldy Square,2183408,10 Aberfeldy Square,London,Greater London,E14 0XA,51.51287362,-0.00504203,Southern Co-op Uberall API,,,,,,
SC-5896716,Southern Co-op,5896716,9815.0,Welcome Brentford,2183408,2 Lionel Road South,Brentford,Greater London,TW8 0RZ,51.4897377,-0.2870373,Southern Co-op Uberall API,,,,,,
SC-5902041,Southern Co-op,5902041,9820.0,Welcome Canada Water,2183408,1 Deal Porters Way,London,Greater London,SE16 6BH,51.49717227,-0.04994406,Southern Co-op Uberall API,,,,,,
SC-5902616,Southern Co-op,5902616,9828.0,Welcome Blackwell,2183408,73 Station Road,Bristol,North Somerset,BS48 3LH,51.41921533,-2.749994,Southern Co-op Uberall API,,,,,,
SC-5932864,Southern Co-op,5932864,,Welcome St Leonards,2183408,100 Battle Road,Hastings,East Sussex,TN37 7AG,50.8743275,0.5530763,Southern Co-op Uberall API,,,,,,
SC-5936135,Southern Co-op,5936135,9857.0,Welcome Castleford,2183408,71-75 Leeds Road,Allerton Bywater,West Yorkshire,WF10 2HE,53.7527959,-1.3836067,Southern Co-op Uberall API,,,,,,
SC-6149043,Southern Co-op,6149043,,Welcome Windsor,2183408,12 High Street,Windsor,Berkshire,SL4 1LD,51.48148,-0.6067829,Southern Co-op Uberall API,,,,,,
SC-6168621,Southern Co-op,6168621,9847.0,Welcome Shrewsbury Road,2183408,Shrewsbury Road,Wem,Shropshire,SY4 5PA,52.8475318,-2.7284585,Southern Co-op Uberall API,,,,,,
SC-6409828,Southern Co-op,6409828,,Welcome Llangollen,2183408,4-6 Berwyn Street,Llangollen,Denbighshire,LL20 8ND,52.9689614,-3.17023712,Southern Co-op Uberall API,,,,,,
SC-4700821,Southern Co-op,4700821,430.0,Welcome Fair Oak,2184058,Fair Oak Road,Eastleigh,Hampshire,SO50 7AL,50.9643109,-1.29974291,Southern Co-op Uberall API,,,,,,
SC-4705216,Southern Co-op,4705216,28.0,"The Co-operative Food Chandlers Ford, Falkland Court",2184058,5 Falkland Court,Eastleigh,Hampshire,SO53 3GA,50.9720073,-1.3827266,Southern Co-op Uberall API,,,,,,
SC-4705218,Southern Co-op,4705218,55.0,The Co-operative Food Bishops Waltham,2184058,High Street,Bishop's Waltham,Hampshire,SO32 1AB,50.95455024,-1.2125212,Southern Co-op Uberall API,,,,,,
SC-4705220,Southern Co-op,4705220,178.0,Co-op Food,2184058,14 Hursley Road,Chandler's Ford,Hampshire,SO53 2FU,50.9845342,-1.3854707,Southern Co-op Uberall API,,,,,,
SC-4705227,Southern Co-op,4705227,104.0,"The Co-operative Food Fairoak, Sandy Lane",2184058,50 Sandy Lane,Fair Oak,Hampshire,SO50 8GB,50.9678484,-1.30438045,Southern Co-op Uberall API,,,,,,
SC-4705235,Southern Co-op,4705235,98.0,"The Co-operative Food Boyatt Wood, The Parade",2184058,6-8 Shakespeare Road,Eastleigh,Hampshire,SO50 4QP,50.9777177,-1.3597343,Southern Co-op Uberall API,,,,,,
SC-4705255,Southern Co-op,4705255,245.0,The Co-operative Food Romsey,2184058,22-24 The Hundred,Romsey,Hampshire,SO51 8BW,50.98903741,-1.49806254,Southern Co-op Uberall API,,,,,,
SC-4705258,Southern Co-op,4705258,381.0,"The Co-operative Food Romsey, Botley Road",2184058,Botley Road,Romsey,Hampshire,SO51 5AB,50.988369,-1.4847244,Southern Co-op Uberall API,,,,,,
SC-4705266,Southern Co-op,4705266,211.0,"The Co-operative Food Colden Common, St Vigor Way",2184058,Saint Vigor Way,Winchester,Hampshire,SO21 1UU,50.9964239,-1.3217193,Southern Co-op Uberall API,,,,,,
SC-4705272,Southern Co-op,4705272,23.0,"The Co-operative Food North Baddesley, Seymour Parade",2184058,1-5 Seymour Lane,Southampton,Hampshire,SO52 9FN,50.9761751,-1.4488283,Southern Co-op Uberall API,,,,,,
SC-4705274,Southern Co-op,4705274,109.0,"The Co-operative Food Romsey, Winchester Hill",2184058,Winchester Hill,Romsey,Hampshire,SO51 7YY,50.99347367,-1.48099555,Southern Co-op Uberall API,,,,,,
SC-4705296,Southern Co-op,4705296,26.0,"The Co-operative Food Southampton, High Street",2184058,117 High Street,Southampton,Southampton,SO14 2EA,50.89821414,-1.40419128,Southern Co-op Uberall API,,,,,,
SC-4705310,Southern Co-op,4705310,213.0,"The Co-operative Food Romsey, Warren Gardens",2184058,19-20 Warren Gardens,Romsey,Hampshire,SO51 7TR,50.99964581,-1.47613975,Southern Co-op Uberall API,,,,,,
SC-4705312,Southern Co-op,4705312,310.0,"The Co-operative Food Eastleigh, Leigh Road",2184058,Leigh Road,Eastleigh,Hampshire,SO50 5LN,50.9697169,-1.3598209,Southern Co-op Uberall API,,,,,,
SC-4705336,Southern Co-op,4705336,396.0,"The Co-operative Food Southampton, Archers Road",2184058,32 Archers Road,Southampton,Southampton,SO15 2LT,50.91611547,-1.40896711,Southern Co-op Uberall API,,,,,,
SC-4705355,Southern Co-op,4705355,406.0,"The Co-operative Food West End, High Street",2184058,3 High Street,Southampton,Hampshire,SO30 3AA,50.9292552,-1.3433838,Southern Co-op Uberall API,,,,,,
SC-4705356,Southern Co-op,4705356,341.0,The Co-operative Food Abbotswood,2184058,16 Abbotswood Common Road,Romsey,Hampshire,SO51 0BX,51.003709,-1.4736415,Southern Co-op Uberall API,,,,,,
SC-4705181,Southern Co-op,4705181,312.0,"The Co-operative Food Hanham, Memorial Road",2184059,183 Memorial Road,Bristol,South Gloucestershire,BS15 3LH,51.4400771,-2.5195147,Southern Co-op Uberall API,,,,,,
SC-4705182,Southern Co-op,4705182,337.0,"The Co-operative Food Bristol, School Road",2184059,School Road,Bristol,South Gloucestershire,BS30 8EP,51.4461266,-2.4839284,Southern Co-op Uberall API,,,,,,
SC-4705183,Southern Co-op,4705183,327.0,"The Co-operative Food Bristol, Two Mile Hill Road",2184059,47 Two Mile Hill Road,Bristol,Bristol City,BS15 1BS,51.4618901,-2.5269015,Southern Co-op Uberall API,,,,,,
SC-4705233,Southern Co-op,4705233,359.0,"The Co-operative Food Frome, Nunney Road",2184059,1a Nunney Road,Frome,Somerset,BA11 4LA,51.23056668,-2.3278095,Southern Co-op Uberall API,,,,,,
SC-4705254,Southern Co-op,4705254,322.0,"The Co-operative Food Keynsham, Queens Road",2184059,61 Queens Road,Keynsham,Bath and North East Somerset,BS31 2NW,51.4088791,-2.5072153,Southern Co-op Uberall API,,,,,,
SC-4705293,Southern Co-op,4705293,314.0,"The Co-operative Food Bristol, Ashley Down Road",2184059,Ashley Down Road,Bristol,Bristol City,BS7 9BU,51.4773651,-2.5801386,Southern Co-op Uberall API,,,,,,
SC-4705300,Southern Co-op,4705300,249.0,Co-op Food,2184059,223 Winsley Road,Bradford-on-Avon,Wiltshire,BA15 1QT,51.35051,-2.25532,Southern Co-op Uberall API,,,,,,
SC-4705315,Southern Co-op,4705315,224.0,"The Co-operative Food Corsham, Macie Drive",2184059,Macie Drive,Corsham,Wiltshire,SN13 9EJ,51.4285578,-2.2003555,Southern Co-op Uberall API,,,,,,
SC-4705323,Southern Co-op,4705323,70.0,"The Co-operative Food Bristol, Wells Road",2184059,174-178 Wells Road,Bristol,Bristol City,BS4 2AL,51.4400528,-2.573403,Southern Co-op Uberall API,,,,,,
SC-4705328,Southern Co-op,4705328,193.0,"The Co-operative Food Shaftesbury, Beaufoy Close",2184059,Beaufoy Close,Shaftesbury,Dorset,SP7 8PT,51.0081334,-2.1856865,Southern Co-op Uberall API,,,,,,
SC-4705337,Southern Co-op,4705337,371.0,"The Co-operative Food Bristol, Long Down Avenue",2184059,4 Long Down Avenue,Bristol,South Gloucestershire,BS16 1GU,51.5001345,-2.5609569,Southern Co-op Uberall API,,,,,,
SC-4705338,Southern Co-op,4705338,225.0,"The Co-operative Food Bristol, Redcliffe Street",2184059,Redcliff Street,Bristol,Bristol City,BS1 6LT,51.4506347,-2.5903574,Southern Co-op Uberall API,,,,,,
SC-4705339,Southern Co-op,4705339,240.0,The Co-operative Food Sturminster Newton,2184059,Lower Market Way,Sturminster Newton,Dorset,DT10 1BB,50.92764964,-2.30406216,Southern Co-op Uberall API,,,,,,
SC-4705342,Southern Co-op,4705342,385.0,"The Co-operative Food Bath, Widcombe Hill",2184059,Widcombe Hill,Bath,Bath and North East Somerset,BA2 6AA,51.37649917,-2.35285139,Southern Co-op Uberall API,,,,,,
SC-4705365,Southern Co-op,4705365,75.0,The Co-operative Food Mere,2184059,Church Street,Mere,Wiltshire,BA12 6DJ,51.0900674,-2.2688994,Southern Co-op Uberall API,,,,,,
SC-4705179,Southern Co-op,4705179,313.0,The Co-operative Food Pill,2184060,1-2 Baltic Place,Bristol,North Somerset,BS20 0EJ,51.478891,-2.684626,Southern Co-op Uberall API,,,,,,
SC-4705184,Southern Co-op,4705184,334.0,"The Co-operative Food Exeter, Buddle Lane",2184060,103 Buddle Lane,Exeter,Devon,EX4 1QT,50.7205693,-3.5497812,Southern Co-op Uberall API,,,,,,
SC-4705185,Southern Co-op,4705185,358.0,"The Co-operative Food Exmouth, Exeter Road",2184060,190B Exeter Road,Exmouth,Devon,EX8 3EA,50.63204961,-3.40989565,Southern Co-op Uberall API,,,,,,
SC-4705231,Southern Co-op,4705231,177.0,"The Co-operative Food Nailsea, Hannah More Road",2184060,6 Hannah More Road,Bristol,North Somerset,BS48 4RZ,51.42894492,-2.77669007,Southern Co-op Uberall API,,,,,,
SC-4705234,Southern Co-op,4705234,372.0,"The Co-operative Food Banwell, Knightcott Road",2184060,44 Knightcott Road,Banwell,North Somerset,BS29 6HF,51.3299748,-2.8760835,Southern Co-op Uberall API,,,,,,
SC-4705249,Southern Co-op,4705249,335.0,"The Co-operative Food Bridgwater, Stockmoor Road",2184060,Stockmoor Drive,Bridgwater,Somerset,TA6 6WU,51.10886899,-2.99955462,Southern Co-op Uberall API,,,,,,
SC-4705278,Southern Co-op,4705278,318.0,"The Co-operative Food Norton Fitzwarren, Morse Road",2184060,Morse Road,Taunton,Somerset,TA2 6DG,51.026274,-3.1488356,Southern Co-op Uberall API,,,,,,
SC-4705283,Southern Co-op,4705283,226.0,"The Co-operative Food Cotford St Luke, Graham Way",2184060,82 Graham Way,Taunton,Somerset,TA4 1HX,51.03929631,-3.18730048,Southern Co-op Uberall API,,,,,,
SC-4705307,Southern Co-op,4705307,192.0,"The Co-operative Food Portland, Weston Road",2184060,11B Weston Road,Portland,Dorset,DT5 2BY,50.54094144,-2.44447453,Southern Co-op Uberall API,,,,,,
SC-4705314,Southern Co-op,4705314,373.0,"The Co-operative Food Cranbrook, Younghayes Road",2184060,147 Younghayes Road,Exeter,Devon,EX5 7EA,50.7475484,-3.4154472,Southern Co-op Uberall API,,,,,,
SC-4705325,Southern Co-op,4705325,377.0,"The Co-operative Food Exmouth, Brixington Parade",2184060,Brixington Lane,Exmouth,Devon,EX8 4JS,50.63666109,-3.39135294,Southern Co-op Uberall API,,,,,,
SC-4705329,Southern Co-op,4705329,391.0,"The Co-operative Food Portishead, Port Marine",2184060,319 Newfoundland Way,Bristol,North Somerset,BS20 7QH,51.49098925,-2.75698079,Southern Co-op Uberall API,,,,,,
SC-4705352,Southern Co-op,4705352,405.0,"The Co-operative Food Burnham on Sea, Berrow Road",2184060,229 Berrow Road,Burnham-on-Sea,Somerset,TA8 2JQ,51.258503,-3.005368,Southern Co-op Uberall API,,,,,,
SC-4705359,Southern Co-op,4705359,409.0,"The Co-operative Food Weymouth, Chickerell Road",2184060,Chickerell Road,Weymouth,Dorset,DT4 0RA,50.60897862,-2.47990392,Southern Co-op Uberall API,,,,,,
SC-4705364,Southern Co-op,4705364,152.0,The Co-operative Food Bow,2184060,A3072,Crediton,Devon,EX17 6LA,50.8010782,-3.82621409,Southern Co-op Uberall API,,,,,,
SC-4705199,Southern Co-op,4705199,330.0,"The Co-operative Food Aldershot, Lower Farnham Road",2184061,222 Lower Farnham Road,Aldershot,Hampshire,GU12 4EN,51.23725112,-0.75200755,Southern Co-op Uberall API,,,,,,
SC-4705240,Southern Co-op,4705240,172.0,"The Co-operative Food Banstead, Nork Way",2184061,1 Nork Way,Banstead,Surrey,SM7 1PB,51.3282372,-0.2152736,Southern Co-op Uberall API,,,,,,
SC-4705289,Southern Co-op,4705289,319.0,"The Co-operative Food West Ewell, Ruxley Lane",2184061,138 Ruxley Lane,Epsom,Surrey,KT19 9JS,51.36392135,-0.2745555,Southern Co-op Uberall API,,,,,,
SC-4705301,Southern Co-op,4705301,326.0,The Co-operative Food Chobham,2184061,2 Bagshot Road,Chobham,Surrey,GU24 8BZ,51.3479806,-0.6043504,Southern Co-op Uberall API,,,,,,
SC-4705318,Southern Co-op,4705318,176.0,"The Co-operative Food Windsor, Arthur Road",2184061,72-74 Arthur Road,Windsor,Berkshire,SL4 1RX,51.4826026,-0.6153862,Southern Co-op Uberall API,,,,,,
SC-4705320,Southern Co-op,4705320,317.0,"The Co-operative Food Horsham, Guildford Road",2184061,Guildford Road,Horsham,West Sussex,RH12 1TR,51.0647645,-0.33779118,Southern Co-op Uberall API,,,,,,
SC-4705324,Southern Co-op,4705324,383.0,"The Co-operative Food Addlestone, Church Road",2184061,100-106 Church Road,Addlestone,Surrey,KT15 1SG,51.36952561,-0.49874258,Southern Co-op Uberall API,,,,,,
SC-4705331,Southern Co-op,4705331,370.0,"The Co-operative Food Reigate, London Road",2184061,61 London Road,Reigate,Surrey,RH2 9PR,51.24244412,-0.2053619,Southern Co-op Uberall API,,,,,,
SC-4705341,Southern Co-op,4705341,394.0,"The Co-operative Food Staines, Laleham Road",2184061,194a Laleham Road,Staines,Surrey,TW18 2PA,51.42071461,-0.49976955,Southern Co-op Uberall API,,,,,,
SC-4705348,Southern Co-op,4705348,384.0,"The Co-operative Food Addlestone, New Haw Road",2184061,210 New Haw Road,Addlestone,Surrey,KT15 2DS,51.3579204,-0.48692964,Southern Co-op Uberall API,,,,,,
SC-4705354,Southern Co-op,4705354,382.0,"The Co-operative Food Binfield, Forest Road",2184061,Forest Road,Binfield,Berkshire,RG42 4HP,51.43131057,-0.78978204,Southern Co-op Uberall API,,,,,,
SC-4705357,Southern Co-op,4705357,340.0,"The Co-operative Food Sidcup, The Oval",2184061,51 The Oval,Sidcup,Greater London,DA15 9ER,51.4455449,0.1031574,Southern Co-op Uberall API,,,,,,
SC-4705367,Southern Co-op,4705367,404.0,"The Co-operative Food Wimbledon, Ridgway",2184061,85 Ridgway,London,Greater London,SW19 4ST,51.4210276,-0.2202201,Southern Co-op Uberall API,,,,,,
SC-4705370,Southern Co-op,4705370,425.0,The Co-operative Food Wickhurst Square,2184061,Sargent Way,Horsham,West Sussex,RH12 3XS,51.06663683,-0.36391122,Southern Co-op Uberall API,,,,,,
SC-4969604,Southern Co-op,4969604,428.0,The Co-operative Woodbridge Road,2184061,45 Woodbridge Road,Surrey,Surrey,GU1 4RN,51.242884,-0.5758534,Southern Co-op Uberall API,,,,,,
SC-4705178,Southern Co-op,4705178,345.0,"The Co-operative Food Newbury, Pound Street",2184062,35 Pound Street,Newbury,Berkshire,RG14 6AE,51.3965234,-1.3289766,Southern Co-op Uberall API,,,,,,
SC-4705192,Southern Co-op,4705192,316.0,"The Co-operative Food Rooksdown, Limes Park",2184062,Greenlands Road,Basingstoke,Hampshire,RG24 9RD,51.2815336,-1.1199225,Southern Co-op Uberall API,,,,,,
SC-4705201,Southern Co-op,4705201,121.0,The Co-operative Food Overton,2184062,15 Winchester Street,Overton,Hampshire,RG25 3HR,51.2434147,-1.2627219,Southern Co-op Uberall API,,,,,,
SC-4705210,Southern Co-op,4705210,103.0,"The Co-operative Food Basingstoke, Kings Road",2184062,37-39 Kings Road,Basingstoke,Hampshire,RG22 6DJ,51.25708105,-1.11040445,Southern Co-op Uberall API,,,,,,
SC-4705214,Southern Co-op,4705214,95.0,"The Co-operative Food Beggarwood, Broadmere Road",2184062,57-58 Broadmere Road,Basingstoke,Hampshire,RG22 4AQ,51.22957097,-1.14212787,Southern Co-op Uberall API,,,,,,
SC-4705261,Southern Co-op,4705261,119.0,The Co-operative Food Stockbridge,2184062,High Street,Stockbridge,Hampshire,SO20 6EU,51.11403835,-1.49055775,Southern Co-op Uberall API,,,,,,
SC-4705267,Southern Co-op,4705267,307.0,"The Co-operative Food Winchester, City Road",2184062,16 City Road,Winchester,Hampshire,SO23 8SD,51.06677663,-1.31758962,Southern Co-op Uberall API,,,,,,
SC-4705295,Southern Co-op,4705295,107.0,The Co-operative Food Lambourn,2184062,4 High Street,Hungerford,Berkshire,RG17 8XL,51.50778979,-1.53123392,Southern Co-op Uberall API,,,,,,
SC-4705316,Southern Co-op,4705316,170.0,The Co-operative Food Shrewton,2184062,High Street,Salisbury,Wiltshire,SP3 4BU,51.1943949,-1.9030504,Southern Co-op Uberall API,,,,,,
SC-4705321,Southern Co-op,4705321,212.0,"The Co-operative Food Salisbury, Kelsey Road",2184062,10 Kelsey Road,Salisbury,Wiltshire,SP1 1JP,51.0709429,-1.7862498,Southern Co-op Uberall API,,,,,,
SC-4705335,Southern Co-op,4705335,110.0,The Co-operative Food Alresford,2184062,47 West Street,Alresford,Hampshire,SO24 9BT,51.0898246,-1.1639018,Southern Co-op Uberall API,,,,,,
SC-4705351,Southern Co-op,4705351,403.0,"The Co-operative Food Old Sarum, Crosier Close",2184062,1 Crosier Close,Old Sarum,Wiltshire,SP4 6GX,51.10105086,-1.7867971,Southern Co-op Uberall API,,,,,,
SC-4705358,Southern Co-op,4705358,408.0,"The Co-operative Food Newbury, Brummell Road",2184062,75 Brummell Road,Newbury,Berkshire,RG14 1SG,51.40833816,-1.33749625,Southern Co-op Uberall API,,,,,,
SC-4705368,Southern Co-op,4705368,427.0,"The Co-operative Food Basingstoke, Wallingford Road",2184062,2 Wallingford Road,Basingstoke,Hampshire,RG24 9QD,51.28400355,-1.09717492,Southern Co-op Uberall API,,,,,,
SC-4705371,Southern Co-op,4705371,426.0,The Co-operative Food Picket Twenty,2184062,Picket Twenty Way,Andover,Hampshire,SP11 6TY,51.20532536,-1.44284708,Southern Co-op Uberall API,,,,,,
SC-4705372,Southern Co-op,4705372,415.0,"The Co-operative Food Andover, East Anton Farm Road",2184062,East Anton Farm Road,Andover,Hampshire,SP11 6RD,51.22802632,-1.46647738,Southern Co-op Uberall API,,,,,,
SC-4700814,Southern Co-op,4700814,433.0,Welcome Ashurst,2184063,82 Lyndhurst Road,Southampton,Hampshire,SO40 7BE,50.8947314,-1.5175368,Southern Co-op Uberall API,,,,,,
SC-4700822,Southern Co-op,4700822,431.0,Welcome Marchwood,2184063,Marchwood Village Centre,Southampton,Hampshire,SO40 4SF,50.8908124,-1.4509552,Southern Co-op Uberall API,,,,,,
SC-4700836,Southern Co-op,4700836,434.0,Welcome Brockenhurst,2184063,62 Brookley Road,Brockenhurst,Hampshire,SO42 7RA,50.81923796,-1.5775637,Southern Co-op Uberall API,,,,,,
SC-4705180,Southern Co-op,4705180,171.0,"The Co-operative Food Bournemouth, Belle Vue Road",2184063,143 Belle Vue Road,Bournemouth,Dorset,BH6 3EN,50.7216571,-1.7971482,Southern Co-op Uberall API,,,,,,
SC-4705188,Southern Co-op,4705188,217.0,"The Co-operative Food Bearwood, King John Avenue",2184063,King John Avenue,Poole,Dorset,BH11 9TN,50.7676314,-1.9303024,Southern Co-op Uberall API,,,,,,
SC-4705190,Southern Co-op,4705190,219.0,"The Co-operative Food Creekmoor, Northmead Drive",2184063,Northmead Drive,Poole,Dorset,BH17 7XZ,50.7415267,-2.0033894,Southern Co-op Uberall API,,,,,,
SC-4705191,Southern Co-op,4705191,362.0,"The Co-operative Food Poole, Ringwood Road",2184063,25 Ringwood Road,Poole,Dorset,BH14 0RF,50.72956788,-1.96295226,Southern Co-op Uberall API,,,,,,
SC-4705195,Southern Co-op,4705195,239.0,"The Co-operative Food Bournemouth, Castle Lane",2184063,235 Castle Lane West,Bournemouth,Dorset,BH9 3LD,50.7547849,-1.857598,Southern Co-op Uberall API,,,,,,
SC-4705211,Southern Co-op,4705211,216.0,The Co-operative Food Alderholt,2184063,1 Ringwood Road,Fordingbridge,Dorset,SP6 3DF,50.9114768,-1.8371465,Southern Co-op Uberall API,,,,,,
SC-4705251,Southern Co-op,4705251,81.0,The Co-operative Food Milford,2184063,45 High Street,Lymington,Hampshire,SO41 0QG,50.7255269,-1.5884987,Southern Co-op Uberall API,,,,,,
SC-4705271,Southern Co-op,4705271,393.0,"The Co-operative Food Holbury, Long Lane",2184063,63 Long Lane,Southampton,Hampshire,SO45 2LG,50.8316592,-1.3804619,Southern Co-op Uberall API,,,,,,
SC-4705327,Southern Co-op,4705327,303.0,"The Co-operative Food Bournemouth, Madeira Road",2184063,Madeira Road,Bournemouth,Dorset,BH1 1QQ,50.7237796,-1.8674666,Southern Co-op Uberall API,,,,,,
SC-4705330,Southern Co-op,4705330,173.0,"The Co-operative Food Poole, Tatnam Road",2184063,147 Wimborne Road,Poole,Dorset,BH15 2BS,50.72497758,-1.97774415,Southern Co-op Uberall API,,,,,,
SC-4705332,Southern Co-op,4705332,380.0,"The Co-operative Food Wimborne, Wimborne Rd",2184063,Wimborne Road,Wimborne,Dorset,BH21 1NW,50.804969,-1.9877136,Southern Co-op Uberall API,,,,,,
SC-4705334,Southern Co-op,4705334,148.0,"The Co-operative Food Verwood, Ringwood Road",2184063,Ringwood Road,Verwood,Dorset,BH31 7AL,50.87868217,-1.86530762,Southern Co-op Uberall API,,,,,,
SC-4700827,Southern Co-op,4700827,429.0,Welcome Denvilles,2184064,40 Snowberry Crescent,Havant,Hampshire,PO9 2FE,50.8611556,-0.9625238,Southern Co-op Uberall API,,,,,,
SC-4705198,Southern Co-op,4705198,105.0,"The Co-operative Food Alton, High Street",2184064,34E High Street,Alton,Hampshire,GU34 1BD,51.1491574,-0.9753594,Southern Co-op Uberall API,,,,,,
SC-4705202,Southern Co-op,4705202,122.0,Co-op Food,2184064,14 White Dirt Lane,Waterlooville,Hampshire,PO8 0QL,50.93533525,-1.00057662,Southern Co-op Uberall API,,,,,,
SC-4705207,Southern Co-op,4705207,83.0,"The Co-operative Food Havant, Middle Park Way",2184064,13 Middle Park Way,Havant,Hampshire,PO9 4AB,50.8651127,-0.9999185,Southern Co-op Uberall API,,,,,,
SC-4705222,Southern Co-op,4705222,52.0,"The Co-operative Food Cowplain, London Road",2184064,83 London Road,Waterlooville,Hampshire,PO8 8XB,50.8952652,-1.0179336,Southern Co-op Uberall API,,,,,,
SC-4705223,Southern Co-op,4705223,351.0,The Co-operative Food Four Marks,2184064,30 Winchester Road,Alton,Hampshire,GU34 5HG,51.1130282,-1.0424739,Southern Co-op Uberall API,,,,,,
SC-4705224,Southern Co-op,4705224,365.0,The Co-operative Food Odiham,2184064,56 High Street,Odiham,Hampshire,RG29 1LN,51.2544488,-0.9384996,Southern Co-op Uberall API,,,,,,
SC-4705228,Southern Co-op,4705228,62.0,The Co-operative Food Denmead,2184064,Hambledon Road,Waterlooville,Hampshire,PO7 6NU,50.9040804,-1.0655378,Southern Co-op Uberall API,,,,,,
SC-4705232,Southern Co-op,4705232,90.0,"The Co-operative Food Havant, St Albans Road",2184064,55 Saint Albans Road,Havant,Hampshire,PO9 2JR,50.8626709,-0.9742487,Southern Co-op Uberall API,,,,,,
SC-4705237,Southern Co-op,4705237,66.0,"The Co-operative Food Wickham, The Square",2184064,4 The Square,Fareham,Hampshire,PO17 5JN,50.8992671,-1.1875641,Southern Co-op Uberall API,,,,,,
SC-4705242,Southern Co-op,4705242,78.0,"The Co-operative Food Liphook, Headley Road",2184064,64 Headley Road,Liphook,Hampshire,GU30 7NP,51.0803679,-0.8045245,Southern Co-op Uberall API,,,,,,
SC-4705257,Southern Co-op,4705257,357.0,The Co-operative Food Wrecclesham Wrecclesham Road,2184064,Wrecclesham Road,Farnham,Surrey,GU10 4PL,51.20172153,-0.81692884,Southern Co-op Uberall API,,,,,,
SC-4705277,Southern Co-op,4705277,392.0,"The Co-operative Food Purbrook, London Road",2184064,31 London Road,Waterlooville,Hampshire,PO7 5LG,50.86860056,-1.044454,Southern Co-op Uberall API,,,,,,
SC-4705286,Southern Co-op,4705286,150.0,"The Co-operative Food Whiteley, Yew Tree Drive",2184064,1 Yew Tree Drive,Fareham,Hampshire,PO15 7LB,50.8812175,-1.2669568,Southern Co-op Uberall API,,,,,,
SC-4705290,Southern Co-op,4705290,376.0,The Co-operative Food Rowledge,2184064,4 The Square,Farnham,Surrey,GU10 4AA,51.183135,-0.823406,Southern Co-op Uberall API,,,,,,
SC-4705247,Southern Co-op,4705247,88.0,The Co-operative Food Hawthorn Rd,2184065,152-156 Hawthorn Road,Bognor Regis,West Sussex,PO21 2UR,50.7897665,-0.6861345,Southern Co-op Uberall API,,,,,,
SC-4705256,Southern Co-op,4705256,321.0,"The Co-operative Food Chichester, Stockbridge Road",2184065,Stockbridge Road,Chichester,West Sussex,PO19 8QR,50.8241984,-0.7876146,Southern Co-op Uberall API,,,,,,
SC-4705260,Southern Co-op,4705260,49.0,The Co-operative Food Yapton,2184065,Main Road,Arundel,West Sussex,BN18 0EY,50.81939742,-0.61021009,Southern Co-op Uberall API,,,,,,
SC-4705263,Southern Co-op,4705263,342.0,"The Co-operative Food Chichester, Bognor Road",2184065,54 Bognor Road,Chichester,West Sussex,PO19 7TG,50.83370721,-0.76149499,Southern Co-op Uberall API,,,,,,
SC-4705270,Southern Co-op,4705270,352.0,"The Co-operative Food Chichester, Spitalfield Lane",2184065,Spitalfield Lane,Chichester,West Sussex,PO19 6SB,50.8410355,-0.7739646,Southern Co-op Uberall API,,,,,,
SC-4705275,Southern Co-op,4705275,320.0,"The Co-operative Food East Preston, Station Parade",2184065,Station Parade,Rustington,West Sussex,BN16 3AE,50.8158722,-0.4901444,Southern Co-op Uberall API,,,,,,
SC-4705299,Southern Co-op,4705299,91.0,"The Co-operative Food Bognor Regis, Rose Green Road",2184065,68 Rose Green Road,Bognor Regis,West Sussex,PO21 3EQ,50.7865857,-0.719355,Southern Co-op Uberall API,,,,,,
SC-4705304,Southern Co-op,4705304,309.0,"The Co-operative Food Chichester, Oliver Whitby Road",2184065,Oliver Whitby Road,Chichester,West Sussex,PO19 3LB,50.84206565,-0.79061128,Southern Co-op Uberall API,,,,,,
SC-4705305,Southern Co-op,4705305,93.0,The Co-operative Food Selsey,2184065,123-125 High Street,Chichester,West Sussex,PO20 0QB,50.7319104,-0.7916333,Southern Co-op Uberall API,,,,,,
SC-4705309,Southern Co-op,4705309,220.0,"The Co-operative Food Angmering, The Square",2184065,Water Ln,Littlehampton,West Sussex,BN16 4EA,50.82881314,-0.48397341,Southern Co-op Uberall API,,,,,,
SC-4705311,Southern Co-op,4705311,36.0,"The Co-operative Food Ferring, Ferring Street",2184065,74-78 Ferring Street,Ferring,West Sussex,BN12 5JP,50.8153477,-0.4468565,Southern Co-op Uberall API,,,,,,
SC-4705319,Southern Co-op,4705319,85.0,The Co-operative Food Wittering,2184065,Cakeham Road,East Wittering,West Sussex,PO20 8BL,50.7693622,-0.8730081,Southern Co-op Uberall API,,,,,,
SC-4705369,Southern Co-op,4705369,414.0,"The Co-operative Food Chichester, Lavant Road",2184065,Roman Fields,Chichester,West Sussex,PO19 5RD,50.8593048,-0.784188,Southern Co-op Uberall API,,,,,,
SC-5199578,Southern Co-op,5199578,436.0,Co-op Food,2184065,1 Steeplechase Way,Arundel,West Sussex,BN18 0UF,50.85379415,-0.651805572,Southern Co-op Uberall API,,,,,,
SC-4705212,Southern Co-op,4705212,73.0,"The Co-operative Food Crookhorn, The Precinct",2184066,8 Purbrook Chase Precinct,Waterlooville,Hampshire,PO7 5QH,50.8603469,-1.02948512,Southern Co-op Uberall API,,,,,,
SC-4705213,Southern Co-op,4705213,14.0,"The Co-operative Food Portsmouth, Copnor Road 331",2184066,331-333 Copnor Road,Portsmouth,Portsmouth,PO3 5EQ,50.8219844,-1.0654452,Southern Co-op Uberall API,,,,,,
SC-4705215,Southern Co-op,4705215,8.0,"The Co-operative Food Portsmouth, Tangier Road",2184066,28 Tangier Road,Portsmouth,Portsmouth,PO3 6JN,50.80860689,-1.06084649,Southern Co-op Uberall API,,,,,,
SC-4705217,Southern Co-op,4705217,247.0,"The Co-operative Food Portsmouth, Northern Parade",2184066,190 Northern Parade,Portsmouth,Portsmouth,PO2 9LU,50.830425,-1.0742044,Southern Co-op Uberall API,,,,,,
SC-4705230,Southern Co-op,4705230,328.0,"The Co-operative Food Southsea, Highland Road",2184066,84 Highland Road,Southsea,Portsmouth,PO4 9EZ,50.78662551,-1.06197197,Southern Co-op Uberall API,,,,,,
SC-4705236,Southern Co-op,4705236,89.0,The Co-operative Food Westbourne,2184066,The Square,Emsworth,West Sussex,PO10 8UE,50.8617824,-0.9263629,Southern Co-op Uberall API,,,,,,
SC-4705245,Southern Co-op,4705245,79.0,The Co-operative Food Emsworth,2184066,2 High Street,Emsworth,Hampshire,PO10 7AW,50.8472848,-0.9368563,Southern Co-op Uberall API,,,,,,
SC-4705246,Southern Co-op,4705246,323.0,"The Co-operative Food Drayton, Havant Road",2184066,192 Havant Road,Portsmouth,Portsmouth,PO6 2EH,50.84632745,-1.05025896,Southern Co-op Uberall API,,,,,,
SC-4705253,Southern Co-op,4705253,18.0,"The Co-operative Food Portsmouth, Twyford Avenue",2184066,236-238 Twyford Avenue,Portsmouth,Portsmouth,PO2 8NR,50.8193647,-1.0843145,Southern Co-op Uberall API,,,,,,
SC-4705262,Southern Co-op,4705262,69.0,"The Co-operative Food Portsmouth, Tregaron Avenue",2184066,48 Tregaron Avenue,Portsmouth,Portsmouth,PO6 2NE,50.84282147,-1.05404986,Southern Co-op Uberall API,,,,,,
SC-4705265,Southern Co-op,4705265,325.0,"The Co-operative Food Portsmouth, Western Road",2184066,Western Road,Portsmouth,Portsmouth,PO6 3FE,50.841127,-1.0822069,Southern Co-op Uberall API,,,,,,
SC-4705268,Southern Co-op,4705268,7.0,"The Co-operative Food Portsmouth, Eastney Road",2184066,161-167 Eastney Road,Southsea,Portsmouth,PO4 8EA,50.7907128,-1.0552408,Southern Co-op Uberall API,,,,,,
SC-4705292,Southern Co-op,4705292,19.0,"The Co-operative Food Portsmouth, New Road",2184066,154-158 New Road,Portsmouth,Portsmouth,PO2 7RJ,50.8090679,-1.0712582,Southern Co-op Uberall API,,,,,,
SC-4705297,Southern Co-op,4705297,96.0,"The Co-operative Food Bosham, Station Road",2184066,4 Station Road,Bosham,West Sussex,PO18 8NG,50.8418138,-0.8478006,Southern Co-op Uberall API,,,,,,
SC-4705303,Southern Co-op,4705303,246.0,The Co-operative Food Bosham,2184066,Delling Lane,Chichester,West Sussex,PO18 8NN,50.83962112,-0.8511128,Southern Co-op Uberall API,,,,,,
SC-4705313,Southern Co-op,4705313,339.0,"The Co-operative Food Southbourne, Main Road",2184066,261 Main Road,Emsworth,West Sussex,PO10 8JD,50.8454396,-0.9102776,Southern Co-op Uberall API,,,,,,
SC-4705345,Southern Co-op,4705345,76.0,The Co-operative Food Hayling Island,2184066,140 Elm Grove,Hayling Island,Hampshire,PO11 9EH,50.7936799,-0.976353,Southern Co-op Uberall API,,,,,,
SC-4700832,Southern Co-op,4700832,432.0,Welcome Stubbington,2184067,1 Cuckoo Lane,Fareham,Hampshire,PO14 3LJ,50.828489,-1.22052967,Southern Co-op Uberall API,,,,,,
SC-4705204,Southern Co-op,4705204,128.0,"The Co-operative Food Bridgemary, Gregson Avenue",2184067,84 Gregson Avenue,Gosport,Hampshire,PO13 0UP,50.82851782,-1.16998596,Southern Co-op Uberall API,,,,,,
SC-4705205,Southern Co-op,4705205,127.0,"The Co-operative Food Gosport, Forton Road 268",2184067,268 Forton Road,Gosport,Hampshire,PO12 3HW,50.803536,-1.1486366,Southern Co-op Uberall API,,,,,,
SC-4705206,Southern Co-op,4705206,305.0,"The Co-operative Food Portchester, White Hart Lane",2184067,242 White Hart Lane,Fareham,Hampshire,PO16 9AR,50.8434323,-1.1367712,Southern Co-op Uberall API,,,,,,
SC-4705219,Southern Co-op,4705219,129.0,"The Co-operative Food Gosport, Palmyra Road",2184067,58-66 Palmyra Road,Gosport,Hampshire,PO12 4EH,50.8086476,-1.1451836,Southern Co-op Uberall API,,,,,,
SC-4705239,Southern Co-op,4705239,126.0,"The Co-operative Food Lee on Solent, High Street",2184067,119-121 High Street,Lee-on-the-Solent,Hampshire,PO13 9BU,50.8014194,-1.2020477,Southern Co-op Uberall API,,,,,,
SC-4705243,Southern Co-op,4705243,37.0,The Co-operative Food Titchfield,2184067,44 The Square,Fareham,Hampshire,PO14 4AF,50.8492084,-1.2341422,Southern Co-op Uberall API,,,,,,
SC-4705248,Southern Co-op,4705248,207.0,"The Co-operative Food Carisbrooke, High Street",2184067,52 Carisbrooke High Street,Newport,Isle of Wight,PO30 1NR,50.69165471,-1.31248764,Southern Co-op Uberall API,,,,,,
SC-4705252,Southern Co-op,4705252,22.0,"The Co-operative Food Lee on Solent, Twyford Drive",2184067,Twyford Drive,Lee-on-the-Solen,Hampshire,PO13 8AT,50.8050516,-1.1923124,Southern Co-op Uberall API,,,,,,
SC-4705273,Southern Co-op,4705273,125.0,"The Co-operative Food Shanklin, Regent Street",2184067,42 Regent Street,Shanklin,Isle of Wight,PO37 7AA,50.6307882,-1.1784192,Southern Co-op Uberall API,,,,,,
SC-4705280,Southern Co-op,4705280,205.0,"The Co-operative Food Cowes, Mill Hill Road",2184067,155 Mill Hill Road,Cowes,Isle of Wight,PO31 7EL,50.7543925,-1.3021947,Southern Co-op Uberall API,,,,,,
SC-4705285,Southern Co-op,4705285,204.0,"The Co-operative Food Bembridge, Sherbourne Street",2184067,Sherborne Street,Bembridge,Isle of Wight,PO35 5SB,50.6911268,-1.0886952,Southern Co-op Uberall API,,,,,,
SC-4705306,Southern Co-op,4705306,210.0,"The Co-operative Food Gosport, Dartmouth Court",2184067,1 Dartmouth Court,Gosport,Hampshire,PO12 4BQ,50.8089203,-1.1328559,Southern Co-op Uberall API,,,,,,
SC-4705308,Southern Co-op,4705308,136.0,"The Co-operative Food Sandown, Avenue Road",2184067,132 Avenue Road,Sandown,Isle of Wight,PO36 9AN,50.6621003,-1.1519946,Southern Co-op Uberall API,,,,,,
SC-4705347,Southern Co-op,4705347,203.0,"The Co-operative Food Ryde, West Street",2184067,61-62 West Street,Ryde,Isle of Wight,PO33 2UH,50.7241846,-1.1670177,Southern Co-op Uberall API,,,,,,
SC-4705349,Southern Co-op,4705349,202.0,"The Co-operative Food Rookley, Main Road",2184067,Main Road,Ventnor,Isle of Wight,PO38 3NY,50.652906,-1.2792072,Southern Co-op Uberall API,,,,,,
SC-4705350,Southern Co-op,4705350,208.0,"The Co-operative Food Freshwater, Avenue Road",2184067,Avenue Road,Freshwater,Isle of Wight,PO40 9UU,50.6840381,-1.5295498,Southern Co-op Uberall API,,,,,,
SC-4705193,Southern Co-op,4705193,302.0,"The Co-operative Food Falmer, Bramber House",2184068,Refectory Road,Brighton,Brighton and Hove,BN1 9BJ,50.86772992,-0.08801159,Southern Co-op Uberall API,,,,,,
SC-4705194,Southern Co-op,4705194,356.0,"The Co-operative Food Eastbourne, Lindfield Road",2184068,Lindfield Road,Eastbourne,East Sussex,BN22 0AU,50.7997372,0.2661659,Southern Co-op Uberall API,,,,,,
SC-4705196,Southern Co-op,4705196,346.0,"The Co-operative Food Hove, Portland Road",2184068,272 Portland Road,Hove,Brighton and Hove,BN3 5QU,50.833956,-0.19172571,Southern Co-op Uberall API,,,,,,
SC-4705197,Southern Co-op,4705197,368.0,"The Co-operative Food Hove, Old Shoreham Road",2184068,Old Shoreham Road,Hove,Brighton and Hove,BN3 7EB,50.8389366,-0.1875864,Southern Co-op Uberall API,,,,,,
SC-4705208,Southern Co-op,4705208,363.0,"The Co-operative Food St Leonards, Battle Road 290",2184068,290 Battle Road,Hastings,East Sussex,TN37 7BA,50.8811339,0.5479516,Southern Co-op Uberall API,,,,,,
SC-4705244,Southern Co-op,4705244,308.0,The Co-operative Food Hove,2184068,130 Western Road,Hove,East Sussex,BN3 1DA,50.82545215,-0.1559683,Southern Co-op Uberall API,,,,,,
SC-4705250,Southern Co-op,4705250,361.0,"The Co-operative Food Burgess Hill, London Road",2184068,200 London Road,Burgess Hill,West Sussex,RH15 9RD,50.95621899,-0.13811699,Southern Co-op Uberall API,,,,,,
SC-4705282,Southern Co-op,4705282,379.0,"The Co-operative Food Lenham, Faversham Road",2184068,8 Faversham Road,Lenham,Kent,ME17 2PN,51.2378162,0.7188329,Southern Co-op Uberall API,,,,,,
SC-4705294,Southern Co-op,4705294,378.0,"The Co-operative Food Haywards Heath, Franklynn Road",2184068,104 Franklynn Road,Haywards Heath,West Sussex,RH16 4DN,50.9933478,-0.0958572,Southern Co-op Uberall API,,,,,,
SC-4705298,Southern Co-op,4705298,336.0,"The Co-operative Food Seasalter, Faversham Road",2184068,Faversham Road,Whitstable,Kent,CT5 4AX,51.3440445,1.0007737,Southern Co-op Uberall API,,,,,,
SC-4705302,Southern Co-op,4705302,355.0,"The Co-operative Food Burgess Hill, Junction Road",2184068,86 Junction Road,Burgess Hill,West Sussex,RH15 0JP,50.95851956,-0.12313005,Southern Co-op Uberall API,,,,,,
SC-4705333,Southern Co-op,4705333,389.0,"The Co-operative Food Eastbourne, Beatty Road",2184068,46 Beatty Road,Eastbourne,East Sussex,BN23 6DG,50.78545514,0.31840659,Southern Co-op Uberall API,,,,,,
SC-4705340,Southern Co-op,4705340,402.0,The Co-operative Food Minster,2184068,11 Monkton Road,Ramsgate,Kent,CT12 4EA,51.3348394,1.3128744,Southern Co-op Uberall API,,,,,,
SC-4705344,Southern Co-op,4705344,338.0,"The Co-operative Food Portslade, Abinger Road",2184068,103 Abinger Road,Brighton and Hove,Brighton and Hove,BN41 1SD,50.8357474,-0.2178892,Southern Co-op Uberall API,,,,,,
SC-4705346,Southern Co-op,4705346,344.0,The Co-operative Food Wadhurst,2184068,Sparrows Green Road,Wadhurst,East Sussex,TN5 6SJ,51.0663345,0.3330064,Southern Co-op Uberall API,,,,,,
SC-4705361,Southern Co-op,4705361,410.0,"The Co-operative Food Ashford, Loudon Way",2184068,Loudon Way,Ashford,Kent,TN23 3JJ,51.15401528,0.84639597,Southern Co-op Uberall API,,,,,,
SC-4705362,Southern Co-op,4705362,413.0,"The Co-operative Food Whitstable, Cromwell Road",2184068,134 Cromwell Road,Whitstable,Kent,CT5 2AA,51.3588394,1.0307289,Southern Co-op Uberall API,,,,,,
CG-108654-0000,Co-operative Group,108654-0000,8654.0,Torquay - Cadewell Lane,The Co-operative Group,90 Cadewell Lane,Torquay,Torbay,TQ2 7HP,50.4800256,-3.561935399999999,Co-op location-services API,Food,True,Shiphay,,False,False
CG-108666-0000,Co-operative Group,108666-0000,8666.0,Torquay - Barton Hill Road,The Co-operative Group,162 Barton Hill Road,Torquay,Torbay,TQ2 8HN,50.4916611,-3.5393484,Co-op location-services API,Lunar,True,Barton Hill Road,,False,False
CG-106982-0000,Co-operative Group,106982-0000,6982.0,Ipplepen - Fore Street,The Co-operative Group,Fore Street,Ipplepen,Devon,TQ12 5RH,50.4880003,-3.6423196,Co-op location-services API,Food,True,Ipplepen,,False,False
CG-108641-0000,Co-operative Group,108641-0000,8641.0,Kingsteignton - Rydon Acres,The Co-operative Group,Rydon Acres,Newton Abbot,Devon,TQ12 3YR,50.5542685,-3.5930027,Co-op location-services API,Food,True,Kingsteignton,,False,False
CG-103632-0000,Co-operative Group,103632-0000,3632.0,Newton Abbot - Hele Park,The Co-operative Group,Foxglove Close,Newton Abbot,Devon,TQ12 6JN,50.53695799997058,-3.644624921784109,Co-op location-services API,Food,True,Hele Park,,False,False
CG-108652-0000,Co-operative Group,108652-0000,8652.0,Torquay - Fore Street,The Co-operative Group,18A Fore Street,Torquay,Torbay,TQ1 4LY,50.4819563,-3.522792399999999,Co-op location-services API,Food,True,St Marychurch,,False,False
CG-108865-0000,Co-operative Group,108865-0000,8852.0,Torquay - Walnut Road,The Co-operative Group,Walnut Road,Torquay,Torbay,TQ2 6HP,50.463127,-3.5459142,Co-op location-services API,Food,True,Chelston,,False,False
CG-105222-0000,Co-operative Group,105222-0000,5222.0,Torquay - Roundhill Road,The Co-operative Group,18 Roundhill Road,Torquay,Torbay,TQ2 6TH,50.455192,-3.556858,Co-op location-services API,Lunar,True,Livermead,,False,False
CG-103704-0000,Co-operative Group,103704-0000,3704.0,Torquay - Torwood Street,The Co-operative Group,Torwood Street,Torquay,Torbay,TQ1 1DP,50.46154446699125,-3.522225108623054,Co-op location-services API,Food,True,,,False,False
CG-105430-0000,Co-operative Group,105430-0000,5430.0,Torquay - Ilsham Road,The Co-operative Group,5-7 Ilsham Road,Torquay,Torbay,TQ1 2JG,50.4667527,-3.5061614,Co-op location-services API,Food,True,Wellswood,,False,False
CG-106860-0000,Co-operative Group,106860-0000,6860.0,Teignmouth - Bank Street,The Co-operative Group,8 Bank Street,Teignmouth,Devon,TQ14 8AL,50.5461527,-3.4965436,Co-op location-services API,Food,True,,,False,False
CG-108813-0000,Co-operative Group,108813-0000,8813.0,Paignton - Foxhole Road,The Co-operative Group,Foxhole Road,Paignton,Torbay,TQ3 3SS,50.4402244,-3.5846818,Co-op location-services API,Food,True,,,False,False
CG-108655-0000,Co-operative Group,108655-0000,8655.0,Liverton - Trago Mills,The Co-operative Group,Liverton,Newton Abbot,Devon,TQ12 6JD,50.559122,-3.66272,Co-op location-services API,Food,True,,,False,False
CG-106988-0000,Co-operative Group,106988-0000,6988.0,Paignton - Palace Avenue,The Co-operative Group,60-66 Winner Street,Torquay,Torbay,TQ3 3EW,50.4355653,-3.5714004,Co-op location-services API,Food,True,Palace Avenue  Paignton,,False,False
CG-104787-0000,Co-operative Group,104787-0000,4787.0,Chudleigh - Market Way,The Co-operative Group,Market Way,Chudleigh,Devon,TQ13 0HL,50.6051851,-3.6012455,Co-op location-services API,Food,True,,,False,False
CG-109614-0000,Co-operative Group,109614-0000,9614.0,Paignton - Hookhills Road,The Co-operative Group,Hookhills Road,Paignton,Torbay,TQ4 7LY,50.4112606,-3.5656642,Co-op location-services API,Food,True,,,False,False
CG-105081-0000,Co-operative Group,105081-0000,5081.0,Bovey Tracey - Fore Street,The Co-operative Group,Fore Street,Newton Abbot,Devon,TQ13 9AF,50.5920518,-3.6754695,Co-op location-services API,Food,True,Bovey Tracey,,False,False
CG-106247-0000,Co-operative Group,106247-0000,6247.0,Ashburton - Eastern Road,The Co-operative Group,Eastern Road,Ashburton,Devon,TQ13 7FL,50.520029444444,-3.745932777778,Co-op location-services API,Food,True,,,False,False
CG-106874-0000,Co-operative Group,106874-0000,6874.0,Dawlish - The Strand,The Co-operative Group,4 The Strand,Dawlish,Devon,EX7 9PS,50.581211,-3.4669493,Co-op location-services API,Food,True,,,False,False
CG-109627-0000,Co-operative Group,109627-0000,9627.0,Ashburton - North Street,The Co-operative Group,10 North Street,Ashburton,Devon,TQ13 7QD,50.5157828,-3.756335399999999,Co-op location-services API,Food,True,,,False,False
CG-108668-0000,Co-operative Group,108668-0000,8668.0,Brixham - Fore Street,The Co-operative Group,75 Fore Street,Brixham,Torbay,TQ5 8AG,50.3954228,-3.512881,Co-op location-services API,Food,True,Brixham,,False,False
CG-108669-0000,Co-operative Group,108669-0000,8669.0,Brixham - Great Rea,The Co-operative Group,16 Great Rea,Brixham,Torbay,TQ5 9SW,50.39419919999999,-3.507753,Co-op location-services API,Food,True,Brixham,,False,False
CG-108670-0000,Co-operative Group,108670-0000,8670.0,Buckfastleigh - Chapel Street,The Co-operative Group,33 Chapel Street,Buckfastleigh,Devon,TQ11 0AB,50.4812972,-3.7794914,Co-op location-services API,Food,True,Buckfastleigh,,False,False
CG-109634-0000,Co-operative Group,109634-0000,9634.0,Exmouth - Magnolia Walk,The Co-operative Group,3 Magnolia Walk,Exmouth,Devon,EX8 1HB,50.6194898,-3.412466599999999,Co-op location-services API,Food,True,,,False,False
CG-109619-0000,Co-operative Group,109619-0000,9619.0,Dartmouth - Fairfax Place,The Co-operative Group,19-20 Fairfax Place,Dartmouth,Devon,TQ6 9AB,50.35066570000001,-3.578122899999999,Co-op location-services API,Food,True,,,False,False
CG-105811-0000,Co-operative Group,105811-0000,5811.0,Exmouth - Littleham Road,The Co-operative Group,8-10 Littleham Road,Exmouth,Devon,EX8 2QG,50.6243942,-3.388612599999999,Co-op location-services API,Food,True,Littleham Cross,,False,False
CG-106970-0000,Co-operative Group,106970-0000,6970.0,South Brent - Church Street,The Co-operative Group,3-5 Church Street,South Brent,Devon,TQ10 9AB,50.4265175,-3.834845099999999,Co-op location-services API,Food,True,,,False,False
CG-107656-0000,Co-operative Group,107656-0000,7656.0,Topsham - Fore Street,The Co-operative Group,15 Fore Street,Exeter,Devon,EX3 0HF,50.68367800000001,-3.4655307,Co-op location-services API,Food,True,Topsham,,False,False
CG-108644-0000,Co-operative Group,108644-0000,8644.0,Moretonhampstead - Court St,The Co-operative Group,Court Street,Mortonhampstead,Devon,TQ13 8NE,50.6608057,-3.7658764,Co-op location-services API,Food,True,Moretonhampstead,,False,False
CG-105974-0000,Co-operative Group,105974-0000,5974.0,Budleigh Salterton - High Street,The Co-operative Group,21-23 High Street,Budleigh Salterton,Devon,EX9 6LD,50.6293623,-3.3265389,Co-op location-services API,Food,True,,,False,False
CG-109626-0000,Co-operative Group,109626-0000,9626.0,Exeter - Cowick Street,The Co-operative Group,Cowick Street,Exeter,Devon,EX4 1AJ,50.7172649,-3.5409588,Co-op location-services API,Food,True,,,False,False
CG-105835-0000,Co-operative Group,105835-0000,5835.0,Exeter - Haven Road,The Co-operative Group,Haven Road,Exeter,Devon,EX2 8BP,50.7170256,-3.5354058,Co-op location-services API,Lunar,True,Shooting Marsh Stile,,False,False
CG-109629-0000,Co-operative Group,109629-0000,9629.0,Exeter - Fore Street,The Co-operative Group,61-63 Fore Street,Exeter,Devon,EX1 2RJ,50.7214744,-3.5047542,Co-op location-services API,Food,True,Heavitree,,False,False
CG-107831-0000,Co-operative Group,107831-0000,7831.0,Exeter - Queen Street,The Co-operative Group,37-39 Queen Street,Exeter,Devon,EX4 3SR,50.7267032,-3.5349554,Co-op location-services API,Food,True,,,False,False
CG-103662-0000,Co-operative Group,103662-0000,3662.0,Exeter - Belgrave Road,The Co-operative Group,3a Belgrave Road,Exeter,Devon,EX1 2LB,50.726226944444,-3.522885555556,Co-op location-services API,Food,True,,,False,False
CG-104962-0000,Co-operative Group,104962-0000,4962.0,Exeter - Pennsylvania Road,The Co-operative Group,15 Pennsylvania Road,Exeter,Devon,EX4 6BP,50.73089039999999,-3.5257182,Co-op location-services API,Food,True,,,False,False
CG-105619-0000,Co-operative Group,105619-0000,5619.0,Exeter - Old Tiverton Road,The Co-operative Group,Old Tiverton Road,Exeter,Devon,EX4 6LG,50.73154,-3.518674,Co-op location-services API,Food,True,,,False,False
CG-109624-0000,Co-operative Group,109624-0000,9624.0,Ivybridge - Glanvilles Mill,The Co-operative Group,14 Glanvilles Mill,Ivybridge,Devon,PL21 9PS,50.3891026,-3.9206227,Co-op location-services API,Food,True,Shopping Precinct,,False,False
CG-105622-0000,Co-operative Group,105622-0000,5622.0,Exeter - Coaker Road,The Co-operative Group,Coaker Road,Exeter,Devon,EX1 3HU,50.746011,-3.462093,Co-op location-services API,Food,True,West Clyst,,False,False
CG-108671-0000,Co-operative Group,108671-0000,8671.0,Modbury - Broad Street,The Co-operative Group,Broad Street,Ivybridge,Devon,PL21 0PY,50.3489764,-3.885949699999999,Co-op location-services API,Food,True,Modbury,,False,False
CG-106974-0000,Co-operative Group,106974-0000,6974.0,Ivybridge - Abbots Road,The Co-operative Group,Abbots Rd,Ivybridge,Devon,PL21 9TF,50.3925059,-3.9388753,Co-op location-services API,Food,True,,,False,False
CG-109632-0000,Co-operative Group,109632-0000,9632.0,Sidmouth - High Street,The Co-operative Group,78 High Street,Sidmouth,Devon,EX10 8EQ,50.6814042,-3.237550799999999,Co-op location-services API,Food,True,,,False,False
CG-105259-0000,Co-operative Group,105259-0000,5259.0,Salcombe - Gould Road,The Co-operative Group,Gould Road,Salcombe,Devon,TQ8 8FN,50.23991,-3.77042,Co-op location-services API,Food,True,,,False,False
CG-108658-0000,Co-operative Group,108658-0000,8658.0,Yelverton - Moorland Villas,The Co-operative Group,4 Moorland Villas,Yelverton,Devon,PL20 6DT,50.4917358,-4.0853584,Co-op location-services API,Food,True,,,False,False
CG-108650-0000,Co-operative Group,108650-0000,8650.0,Plympton - The Ridgeway,The Co-operative Group,The Ridgeway,Plymouth,Plymouth,PL7 2AW,50.3879856,-4.0540215,Co-op location-services API,Food,True,Plympton,,False,False
CG-106976-0000,Co-operative Group,106976-0000,6976.0,Plympton - Glen Road,The Co-operative Group,98 Glen Road,Plymouth,Plymouth,PL7 2DE,50.3880412,-4.054113,Co-op location-services API,Food,True,Plympton,,False,False
CG-106981-0000,Co-operative Group,106981-0000,6981.0,Elburton - Springfield Road,The Co-operative Group,42 Springfield Road,Plymouth,Plymouth,PL9 8EN,50.35895349999999,-4.065633299999999,Co-op location-services API,Food,True,Elburton,,False,False
CG-106978-0000,Co-operative Group,106978-0000,6978.0,Newton Ferrers - Newton Hill,The Co-operative Group,1 Newton Hill,Plymouth,Devon,PL8 1BG,50.31465619999999,-4.0393833,Co-op location-services API,Food,True,Newton Ferrers,,False,False
CG-106995-0000,Co-operative Group,106995-0000,6995.0,Plymouth - Austin Crescent,The Co-operative Group,2 Austin Crescent,Plymouth,Plymouth,PL6 5QA,50.4023644,-4.1081243,Co-op location-services API,Lunar,True,Eggbuckland,,False,False
CG-109644-0000,Co-operative Group,109644-0000,9644.0,Okehampton - Market Street,The Co-operative Group,Market Street,Okehampton,Devon,EX20 1HN,50.7401584,-4.0047999,Co-op location-services API,Food,True,,,False,False
CG-105330-0000,Co-operative Group,105330-0000,5330.0,Plymouth - Frogmore Avenue,The Co-operative Group,Frogmore Avenue,Plymouth,Plymouth,PL6 5XH,50.3958181,-4.1091187,Co-op location-services API,Food,True,Eggbuckland,,False,False
CG-108657-0000,Co-operative Group,108657-0000,8657.0,Plymouth - Torridge Way,The Co-operative Group,41 Torridge Way,Plymouth,Plymouth,PL3 6JG,50.388576,-4.1101171,Co-op location-services API,Lunar,True,Efford,,False,False
CG-109643-0000,Co-operative Group,109643-0000,9643.0,Tavistock - Brook Street,The Co-operative Group,Brook Street,Tavistock,Devon,PL19 0BJ,50.5519204,-4.1418922,Co-op location-services API,Food,True,,,False,False
CG-106977-0000,Co-operative Group,106977-0000,6977.0,Tavistock - Market Street,The Co-operative Group,Market Street,Tavistock,Devon,PL19 0DB,50.5506357,-4.1464577,Co-op location-services API,Food,True,Tavistock,,False,False
CG-106972-0000,Co-operative Group,106972-0000,6972.0,Crownhill - Morshead Road,The Co-operative Group,27 Morshead Road,Plymouth,Plymouth,PL6 5AD,50.40785830000001,-4.13278,Co-op location-services API,Food,True,Crownhill,,False,False
CG-108664-0000,Co-operative Group,108664-0000,8664.0,Plymouth - Salisbury Road,The Co-operative Group,56 Salisbury Road,Plymouth,Plymouth,PL4 8SY,50.3759066,-4.122841,Co-op location-services API,Food,True,Salisbury Road  St Judes,,False,False
CG-106997-0000,Co-operative Group,106997-0000,6997.0,Plymouth - Embankment Road,The Co-operative Group,38-40 Embankment Road,Plymouth,Plymouth,PL4 9HY,50.3703503,-4.122225000000001,Co-op location-services API,Food,True,Prince Rock,,False,False
CG-108659-0000,Co-operative Group,108659-0000,8659.0,Plymouth - Whitleigh Green,The Co-operative Group,45 Whitleigh Green,Plymouth,Plymouth,PL5 4DE,50.4184535,-4.149996799999999,Co-op location-services API,Food,True,Whitleigh,,False,False
CG-109615-0000,Co-operative Group,109615-0000,9615.0,Plymouth - Mutley Plain,The Co-operative Group,54-56 Mutley Plain,Plymouth,Plymouth,PL4 6LF,50.3826666,-4.1343627,Co-op location-services API,Food,True,Mutley Plain,,False,False
CG-108656-0000,Co-operative Group,108656-0000,8656.0,Plymouth - Peverell Park Road,The Co-operative Group,2 Peverell Park Road,Plymouth,Plymouth,PL3 4NA,50.3870093,-4.1388572,Co-op location-services API,Food,True,Peverell,,False,False
CG-108672-0000,Co-operative Group,108672-0000,8672.0,Plymouth - Regent Street,The Co-operative Group,10 Regent Street,Plymouth,Plymouth,PL4 8BE,50.3736279,-4.135681899999999,Co-op location-services API,Food,True,,,False,False
CG-106984-0000,Co-operative Group,106984-0000,6984.0,Plymouth - Beacon Park,The Co-operative Group,288-296 Beacon Park,Plymouth,Plymouth,PL2 3LU,50.395354,-4.1500881,Co-op location-services API,Food,True,Beacon Park,,False,False
CG-108678-0000,Co-operative Group,108678-0000,8678.0,Plymouth - Hoegate Street,The Co-operative Group,8 Hoegate St,Plymouth,Plymouth,PL1 2JB,50.3681013,-4.138836299999999,Co-op location-services API,Food,True,,,False,False
CG-106985-0000,Co-operative Group,106985-0000,6985.0,Bere Alston - Fore Street,The Co-operative Group,10 Fore Street,Yelverton,Devon,PL20 7AD,50.48027889999999,-4.189615599999999,Co-op location-services API,Lunar,True,Bere Alston,,False,False
CG-108651-0000,Co-operative Group,108651-0000,8651.0,Plymouth - Wilton Street,The Co-operative Group,89 Wilton Street,Plymouth,Plymouth,PL1 5LU,50.3765061,-4.1569651,Co-op location-services API,Food,True,Millbridge,,False,False
CG-108674-0000,Co-operative Group,108674-0000,8674.0,Ernesettle - Hornchurch Road,The Co-operative Group,34 Hornchurch Road,Plymouth,Plymouth,PL5 2TG,50.4188716,-4.1783961,Co-op location-services API,Food,True,Ernesettle,,False,False
CG-106996-0000,Co-operative Group,106996-0000,6996.0,Plymouth - Wolseley Close,The Co-operative Group,Wolseley Close,Plymouth,Plymouth,PL2 3BY,50.3884527,-4.1661833,Co-op location-services API,Food,True,Ford,,False,False
CG-106980-0000,Co-operative Group,106980-0000,6980.0,Plymouth - Devonport Road,The Co-operative Group,36-40 Devonport Road,Plymouth,Plymouth,PL3 4DH,50.3812969,-4.1653003,Co-op location-services API,Food,True,Stoke,,False,False
CG-108665-0000,Co-operative Group,108665-0000,8665.0,Devonport - Albert Road,The Co-operative Group,154-158 Albert Road,Plymouth,Plymouth,PL2 1AQ,50.378863,-4.174428,Co-op location-services API,Food,True,Devonport,,False,False
CG-108642-0000,Co-operative Group,108642-0000,8642.0,St Budeaux - Victoria Road,The Co-operative Group,2 Victoria Road,Plymouth,Plymouth,PL5 1RQ,50.40245599999999,-4.186966899999999,Co-op location-services API,Food,True,St Budeaux,,False,False
CG-106994-0000,Co-operative Group,106994-0000,6994.0,Devonport - Duke Street,The Co-operative Group,8 George Street,Plymouth,Plymouth,PL1 4HN,50.3738903,-4.179084899999999,Co-op location-services API,Food,True,Devonport,,False,False
CG-104259-0000,Co-operative Group,104259-0000,4259.0,Willand - Mid Devon Business Park,The Co-operative Group,Mid Devon Business Park,Cullompton,Devon,EX15 2QW,50.89349,-3.36828,Co-op location-services API,Food,True,Willand,,False,False
CG-108646-0000,Co-operative Group,108646-0000,8646.0,Torpoint - Fore Street,The Co-operative Group,53 Fore Street,Torpoint,Cornwall,PL11 2AD,50.3754374,-4.1954361,Co-op location-services API,Food,True,,,False,False
CG-106732-0000,Co-operative Group,106732-0000,6732.0,Saltash - Fore Street,The Co-operative Group,51-59 Fore Street,Saltash,Cornwall,PL12 6AL,50.4085198,-4.211305600000001,Co-op location-services API,Food,True,,,False,False
CG-106998-0000,Co-operative Group,106998-0000,6998.0,Millbrook - West Street,The Co-operative Group,97 West Street,Torpoint,Cornwall,PL10 1AF,50.3476035,-4.2179741,Co-op location-services API,Food,True,Millbrook,,False,False
CG-105862-0000,Co-operative Group,105862-0000,5862.0,Hatherleigh - Bridge Street,The Co-operative Group,24 Bridge Street,Okehampton,Devon,EX20 3HY,50.82033819999999,-4.0725776,Co-op location-services API,Food,True,Hatherleigh,,False,False
CG-106237-0000,Co-operative Group,106237-0000,6237.0,Axminster - Lyme Street,The Co-operative Group,Lyme Street,Axminster,Devon,EX13 5AT,50.782171944444,-2.997637777778,Co-op location-services API,Food,True,,,False,False
CG-109642-0000,Co-operative Group,109642-0000,9642.0,Launceston - Broad Street,The Co-operative Group,12-14 Broad Street,Launceston,Cornwall,PL15 8AE,50.6370811,-4.3608175,Co-op location-services API,Food,True,,,False,False
CG-105881-0000,Co-operative Group,105881-0000,5881.0,Launceston - Newport Ind Est,The Co-operative Group,Newport Industrial Estate,Launceston,Cornwall,PL15 8EX,50.6414966,-4.3620426,Co-op location-services API,Food,True,,,False,False
CG-109653-0000,Co-operative Group,109653-0000,9653.0,Wellington - Fore Street,The Co-operative Group,4-6 Fore Street,Wellington,Somerset,TA21 8AQ,50.9781595,-3.2276187,Co-op location-services API,Food,True,,,False,False
CG-105990-0000,Co-operative Group,105990-0000,5990.0,Dulverton - Fore Street,The Co-operative Group,Doone House,Dulverton,Somerset,TA22 9EX,51.0403182,-3.5506569,Co-op location-services API,Food,True,Fore Street,,False,False
CG-104776-0000,Co-operative Group,104776-0000,4776.0,Wiveliscombe - The Square,The Co-operative Group,The Square,Taunton,Somerset,TA4 2JT,51.0421595,-3.3126622,Co-op location-services API,Food,True,Wiveliscombe,,False,False
CG-105901-0000,Co-operative Group,105901-0000,5901.0,Liskeard - Barras Street,The Co-operative Group,Barras Street,Liskeard,Cornwall,PL14 6AD,50.4542226,-4.4653395,Co-op location-services API,Food,True,,,False,False
CG-109640-0000,Co-operative Group,109640-0000,9640.0,Great Torrington - South Street,The Co-operative Group,22 South Street,Torrington,Devon,EX38 8AA,50.9514435,-4.143558899999999,Co-op location-services API,Food,True,,,False,False
CG-104659-0000,Co-operative Group,104659-0000,4659.0,Holsworthy - Stanhope Square,The Co-operative Group,5-6 Stanhope Square,Holsworthy,Devon,EX22 6AP,50.8094929,-4.3529791,Co-op location-services API,Food,True,,,False,False
CG-109607-0000,Co-operative Group,109607-0000,9607.0,Looe - Fore Street,The Co-operative Group,Fore Street,Looe,Cornwall,PL13 1AD,50.354229,-4.454015,Co-op location-services API,Food,True,,,False,False
CG-104690-0000,Co-operative Group,104690-0000,4690.0,Bridport - Sea Road North,The Co-operative Group,Sea Road North,Bridport,Dorset,DT6 4RR,50.738318,-2.746406,Co-op location-services API,Food,True,,,False,False
CG-105802-0000,Co-operative Group,105802-0000,5802.0,Ilminster - Cornhill,The Co-operative Group,Cornhill,Ilminster,Somerset,TA19 0AH,50.926988,-2.909759,Co-op location-services API,Food,True,The Square  Cornhill,,False,False
CG-106698-0000,Co-operative Group,106698-0000,6698.0,Taunton - Cheddon Road,The Co-operative Group,169 Cheddon Road,Taunton,Somerset,TA2 7AH,51.0297315,-3.1013041,Co-op location-services API,Food,True,,,False,False
CG-104652-0000,Co-operative Group,104652-0000,4652.0,Bishops Lydeard - Church Street,The Co-operative Group,4 Church Street,Taunton,Somerset,TA4 3AT,51.0604586,-3.188385,Co-op location-services API,Food,True,Bishops Lydeard,,False,False
CG-106680-0000,Co-operative Group,106680-0000,6680.0,Taunton - Priorswood Place,The Co-operative Group,6-8 Priorswood Place,Taunton,Somerset,TA2 7JW,51.0326977,-3.0945342,Co-op location-services API,Food,True,Eastwick Road,,False,False
CG-104815-0000,Co-operative Group,104815-0000,4815.0,Beaminster - The Square,The Co-operative Group,23 The Square,Beaminster,Dorset,DT8 3AU,50.8088549,-2.7393944,Co-op location-services API,Food,True,,,False,False
CG-105121-0000,Co-operative Group,105121-0000,5121.0,Monkton Heath - School Road,The Co-operative Group,School Road,Taunton,Somerset,TA2 8PB,51.0361217,-3.062231,Co-op location-services API,Food,True,Monkton Heathfield,,False,False
CG-109639-0000,Co-operative Group,109639-0000,9639.0,Bideford - Mill Street,The Co-operative Group,62-63 Mill Street,Bideford,Devon,EX39 2JT,51.0183875,-4.205884599999999,Co-op location-services API,Food,True,Town Centre,,False,False
CG-106983-0000,Co-operative Group,106983-0000,6983.0,Barnstaple - St Georges Road,The Co-operative Group,23 St Georges Road,Barnstaple,Devon,EX32 7AU,51.0855718,-4.051486899999999,Co-op location-services API,Food,True,,,False,False
CG-153786-0000,Co-operative Group,153786-0000,3786.0,Fremington - Higher Road,The Co-operative Group,2 Higher Road,Barnstaple,Devon,EX31 3BG,51.071989,-4.125876,Co-op location-services API,Food,True,Fremington,,False,False
CG-107930-0000,Co-operative Group,107930-0000,7930.0,South Petherton - St James Street,The Co-operative Group,4 St James Street,South Petherton,Somerset,TA13 5BS,50.9485344,-2.8078808,Co-op location-services API,Food,True,,,False,False
CG-104646-0000,Co-operative Group,104646-0000,4646.0,Williton - Fore Street,The Co-operative Group,25 Fore Street,Taunton,Somerset,TA4 4PX,51.16133849999999,-3.321394799999999,Co-op location-services API,Food,True,Williton,,False,False
CG-104714-0000,Co-operative Group,104714-0000,4714.0,Bude - Burn View Road,The Co-operative Group,Burn View Road,Bude,Cornwall,EX23 8AU,50.830185,-4.542147,Co-op location-services API,Food,True,,,False,False
CG-106878-0000,Co-operative Group,106878-0000,6878.0,Watchet - Liddymore Road,The Co-operative Group,57 Liddymore Road,Watchet,Somerset,TA23 0DR,51.1786588,-3.325610799999999,Co-op location-services API,Food,True,,,False,False
CG-104251-0000,Co-operative Group,104251-0000,4251.0,Kilkhampton - Kilkhampton Road,The Co-operative Group,Off A39,Bude,Cornwall,EX23 9QN,50.8311547,-4.5456411,Co-op location-services API,Food,True,Kilkhampton,,False,False
CG-106640-0000,Co-operative Group,106640-0000,6640.0,Watchet - Swain Street,The Co-operative Group,42-43 Swain St,Watchet,Somerset,TA23 0AE,51.1819089,-3.3303542,Co-op location-services API,Lunar,True,,,False,False
CG-104565-0000,Co-operative Group,104565-0000,4565.0,Minehead - Alcombe Road,The Co-operative Group,57 Alcombe Road,Minehead,Somerset,TA24 6BB,51.197631,-3.468324599999999,Co-op location-services API,Food,True,Alcombe,,False,False
CG-107259-0000,Co-operative Group,107259-0000,7259.0,Martock - North Street,The Co-operative Group,The Martock Centre,Martock,Somerset,TA12 6DL,50.9715103,-2.7658341,Co-op location-services API,Food,True,North Street,,False,False
CG-105931-0000,Co-operative Group,105931-0000,5931.0,Lostwithiel - Quay Street,The Co-operative Group,Quay Street,Lostwithiel,Cornwall,PL22 0BS,50.4066907,-4.6681085,Co-op location-services API,Food,True,,,False,False
CG-109638-0000,Co-operative Group,109638-0000,9638.0,Braunton - Exeter Road,The Co-operative Group,Exeter Road,Braunton,Devon,EX33 2JL,51.1077245,-4.161048,Co-op location-services API,Food,True,,,False,False
CG-105979-0000,Co-operative Group,105979-0000,5979.0,Stoke sub Hamdon - Montacute Road,The Co-operative Group,115 Montacute Road,Yeovil,Somerset,TA14 6UQ,50.9531591,-2.7292696,Co-op location-services API,Food,True,Stoke sub Hamdon,,False,False
CG-105434-0000,Co-operative Group,105434-0000,5434.0,Weymouth - Chickerell Road,The Co-operative Group,396 Chickerell Road,Weymouth,Dorset,DT4 9TP,50.6122756,-2.4914059,Co-op location-services API,Food,True,,,False,False
CG-156450-0000,Co-operative Group,156450-0000,6450.0,Fowey - Polvillion Rd,The Co-operative Group,Polvillion Road,Fowey,Cornwall,PL23 1HJ,50.338489722222,-4.654311388889,Co-op location-services API,Food,True,,,False,False
CG-104743-0000,Co-operative Group,104743-0000,4743.0,Camelford - High Street,The Co-operative Group,1 High Street,Camelford,Cornwall,PL32 9PQ,50.6202319,-4.6798487,Co-op location-services API,Food,True,,,False,False
CG-106054-0000,Co-operative Group,106054-0000,6054.0,Camelford - Highfield Road,The Co-operative Group,Highfield Road,Camelford,Cornwall,PL32 9RA,50.618150555556,-4.685246111111,Co-op location-services API,Food,True,,,False,False
CG-103661-0000,Co-operative Group,103661-0000,3661.0,Weymouth - Buxton Road,The Co-operative Group,10 Buxton Road,Weymouth,Dorset,DT4 9PF,50.60040016238284,-2.459532385941452,Co-op location-services API,Lunar,True,,,False,False
CG-109651-0000,Co-operative Group,109651-0000,9651.0,Bridgwater - The Redgate Centre,The Co-operative Group,The Redgate Centre,Bridgwater,Somerset,TA6 5BJ,51.126025,-2.9866709,Co-op location-services API,Food,True,Weston Zoyland Road,,False,False
CG-104955-0000,Co-operative Group,104955-0000,4955.0,Portland - Fortuneswell,The Co-operative Group,83 Fortuneswell,Portland,Dorset,DT5 1LY,50.5599342,-2.4433559,Co-op location-services API,Food,True,,,False,False
CG-106896-0000,Co-operative Group,106896-0000,6896.0,Bridgwater - Mountbatten Way,The Co-operative Group,2-5 Mountbatten Way,Bridgwater,Somerset,TA6 4RA,51.1311099,-2.982837,Co-op location-services API,Food,True,Parkway,,False,False
CG-105141-0000,Co-operative Group,105141-0000,5141.0,Par - Par Green,The Co-operative Group,107 Par Green,Par,Cornwall,PL24 2AG,50.35169,-4.700285900000001,Co-op location-services API,Food,True,,,False,False
CG-104900-0000,Co-operative Group,104900-0000,4900.0,Portland - Easton Square,The Co-operative Group,36-37 Easton Square,Portland,Dorset,DT5 1BY,50.5456235,-2.4359086,Co-op location-services API,Lunar,True,,,False,False
CG-109610-0000,Co-operative Group,109610-0000,9610.0,St Blazey - Middleway Road,The Co-operative Group,Middleway Road,Par,Cornwall,PL24 2JH,50.3571353,-4.7148428,Co-op location-services API,Food,True,St Blazey,,False,False
CG-107978-0000,Co-operative Group,107978-0000,7978.0,Yeovil - Stiby Road,The Co-operative Group,72 Stiby Road,Yeovil,Somerset,BA21 3EG,50.9513013,-2.648056,Co-op location-services API,Food,True,Westfield,,False,False
CG-156168-0000,Co-operative Group,156168-0000,6168.0,Combe Martin - Castle Street,The Co-operative Group,Castle Street,Combe Martin,Devon,EX34 0JE,51.19709438,-4.020598474,Co-op location-services API,Food,True,,,False,False
CG-104386-0000,Co-operative Group,104386-0000,4386.0,Yeovil - St Michaels Avenue,The Co-operative Group,176 St. Michaels Avenue,Yeovil,Somerset,BA21 4LX,50.95119,-2.62181,Co-op location-services API,Food,True,,,False,False
CG-109670-0000,Co-operative Group,109670-0000,9670.0,Dorchester - Trinity Square,The Co-operative Group,Trinity Square,Dorchester,Dorset,DT1 1TT,50.713234,-2.438644,Co-op location-services API,Food,True,Wadham,,False,False
CG-153781-0000,Co-operative Group,153781-0000,3781.0,Somerton - Brunel Centre,The Co-operative Group,Brunel Shopping Precinct,Somerton,Somerset,TA11 7PY,51.054146,-2.730306,Co-op location-services API,Food,True,,,False,False
CG-105221-0000,Co-operative Group,105221-0000,5221.0,Woolavington - Woolavington Hill,The Co-operative Group,42 Woolavington Hill,Bridgwater,Somerset,TA7 8HQ,51.162787,-2.937176,Co-op location-services API,Food,True,Woolavington,,False,False
CG-109648-0000,Co-operative Group,109648-0000,9648.0,Ilfracombe - High Street,The Co-operative Group,69 High Street,Ilfracombe,Devon,EX34 9QE,51.2064104,-4.125884299999999,Co-op location-services API,Food,True,,,False,False
CG-156182-0000,Co-operative Group,156182-0000,6182.0,Bugle - Fore Street,The Co-operative Group,77 Fore Street,St Austell,Cornwall,PL26 8PD,50.39766277895645,-4.79348774,Co-op location-services API,Food,True,Bugle,,False,False
CG-107980-0000,Co-operative Group,107980-0000,7980.0,St Austell - Westhill,The Co-operative Group,Moorland Road,St Austell,Cornwall,PL25 5BS,50.3370477,-4.7972219,Co-op location-services API,Food,True,Westhill,,False,False
CG-106761-0000,Co-operative Group,106761-0000,6761.0,Sherborne - Ridgeway,The Co-operative Group,Westbridge Park,Sherborne,Dorset,DT9 6AW,50.9424731,-2.532933,Co-op location-services API,Food,True,,,False,False
CG-106664-0000,Co-operative Group,106664-0000,6664.0,Port Isaac - New Road,The Co-operative Group,31 New Road,Port Isaac,Cornwall,PL29 3SD,50.59240349999999,-4.828018199999999,Co-op location-services API,Food,True,,,False,False
CG-107839-0000,Co-operative Group,107839-0000,7839.0,Wadebridge - Jubilee Road,The Co-operative Group,Jubilee Road,Wadebridge,Cornwall,PL27 7DA,50.5164819,-4.8356771,Co-op location-services API,Food,True,Old Railway Site,,False,False
CG-106711-0000,Co-operative Group,106711-0000,6711.0,Roche - Central Corner,The Co-operative Group,Central Corner,St. Austell,Cornwall,PL26 8JF,50.4075096,-4.833337,Co-op location-services API,Food,True,Roche,,False,False
CG-104278-0000,Co-operative Group,104278-0000,4278.0,Crossways - Warmwell Road,The Co-operative Group,11 Warmwell Road,Dorchester,Dorset,DT2 8BS,50.69526450000001,-2.3246742,Co-op location-services API,Food,True,Crossways,,False,False
CG-105681-0000,Co-operative Group,105681-0000,5681.0,Milborne Port - Gainsborough,The Co-operative Group,Gainsborough,Sherborne,Somerset,DT9 5BB,50.968208,-2.4706,Co-op location-services API,Food,True,Milborne Port,,False,False
CG-105993-0000,Co-operative Group,105993-0000,5993.0,St Stephen - Fore Street,The Co-operative Group,Fore Street,St Stephen,Cornwall,PL26 7NN,50.3437267,-4.8909232,Co-op location-services API,Food,True,,,False,False
CG-106808-0000,Co-operative Group,106808-0000,6808.0,St Columb Major - Fore Street,The Co-operative Group,56 - 58 Fore Street,St. Columb,Cornwall,TR9 6AL,50.43516139999999,-4.940366399999999,Co-op location-services API,Food,True,Market Place,,False,False
CG-106810-0000,Co-operative Group,106810-0000,6810.0,St Columb Road - St Francis Rd,The Co-operative Group,St. Francis Road,St. Columb,Cornwall,TR9 6QD,50.3961322,-4.939049,Co-op location-services API,Food,True,Fraddon,,False,False
CG-105420-0000,Co-operative Group,105420-0000,5420.0,Templecombe - High Street,The Co-operative Group,High Street,Templecombe,Somerset,BA8 0JA,51.0017432141571,-2.4154893219434777,Co-op location-services API,Lunar,True,,,False,False
CG-103725-0000,Co-operative Group,103725-0000,3725.0,Castle Cary - The Triangle,The Co-operative Group,The Triangle,Castle Cary,Somerset,BA7 7BD,51.088103333333,-2.515253333333,Co-op location-services API,Food,True,,,False,False
CG-105645-0000,Co-operative Group,105645-0000,5645.0,St Athan - Gileston Road,The Co-operative Group,Gileston Road,Barry,Vale Of Glamorgan,CF62 4PZ,51.39949,-3.41422,Co-op location-services API,Food,True,St. Athan,,False,False
CG-109434-0000,Co-operative Group,109434-0000,9434.0,Llantwit Major - Boverton Road,The Co-operative Group,Boverton Road,Llantwit Major,Vale Of Glamorgan,CF61 1XA,51.4089611,-3.4832691,Co-op location-services API,Food,True,,,False,False
CG-106049-0000,Co-operative Group,106049-0000,6049.0,Pilton - St Marys Lane,The Co-operative Group,St Mary's Lane,Shepton Mallet,Somerset,BA4 4BB,51.165993,-2.589146,Co-op location-services API,Food,True,Pilton,,False,False
CG-106752-0000,Co-operative Group,106752-0000,6752.0,Weston super Mare - Severn Road,The Co-operative Group,67-69 Whitecross Road,Weston-Super-Mare,North Somerset,BS23 1EJ,51.3385198,-2.9764536,Co-op location-services API,Food,True,(Severn Road),,False,False
CG-106564-0000,Co-operative Group,106564-0000,6564.0,Axbridge - The Square,The Co-operative Group,2 The Square,Axbridge,Somerset,BS26 2AR,51.2870757,-2.8174648,Co-op location-services API,Food,True,,,False,False
CG-107242-0000,Co-operative Group,107242-0000,7242.0,Barry - Colcot Road,The Co-operative Group,1 Colcot Road,Barry,Vale Of Glamorgan,CF62 8HJ,51.4076301,-3.281852500000001,Co-op location-services API,Food,True,,,False,False
CG-108686-0000,Co-operative Group,108686-0000,8686.0,Wincanton - Carrington Way,The Co-operative Group,1 Camelot Shopping Centre,Wincanton,Somerset,BA9 9JB,51.0573414,-2.408959,Co-op location-services API,Food,True,,,False,False
CG-105231-0000,Co-operative Group,105231-0000,5231.0,Shillingstone - Blandford Road,The Co-operative Group,Blandford Road,Shillingstone,Dorset,DT11 0QZ,50.90526,-2.25353,Co-op location-services API,Food,True,,,False,False
CG-104720-0000,Co-operative Group,104720-0000,4720.0,Winscombe - Woodborough Road,The Co-operative Group,Woodborough Road,Winscombe,North Somerset,BS25 1AB,51.314513,-2.832912,Co-op location-services API,Food,True,,,False,False
CG-107393-0000,Co-operative Group,107393-0000,7393.0,Evercreech - Victoria Square,The Co-operative Group,Victoria Square,Shepton Mallet,Somerset,BA4 6JP,51.1480164,-2.5052423,Co-op location-services API,Food,True,Evercreech,,False,False
CG-103684-SPET,Co-operative Group,103684-SPET,3684.0,St Columb Minor - Henver Road,The Co-operative Group,Henver Road,St Columb Minor,Cornwall,TR7 3EH,50.41717674647507,-5.048475998928994,Co-op location-services API,Food/Petrol,True,,,False,False
CG-109479-0000,Co-operative Group,109479-0000,9479.0,Weston Super Mare - High Street,The Co-operative Group,148 High Street,Weston-Super-Mare,North Somerset,BS22 6HG,51.35981579999999,-2.9281071,Co-op location-services API,Food,True,Worle,,False,False
CG-107899-0000,Co-operative Group,107899-0000,7899.0,Wareham - North Street,The Co-operative Group,9 North Street,Wareham,Dorset,BH20 4AB,50.6866262,-2.1103284,Co-op location-services API,Food,True,,,False,False
CG-104709-0000,Co-operative Group,104709-0000,4709.0,Penarth - Windsor Road,The Co-operative Group,26 Windsor Road,Penarth,Vale Of Glamorgan,CF64 1JH,51.43916429999999,-3.1754043,Co-op location-services API,Food,True,,,False,False
CG-107710-0000,Co-operative Group,107710-0000,7710.0,Truro - Boscawen Street,The Co-operative Group,26 Boscawen Street,Truro,Cornwall,TR1 2QQ,50.2634364,-5.050874299999998,Co-op location-services API,Food,True,,,False,False
CG-109433-0000,Co-operative Group,109433-0000,9433.0,Porthcawl - Lias Road,The Co-operative Group,Lias Road,Porthcawl,Bridgend,CF36 3AH,51.4788855,-3.7048369,Co-op location-services API,Food,True,,,False,False
CG-105235-0000,Co-operative Group,105235-0000,5235.0,Porthcawl - New Road,The Co-operative Group,270 New Road,Porthcawl,Bridgend,CF36 5BA,51.482511,-3.693694499999999,Co-op location-services API,Food,True,,,False,False
CG-106954-0000,Co-operative Group,106954-0000,6954.0,St Mawes - Kings Road,The Co-operative Group,6-7 Kings Road,Truro,Cornwall,TR2 5DH,50.1589913,-5.014527900000001,Co-op location-services API,Food,True,St Mawes,,False,False
CG-107429-0000,Co-operative Group,107429-0000,7429.0,Gillingham - Lodbourne Green,The Co-operative Group,5-6 Lodbourne Green Parade,Gillingham,Dorset,SP8 4EH,51.0424492,-2.2761587,Co-op location-services API,Food,True,,,False,False
CG-108934-0000,Co-operative Group,108934-0000,8934.0,Cardiff - Pierhead Street,The Co-operative Group,Pierhead Street,Cardiff,Cardiff,CF10 4QP,51.4661021,-3.1592756,Co-op location-services API,Food,True,,,False,False
CG-156454-0000,Co-operative Group,156454-0000,6454.0,Dumballs Road,The Co-operative Group,Dumballs Road,Cardiff,Cardiff,CF10 5FE,51.470297,-3.173893,Co-op location-services API,Food,True,,,False,False
CG-104679-0000,Co-operative Group,104679-0000,4679.0,Bridgend - Canolfan,The Co-operative Group,10 Canolfan,Bridgend,Bridgend,CF31 2LL,51.50748289999999,-3.561131699999999,Co-op location-services API,Food,True,Brackla,,False,False
CG-109436-0000,Co-operative Group,109436-0000,9436.0,Cardiff - Cowbridge Road East,The Co-operative Group,329 Cowbridge Road East,Cardiff,Cardiff,CF5 1JD,51.48177700000001,-3.2050063,Co-op location-services API,Food,True,Canton,,False,False
CG-109480-0000,Co-operative Group,109480-0000,9480.0,Yatton - High Street,The Co-operative Group,High Street,Bristol,North Somerset,BS49 4EG,51.3868584,-2.8192113,Co-op location-services API,Food,True,Yatton,,False,False
CG-106038-0000,Co-operative Group,106038-0000,6038.0,Cardiff - Tyndall Street,The Co-operative Group,Tyndall Street,Cardiff,Cardiff,CF10 4BQ,51.476538,-3.169115,Co-op location-services API,Food,True,,,False,False
CG-107400-0000,Co-operative Group,107400-0000,7400.0,Cardiff - Fairwater Green,The Co-operative Group,10-12 Fairwater Green,Cardiff,Cardiff,CF5 3BA,51.4894166,-3.2412251,Co-op location-services API,Food,True,Fairwater,,False,False
CG-104076-0000,Co-operative Group,104076-0000,4076.0,Cardiff - Waungron Road,The Co-operative Group,12 Waungron Road,Cardiff,Cardiff,CF5 2JJ,51.488658,-3.225425,Co-op location-services API,Food,True,Llandaff,,False,False
CG-104167-0000,Co-operative Group,104167-0000,4167.0,Cardiff - Kings Road,The Co-operative Group,Kings Road,Cardiff,Cardiff,CF11 9DF,51.486041,-3.200682,Co-op location-services API,Food,True,Pontcanna,,False,False
CG-105509-0000,Co-operative Group,105509-0000,5509.0,Threemilestone - Chyvelah Road,The Co-operative Group,52 Chyvelah Road,Truro,Cornwall,TR3 6BX,50.263255,-5.113897,Co-op location-services API,Food,True,Threemilestone,,False,False
CG-105416-0000,Co-operative Group,105416-0000,5416.0,Cardiff - Pontcanna Street,The Co-operative Group,89 Pontcanna Street,Cardiff,Cardiff,CF11 9HS,51.48848,-3.20031,Co-op location-services API,Food,True,Pontcanna,,False,False
CG-107694-0000,Co-operative Group,107694-0000,7694.0,Cardiff - Splott Road,The Co-operative Group,40-42 Splott Road,Cardiff,Cardiff,CF24 2DA,51.4830291,-3.1509429,Co-op location-services API,Food,True,Splott,,False,False
CG-105385-0000,Co-operative Group,105385-0000,5385.0,Cardiff - Senghenydd Road,The Co-operative Group,Senghenydd Road,Cardiff,Cardiff,CF10 3QN,51.488354,-3.177017,Co-op location-services API,Food,True,,,True,False
CG-105965-0000,Co-operative Group,105965-0000,5965.0,Perranporth - Station Road,The Co-operative Group,Station Road,Perranporth,Cornwall,TR6 0DD,50.3459107,-5.1505264,Co-op location-services API,Food,True,,,False,False
CG-156451-0000,Co-operative Group,156451-0000,6451.0,Bridgend - Parc Derwen,The Co-operative Group,Bridgend,Bridgend,Bridgend,CF35 6QE,51.52482597544465,-3.5659679307875645,Co-op location-services API,Food,True,Parc Derwen,,False,False
CG-105142-0000,Co-operative Group,105142-0000,5142.0,Perranporth - Boscawen Road,The Co-operative Group,1 Boscawen Road,Perranporth,Cornwall,TR6 0EW,50.3445337,-5.1540014,Co-op location-services API,Food,True,,,False,False
CG-105228-0000,Co-operative Group,105228-0000,5228.0,Upton - Poole Road,The Co-operative Group,Poole Road,Poole,Dorset,BH16 5JA,50.7378862,-2.0273122,Co-op location-services API,Food,True,Upton,,False,False
CG-106633-0000,Co-operative Group,106633-0000,6633.0,Pencoed - Penybont Road,The Co-operative Group,Penybont Road,Bridgend,Bridgend,CF35 5NP,51.5243917,-3.5000529,Co-op location-services API,Food,True,Pencoed,,False,False
CG-103741-0000,Co-operative Group,103741-0000,3741.0,Falmouth - Cliff Road,The Co-operative Group,Cliff Road,Falmouth,Cornwall,TR11 4NP,50.145231111111,-5.068166944444,Co-op location-services API,Food,True,,,False,False
CG-109439-0000,Co-operative Group,109439-0000,9439.0,Cardiff - Danes Court Way,The Co-operative Group,Danes Court Way,Cardiff,Cardiff,CF5 2SF,51.5041046,-3.2400077,Co-op location-services API,Food,True,Llandaff,,False,False
CG-104139-0000,Co-operative Group,104139-0000,4139.0,Pontyclun - Cowbridge Road,The Co-operative Group,3-7 Cowbridge Road,Pontyclun,Rhondda Cynon Taf,CF72 9EA,51.522904,-3.391039699999999,Co-op location-services API,Lunar,True,,,False,False
CG-108933-0000,Co-operative Group,108933-0000,8933.0,Cardiff - Station Road,The Co-operative Group,143 Station Road,Cardiff,Cardiff,CF14 2FF,51.5073782,-3.2282866,Co-op location-services API,Food,True,Llandaff North,,False,False
CG-107990-0000,Co-operative Group,107990-0000,7990.0,Cardiff - Whitchurch Road,The Co-operative Group,25-27 Whitchurch Road,Cardiff,Cardiff,CF14 3JN,51.5019668,-3.1896406,Co-op location-services API,Food,True,Heath,,False,False
CG-108953-0000,Co-operative Group,108953-0000,8953.0,Hamworthy - Blandford Road,The Co-operative Group,200-204 Blandford Road,Poole,Poole,BH15 4BH,50.7165687,-2.0071436,Co-op location-services API,Food,True,Hamworthy,,False,False
CG-103623-0000,Co-operative Group,103623-0000,3623.0,Cardiff - Colchester Avenue,The Co-operative Group,Colchester Avenue,Cardiff,Cardiff,CF23 9AL,51.497423888889,-3.153379166667,Co-op location-services API,Food,True,Penylan,,False,False
CG-105418-0000,Co-operative Group,105418-0000,5418.0,Coleford - Anchor Road,The Co-operative Group,Anchor Road,Radstock,Somerset,BA3 5PB,51.24407635999325,-2.4528045154684595,Co-op location-services API,Food,True,Coleford,,False,False
CG-107334-0000,Co-operative Group,107334-0000,7334.0,Corfe Mullen - The Parade,The Co-operative Group,147 Wareham Road,Wimborne,Dorset,BH21 3LA,50.7653632,-2.0212588,Co-op location-services API,Food,True,Corfe Mullen,,False,False
CG-105263-0000,Co-operative Group,105263-0000,5263.0,Bryncae - Bridgend Road,The Co-operative Group,Bridgend Road,Pontyclun,Rhondda Cynon Taf,CF72 9RP,51.5333458,-3.4512711,Co-op location-services API,Food,True,Bryncae,,False,False
CG-105331-0000,Co-operative Group,105331-0000,5331.0,Radyr - Station Road,The Co-operative Group,4 Station Road,Cardiff,Cardiff,CF15 8AA,51.515464,-3.250824,Co-op location-services API,Food,True,Radyr,,False,False
CG-104252-0000,Co-operative Group,104252-0000,4252.0,Falmouth - Clipper Way,The Co-operative Group,Mongleath Avenue,Falmouth,Cornwall,TR11 4PN,50.1471583,-5.0889116,Co-op location-services API,Food,True,Boslowick,,False,False
CG-109438-0000,Co-operative Group,109438-0000,9438.0,Cardiff - Merthyr Road,The Co-operative Group,34-40 Merthyr Road,Cardiff,Cardiff,CF14 1DH,51.512243,-3.2190324,Co-op location-services API,Food,True,Whitchurch,,False,False
CG-104817-0000,Co-operative Group,104817-0000,4817.0,Corfe Mullen - Wareham Road,The Co-operative Group,46 Wareham Road,Wimborne,Dorset,BH21 3LE,50.7744595,-2.016853499999999,Co-op location-services API,Food,True,Corfe Mullen,,False,False
CG-104297-0000,Co-operative Group,104297-0000,4297.0,Cardiff - Caerphilly Road,The Co-operative Group,122 Caerphilly Road,Cardiff,Cardiff,CF14 4QD,51.5123446,-3.1995651,Co-op location-services API,Lunar,True,Heath,,False,False
CG-107820-0000,Co-operative Group,107820-0000,7820.0,Creekmoor - Creekmoor Lane,The Co-operative Group,67 Creekmoor Lane,Poole,Poole,BH17 7BW,50.7428594,-1.9989899,Co-op location-services API,Lunar,True,Upton,,False,False
CG-107521-0000,Co-operative Group,107521-0000,7521.0,Llantrisant - Southgate Avenue,The Co-operative Group,6 Southgate Avenue,Pontyclun,Rhondda Cynon Taf,CF72 8DQ,51.5388125,-3.371525999999999,Co-op location-services API,Food,True,Llantrisant,,False,False
CG-106848-0000,Co-operative Group,106848-0000,6848.0,Swanage - Kings Road West,The Co-operative Group,52 Kings Road West,Swanage,Dorset,BH19 1HP,50.6095622,-1.9608067,Co-op location-services API,Food,True,,,False,False
CG-104200-0000,Co-operative Group,104200-0000,4200.0,Cardiff - Heol Y Deri,The Co-operative Group,8A-8B Heol Y Deri,Cardiff,Cardiff,CF14 6HF,51.5229056,-3.2124056,Co-op location-services API,Lunar,True,Rhiwbina,,False,False
CG-104298-0000,Co-operative Group,104298-0000,4298.0,Cardiff - Cyncoed Road,The Co-operative Group,360 Cyncoed Road,Cardiff,Cardiff,CF23 6RZ,51.52529209999999,-3.1651935,Co-op location-services API,Lunar,True,,,False,False
CG-106828-0000,Co-operative Group,106828-0000,6828.0,Cardiff - Station Road Llanishen,The Co-operative Group,46-48 Station Road,Cardiff,Cardiff,CF14 5LU,51.5290715,-3.1878028,Co-op location-services API,Food,True,Llanishen,,False,False
CG-107590-0000,Co-operative Group,107590-0000,7590.0,Poole - Oakdale Road,The Co-operative Group,74 Oakdale Road,Poole,Poole,BH15 3LG,50.73781229999999,-1.9701029,Co-op location-services API,Lunar,True,Oakdale,,False,False
CG-103754-0000,Co-operative Group,103754-0000,3754.0,Taffs Well - Cardiff Road,The Co-operative Group,30 Cardiff Road,Cardiff,Rhondda Cynon Taf,CF15 7RF,51.54227,-3.26763,Co-op location-services API,Food,True,Taff's Well,,False,False
CG-109674-0000,Co-operative Group,109674-0000,9674.0,Wimbourne - Hanham Road,The Co-operative Group,Crown Mead,Wimborne,Dorset,BH21 1ED,50.7995259,-1.9857493,Co-op location-services API,Food,True,Hanham Road,,False,False
CG-107777-0000,Co-operative Group,107777-0000,7777.0,Beddau - Commercial Street,The Co-operative Group,Commercial Street,Pontypridd,Rhondda Cynon Taf,CF38 2DB,51.5585355,-3.3507248,Co-op location-services API,Lunar,True,Tynant  Beddau,,False,False
CG-106003-0000,Co-operative Group,106003-0000,6003.0,Poole - Ashley Cross,The Co-operative Group,Commercial Road,Poole,Poole,BH14 0JD,50.72359929477605,-1.95200746150542,Co-op location-services API,Food,True,Ashley Cross,,False,False
CG-105048-0000,Co-operative Group,105048-0000,5048.0,Poole - Ashley Road,The Co-operative Group,Ashley Road,Poole,Poole,BH14 0AW,50.731172,-1.952867,Co-op location-services API,Food,True,Upper Parkstone,,False,False
CG-107241-0000,Co-operative Group,107241-0000,7241.0,Port Talbot - Tollgate Road,The Co-operative Group,278 Margam Road,Port Talbot,Neath Port Talbot,SA13 2DB,51.5724892,-3.7569674,Co-op location-services API,Food,True,Margam  Neath,,False,False
CG-105992-0000,Co-operative Group,105992-0000,5992.0,Frome - Culverhill,The Co-operative Group,Culverhill,Frome,Somerset,BA11 5AD,51.221448,-2.3214662,Co-op location-services API,Food,True,,,False,False
CG-107432-0000,Co-operative Group,107432-0000,7432.0,Poole - Good Road,The Co-operative Group,36 Good Road,Poole,Poole,BH12 3HP,50.740498,-1.9378575,Co-op location-services API,Food,True,Upper Parkstone,,False,False
CG-107327-0000,Co-operative Group,107327-0000,7327.0,Colehill - Smugglers Lane,The Co-operative Group,1 Smugglers Lane,Wimborne,Dorset,BH21 2RX,50.80987880000001,-1.9630776,Co-op location-services API,Food,True,Colehill,,False,False
CG-105529-0000,Co-operative Group,105529-0000,5529.0,Gilfach Goch - Garden Village,The Co-operative Group,Garden Village,Porth,Rhondda Cynon Taf,CF39 8UH,51.584313,-3.471522,Co-op location-services API,Food,True,Gilfach Goch,,False,False
CG-109447-0000,Co-operative Group,109447-0000,9447.0,Tonyrefail - Penrhiwfer Road,The Co-operative Group,Penrhiwfer Road,Porth,Rhondda Cynon Taf,CF39 8EY,51.585891,-3.4351037,Co-op location-services API,Food,True,Tonyrefail,,False,False
CG-104636-0000,Co-operative Group,104636-0000,4636.0,Redruth - Falmouth Road,The Co-operative Group,Falmouth Road,Redruth,Cornwall,TR15 2QJ,50.230751,-5.2281524,Co-op location-services API,Food,True,Trewirgie,,False,False
CG-106667-0000,Co-operative Group,106667-0000,6667.0,Long Ashton - Weston Road,The Co-operative Group,59-63 Weston Road,Bristol,North Somerset,BS41 9AA,51.4288684,-2.6661954,Co-op location-services API,Food,True,Long Ashton,,False,False
CG-105387-0000,Co-operative Group,105387-0000,5387.0,Portishead - Avon Way,The Co-operative Group,109 Avon Way,Bristol,North Somerset,BS20 6LT,51.481566,-2.781346,Co-op location-services API,Lunar,True,Portishead,,False,False
CG-104129-0000,Co-operative Group,104129-0000,4129.0,Bournemouth - Queens Road,The Co-operative Group,14 Queens Road,Bournemouth,Bournemouth,BH2 6BE,50.7219101,-1.8933389,Co-op location-services API,Food,True,,,False,False
CG-104156-0000,Co-operative Group,104156-0000,4156.0,Mumbles - Mumbles Road,The Co-operative Group,147 Mumbles Road,Swansea,Swansea,SA3 4DN,51.5747934,-3.997946799999999,Co-op location-services API,Food,True,Mumbles,,False,False
CG-105775-0000,Co-operative Group,105775-0000,5775.0,Bristol - Belland Drive,The Co-operative Group,30-32 Belland Drive,Bristol,"Bristol, City Of",BS14 0EW,51.40724059999999,-2.5771096,Co-op location-services API,Food,True,Whitchurch,,False,False
CG-104625-0000,Co-operative Group,104625-0000,4625.0,Bristol - Bishopsworth Road,The Co-operative Group,109 Bishopsworth Road,Bristol,"Bristol, City Of",BS13 7JR,51.4253636,-2.6140485,Co-op location-services API,Food,True,Bedminster Down,,False,False
CG-107735-0000,Co-operative Group,107735-0000,7735.0,Tisbury - High Street,The Co-operative Group,High Street,Salisbury,Wiltshire,SP3 6HA,51.0629776,-2.0808421,Co-op location-services API,Food,True,Tisbury,,False,False
CG-106661-0000,Co-operative Group,106661-0000,6661.0,Pontycymmer - Victoria Street,The Co-operative Group,Victoria Street,Bridgend,Bridgend,CF32 8NW,51.6122092,-3.5849122,Co-op location-services API,Food,True,Pontycymmer,,False,False
CG-105140-0000,Co-operative Group,105140-0000,5140.0,Illogan - Higher Broad Lane,The Co-operative Group,Higher Broad Lane,Redruth,Cornwall,TR15 3JL,50.2319284,-5.25694,Co-op location-services API,Lunar,True,Illogan,,False,False
CG-104345-0000,Co-operative Group,104345-0000,4345.0,Bournemouth - Columbia Road,The Co-operative Group,2 Columbia Road,Bournemouth,Bournemouth,BH10 4DY,50.75150230000001,-1.8865766,Co-op location-services API,Lunar,True,,,False,False
CG-106639-0000,Co-operative Group,106639-0000,6639.0,Penygraig - Tylacelyn Road,The Co-operative Group,48 Tylacelyn Road,Tonypandy,Rhondda Cynon Taf,CF40 1JU,51.614744,-3.447914,Co-op location-services API,Food,True,Penygraig,,False,False
CG-104626-0000,Co-operative Group,104626-0000,4626.0,Bedwas - Church Street,The Co-operative Group,51-53 Church Street,Caerphilly,Caerphilly,CF83 8ED,51.5921145,-3.1995213,Co-op location-services API,Food,True,Bedwas,,False,False
CG-104104-0000,Co-operative Group,104104-0000,4104.0,Bishopston - Bishopston Road,The Co-operative Group,Bishopston Road,Swansea,Swansea,SA3 3EN,51.5821524,-4.051945,Co-op location-services API,Food,True,Bishopston,,False,False
CG-104851-0000,Co-operative Group,104851-0000,4851.0,Cwmavon - Heol Jiwbill,The Co-operative Group,Heol Jiwbill,Port Talbot,Neath Port Talbot,SA12 9NR,51.6174882,-3.7572286,Co-op location-services API,Food,True,Cwmavon  Neath,,False,False
CG-106068-0000,Co-operative Group,106068-0000,6068.0,West Cross - Linden Avenue,The Co-operative Group,62 Linden Avenue,Swansea,Swansea,SA3 5LA,51.590761,-4.007053,Co-op location-services API,Food,True,West Cross,,False,False
CG-109713-0000,Co-operative Group,109713-0000,9713.0,Moordown - Wimbourne Road,The Co-operative Group,Wimborne Road,Bournemouth,Bournemouth,BH9 2BN,50.7552113,-1.8741286,Co-op location-services API,Food,True,,,False,False
CG-106833-0000,Co-operative Group,106833-0000,6833.0,Bristol - Holloway Road,The Co-operative Group,100 Holloway Road,Bristol,"Bristol, City Of",BS14 8PG,51.41197739999999,-2.5462773,Co-op location-services API,Food,True,Stockwood,,False,False
CG-105356-0000,Co-operative Group,105356-0000,5356.0,Bournemouth - Christchurch Road,The Co-operative Group,38 Christchurch Road,Bournemouth,Bournemouth,BH1 3PD,50.722681,-1.859239,Co-op location-services API,Food,True,,,False,False
CG-107312-0000,Co-operative Group,107312-0000,7312.0,Bournemouth - Charminster Road,The Co-operative Group,269-273 Charminster Road,Bournemouth,Bournemouth,BH8 9QJ,50.7401588,-1.8637009,Co-op location-services API,Food,True,,,False,False
CG-105283-0000,Co-operative Group,105283-0000,5283.0,Bristol - Coronation Road,The Co-operative Group,171-179 Coronation Road,Bristol,"Bristol, City Of",BS3 1RF,51.445781,-2.61129,Co-op location-services API,Food,True,Southville,,False,False
CG-105219-0000,Co-operative Group,105219-0000,5219.0,Machen - Commercial Road,The Co-operative Group,70 Commercial Road,Caerphilly,Caerphilly,CF83 8PG,51.59599,-3.13954,Co-op location-services API,Lunar,True,Machen,,False,False
CG-105322-0000,Co-operative Group,105322-0000,5322.0,Norton St Phillip - Fortescue St,The Co-operative Group,1 Fortescue Street,Bath,Somerset,BA2 7PE,51.2999495,-2.3235131,Co-op location-services API,Lunar,True,Norton St Phillips,,False,False
CG-109477-0000,Co-operative Group,109477-0000,9477.0,Bristol - Clifton Village,The Co-operative Group,Princess Victoria Street,Bristol,"Bristol, City Of",BS8 4BX,51.4544825,-2.6202093,Co-op location-services API,Food,True,Clifton Village,,False,False
CG-106061-0000,Co-operative Group,106061-0000,6061.0,Rogerstone - Tregwilym Road,The Co-operative Group,Tregwilym Road,Newport,Newport,NP10 9EJ,51.58386776716714,-3.051066925649627,Co-op location-services API,Food,True,Rogerstone,,False,False
CG-104206-0000,Co-operative Group,104206-0000,4206.0,Swansea - Trawler Road,The Co-operative Group,Trawler Road,Swansea,Swansea,SA1 1LB,51.6141383,-3.9422639,Co-op location-services API,Food,True,Swansea Marina,,False,False
CG-104245-0000,Co-operative Group,104245-0000,4245.0,Swansea - Bryn Road,The Co-operative Group,Bryn Road,Swansea,Swansea,SA2 0AU,51.6102462,-3.9731418,Co-op location-services API,Food,True,Brynmill,,False,False
CG-108783-0000,Co-operative Group,108783-0000,8783.0,Swansea - Plymouth Street,The Co-operative Group,Plymouth Street,Swansea,Swansea,SA1 3AR,51.6181991,-3.9466614,Co-op location-services API,Food,True,,,False,False
CG-105684-0000,Co-operative Group,105684-0000,5684.0,Swansea - Walter Road,The Co-operative Group,128 Walter Road,Swansea,Swansea,SA1 5RG,51.619917,-3.954962,Co-op location-services API,Food,True,,,False,False
CG-106768-0000,Co-operative Group,106768-0000,6768.0,Shirehampton - High Street,The Co-operative Group,47-49 High Street,Bristol,"Bristol, City Of",BS11 0DW,51.48945639999999,-2.6771806,Co-op location-services API,Food,True,Shirehampton,,False,False
CG-109475-0000,Co-operative Group,109475-0000,9475.0,Bristol - Clarence Place,The Co-operative Group,Clarence Place,Bristol,"Bristol, City Of",BS2 8DD,51.461366,-2.602103,Co-op location-services API,Food,True,High Kingsdown,,False,False
CG-105768-0000,Co-operative Group,105768-0000,5768.0,Ynysybwl - Robert Street,The Co-operative Group,45 Robert Street,Pontypridd,Rhondda Cynon Taf,CF37 3DY,51.63661219999999,-3.3575739,Co-op location-services API,Food,True,Ynysybwl,,False,False
CG-103687-0000,Co-operative Group,103687-0000,3687.0,Swansea - Gower Road Sketty,The Co-operative Group,Gower Road,Swansea,Swansea,SA2 9BZ,51.6181507934393,-3.985450496795342,Co-op location-services API,Food,True,Sketty,,False,False
CG-106550-0000,Co-operative Group,106550-0000,6550.0,Avonmouth - Avonmouth Road,The Co-operative Group,193-195 Avonmouth Road,Bristol,"Bristol, City Of",BS11 9EG,51.4991508,-2.6952576,Co-op location-services API,Food,True,Avonmouth,,False,False
CG-106600-0000,Co-operative Group,106600-0000,6600.0,Bath - Upper Bloomfield Road,The Co-operative Group,Upper Bloomfield Road,Bath,Bath And North East Somerset,BA2 2RY,51.3583916,-2.3802777,Co-op location-services API,Food,True,Odd Down,,False,False
CG-104704-0000,Co-operative Group,104704-0000,4704.0,Bristol - Broomhill Road,The Co-operative Group,68 Broomhill Road,Bristol,"Bristol, City Of",BS4 4NZ,51.44061579999999,-2.5379467,Co-op location-services API,Food,True,Brislington,,False,False
CG-105828-0000,Co-operative Group,105828-0000,5828.0,Swansea - Gower Road Killay,The Co-operative Group,434 Gower Road,Swansea,Swansea,SA2 7AJ,51.6178573,-4.0186358,Co-op location-services API,Food,True,Killay,,False,False
CG-109430-0000,Co-operative Group,109430-0000,9430.0,Swansea - The Precinct,The Co-operative Group,Unit 6 The Precinct,Swansea,Swansea,SA2 7BA,51.61826970000001,-4.018138899999999,Co-op location-services API,Food,True,Killay,,False,False
CG-104288-0000,Co-operative Group,104288-0000,4288.0,Swansea - Carnglass Road,The Co-operative Group,85-87 Carnglass Road,Swansea,Swansea,SA2 9BL,51.6226515,-3.9915383,Co-op location-services API,Food,True,TyCoch,,False,False
CG-108800-0000,Co-operative Group,108800-0000,8800.0,Newport - Cromwell Road,The Co-operative Group,Cromwell Road,Newport,Newport,NP19 0HT,51.5831678,-2.9639233,Co-op location-services API,Food,True,,,False,False
CG-107519-0000,Co-operative Group,107519-0000,7519.0,Bath - Mount Road,The Co-operative Group,110 Mount Road,Bath,Bath And North East Somerset,BA2 1LN,51.372016,-2.3963017,Co-op location-services API,Food,True,South Down,,False,False
CG-106668-0000,Co-operative Group,106668-0000,6668.0,Bristol - Shirehampton Road,The Co-operative Group,55-57 Shirehampton Road,Bristol,"Bristol, City Of",BS9 2DW,51.486009,-2.6414369,Co-op location-services API,Food,True,Seamills,,False,False
CG-109707-0000,Co-operative Group,109707-0000,9707.0,Southbourne - Seabourne Road,The Co-operative Group,170 Seabourne Road,Bournemouth,Bournemouth,BH5 2JB,50.7270952,-1.8185269,Co-op location-services API,Food,True,,,False,False
CG-156316-0000,Co-operative Group,156316-0000,6316.0,Bournemouth Hospital,The Co-operative Group,Castle Lane East,Bournemouth,Bournemouth,BH7 7DW,50.74811954296439,-1.8222402292798316,Co-op location-services API,Hospital,True,,,False,False
CG-107683-0000,Co-operative Group,107683-0000,7683.0,Treorchy - Station Road,The Co-operative Group,Station Road,Treorchy,Rhondda Cynon Taf,CF42 6UA,51.6578848,-3.5051302,Co-op location-services API,Food,True,,,False,False
CG-109485-0000,Co-operative Group,109485-0000,9485.0,Bristol - Gloucester Road,The Co-operative Group,117-121 Gloucester Road,Bristol,"Bristol, City Of",BS7 8AT,51.4732298,-2.5907071,Co-op location-services API,Food,True,Bishopston,,False,False
CG-109490-0000,Co-operative Group,109490-0000,9490.0,Bristol - Wyatts View,The Co-operative Group,Wyatts View,Bristol,"Bristol, City Of",BS4 4WW,51.4547641,-2.5453193,Co-op location-services API,Food,True,St. Annes,,False,False
CG-106834-0000,Co-operative Group,106834-0000,6834.0,Bristol - Stoke Lane,The Co-operative Group,Stoke Lane,Bristol,"Bristol, City Of",BS9 3RW,51.4881087,-2.6249291,Co-op location-services API,Food,True,Westbury on Trym,,False,False
CG-105885-0000,Co-operative Group,105885-0000,5885.0,Lawrence Weston - Ridingleaze,The Co-operative Group,Ridingleaze,Bristol,"Bristol, City Of",BS11 0QB,51.5023442,-2.6576125,Co-op location-services API,Food,True,Lawrence Weston,,False,False
CG-109478-0000,Co-operative Group,109478-0000,9478.0,Bristol - Henleaze Road,The Co-operative Group,71 Henleaze Road,Bristol,"Bristol, City Of",BS9 4JT,51.4853295,-2.6119836,Co-op location-services API,Food,True,Henleaze,,False,False
CG-106055-0000,Co-operative Group,106055-0000,6055.0,Bath - Shaftesbury Road,The Co-operative Group,Shaftesbury Road,Bath,Bath And North East Somerset,BA2 3LH,51.37681519166004,-2.3774443637428693,Co-op location-services API,Food,True,,,False,False
CG-104936-0000,Co-operative Group,104936-0000,4936.0,Ferndale - High Street,The Co-operative Group,60 High Street,Ferndale,Rhondda Cynon Taf,CF43 4RR,51.66149679999999,-3.4479796,Co-op location-services API,Lunar,True,,,False,False
CG-105722-0000,Co-operative Group,105722-0000,5722.0,Bristol - High Street,The Co-operative Group,33-39 High Street,Bristol,South Gloucestershire,BS15 3DJ,51.4498638,-2.5181564,Co-op location-services API,Food,True,Hanham,,False,False
CG-109476-0000,Co-operative Group,109476-0000,9476.0,Bristol - Canford Lane,The Co-operative Group,Canford Lane,Bristol,"Bristol, City Of",BS9 3DF,51.4931297,-2.619745,Co-op location-services API,Food,True,Westbury-On-Trym,,False,False
CG-107965-0000,Co-operative Group,107965-0000,7965.0,Bath - Wellsway,The Co-operative Group,11 Wellsway,Bath,Bath And North East Somerset,BA2 4QL,51.374036,-2.3663019,Co-op location-services API,Food,True,Bear Flat,,False,False
CG-106551-0000,Co-operative Group,106551-0000,6551.0,Nelson - Commercial Street,The Co-operative Group,6-10 Commercial Street,Treharris,Caerphilly,CF46 6NF,51.6513703,-3.282428399999999,Co-op location-services API,Food,True,Nelson,,False,False
CG-106263-0000,Co-operative Group,106263-0000,6263.0,Bristol - 327 Gloucester Road,The Co-operative Group,327-329 Gloucester Road,Bristol,"Bristol, City Of",BS7 8PE,51.481704857365024,-2.5874009,Co-op location-services API,Food,True,Horfield,,False,False
CG-104111-0000,Co-operative Group,104111-0000,4111.0,Christchurch - Fairmile Road,The Co-operative Group,202 Fairmile Road,Christchurch,Dorset,BH23 2LP,50.7479932,-1.793014299999999,Co-op location-services API,Food,True,,,False,False
CG-105813-0000,Co-operative Group,105813-0000,5813.0,Bath - Julian Road,The Co-operative Group,3a Burlington Place,Bath,Bath And North East Somerset,BA1 2SQ,51.3879537,-2.36499,Co-op location-services API,Food,True,Julian Road,,False,False
CG-105278-0000,Co-operative Group,105278-0000,5278.0,Mullion - Nansmellyon Road,The Co-operative Group,Nansmellyon Road,Helston,Cornwall,TR12 7DQ,50.02499,-5.24453,Co-op location-services API,Food,True,Mullion,,False,False
CG-106636-0000,Co-operative Group,106636-0000,6636.0,Penrhiwceiber - Penrhiwceiber Road,The Co-operative Group,12-14 Penrhiwceiber Road,Mountain Ash,Rhondda Cynon Taf,CF45 3SP,51.6696787,-3.361535200000001,Co-op location-services API,Food,True,Penrhiwceiber,,False,False
CG-105702-0000,Co-operative Group,105702-0000,5702.0,Bristol - Station Road,The Co-operative Group,139-145 Station Road,Bristol,"Bristol, City Of",BS10 7LZ,51.51135619999999,-2.6296071,Co-op location-services API,Food,True,Henbury,,False,False
CG-106847-0000,Co-operative Group,106847-0000,6847.0,Treharris - Fox Street,The Co-operative Group,35 Fox Street,Treharris,Merthyr Tydfil,CF46 5HE,51.6656418,-3.303179,Co-op location-services API,Lunar,True,,,False,False
CG-104840-0000,Co-operative Group,104840-0000,4840.0,Bristol - Crow Lane,The Co-operative Group,149 Crow Lane,Bristol,"Bristol, City Of",BS10 7DR,51.50920989999999,-2.6214183,Co-op location-services API,Food,True,Henbury,,False,False
CG-105396-0000,Co-operative Group,105396-0000,5396.0,Bristol - Lodge Road,The Co-operative Group,Lodge Road,Bristol,"Bristol, City Of",BS15 1JA,51.46672,-2.51455,Co-op location-services API,Food,True,,,False,False
CG-106941-0000,Co-operative Group,106941-0000,6941.0,Magor - Newport Road,The Co-operative Group,Newport Road,Caldicot,Monmouthshire,NP26 3EG,51.5804077,-2.8305545,Co-op location-services API,Food,True,Magor,,False,False
CG-104716-0000,Co-operative Group,104716-0000,4716.0,Bristol - Filton Road,The Co-operative Group,60-64 Filton Road,Bristol,"Bristol, City Of",BS7 0PB,51.49666,-2.5808228,Co-op location-services API,Food,True,Horfield,,False,False
CG-105335-0000,Co-operative Group,105335-0000,5335.0,Gowerton - Sterry Road,The Co-operative Group,29 Sterry Road,Swansea,Swansea,SA4 3BW,51.647966,-4.041434,Co-op location-services API,Food,True,Gowerton,,False,False
CG-106841-0000,Co-operative Group,106841-0000,6841.0,Bristol - Straits Parade,The Co-operative Group,12 Straits Parade,Bristol,"Bristol, City Of",BS16 2LE,51.48210230000001,-2.5254077,Co-op location-services API,Food,True,Fishponds,,False,False
CG-105180-0000,Co-operative Group,105180-0000,5180.0,Bryncoch - Main Road,The Co-operative Group,Main Road,Neath,Neath Port Talbot,SA10 7TW,51.68263,-3.81862,Co-op location-services API,Lunar,True,Bryncoch,,False,False
CG-109685-0000,Co-operative Group,109685-0000,9685.0,Bath - St Saviours Road,The Co-operative Group,St Saviours Road,Bath,Bath And North East Somerset,BA1 6RT,51.3975691,-2.3448671,Co-op location-services API,Food,True,Larkhall,,False,False
CG-105306-0000,Co-operative Group,105306-0000,5306.0,Bradford On Avon - Bridge Yard,The Co-operative Group,1 Bridge Yard,Bradford-On-Avon,Wiltshire,BA15 1EJ,51.347149,-2.250427,Co-op location-services API,Food,True,,,False,False
CG-109487-0000,Co-operative Group,109487-0000,9487.0,Bristol - Downend Road,The Co-operative Group,Downend Road,Bristol,South Gloucestershire,BS16 5UJ,51.4883426,-2.5046082,Co-op location-services API,Food,True,Downend,,False,False
CG-156452-0000,Co-operative Group,156452-0000,6452.0,Morriston,The Co-operative Group,Rhodfa Fadog,Swansea,Swansea,SA6 6LQ,51.68304512415185,-3.92400354,Co-op location-services API,Food,True,Morriston,,False,False
CG-107296-0000,Co-operative Group,107296-0000,7296.0,Caldicot - Newport Road,The Co-operative Group,West End Shopping Centre,Caldicot,Monmouthshire,NP26 4AA,51.5882809,-2.7598053,Co-op location-services API,Food,True,Newport Road,,False,False
CG-109437-0000,Co-operative Group,109437-0000,9437.0,Clydach - High Street,The Co-operative Group,High Street,Swansea,Swansea,SA6 5LJ,51.6949739,-3.893786,Co-op location-services API,Food,True,Clydach,,False,False
CG-105442-0000,Co-operative Group,105442-0000,5442.0,Cwmbach - Canal Road,The Co-operative Group,Canal Road,Aberdare,Rhondda Cynon Taf,CF44 0PN,51.7074273,-3.4220438,Co-op location-services API,Food,True,Cwmbach,,False,False
CG-107356-0000,Co-operative Group,107356-0000,7356.0,Cwmbran - North Road,The Co-operative Group,26-28 North Road,Cwmbran,Torfaen,NP44 2EN,51.6582888,-3.0045727,Co-op location-services API,Food,True,,,False,False
CG-106891-0000,Co-operative Group,106891-0000,6891.0,Bransgore - Oak Tree Parade,The Co-operative Group,7-8 Oak Tree Parade,Christchurch,Hampshire,BH23 8AB,50.7812383,-1.7360636,Co-op location-services API,Food,True,Bransgore,,False,False
CG-104950-0000,Co-operative Group,104950-0000,4950.0,Fordingbridge - High Street,The Co-operative Group,38-50 High Street,Fordingbridge,Hampshire,SP6 1AX,50.9269554,-1.7915413,Co-op location-services API,Food,True,,,False,False
CG-106628-0000,Co-operative Group,106628-0000,6628.0,Winterbourne - Dragon Road,The Co-operative Group,6 Dragon Road,Bristol,South Gloucestershire,BS36 1BQ,51.52258759999999,-2.5085109,Co-op location-services API,Food,True,Winterbourne,,False,False
CG-106638-0000,Co-operative Group,106638-0000,6638.0,Pentrebach - Brown Street,The Co-operative Group,Brown Street,Merthyr Tydfil,Merthyr Tydfil,CF48 4BG,51.7275238,-3.3593957,Co-op location-services API,Food,True,Pentrebach,,False,False
CG-105911-0000,Co-operative Group,105911-0000,5911.0,Llangennech - Afton Road,The Co-operative Group,Afton Road,Llanelli,Carmarthenshire,SA14 8TS,51.6961379,-4.0830405,Co-op location-services API,Food,True,Llangennech,,False,False
CG-105705-0000,Co-operative Group,105705-0000,5705.0,Griffithstown - Windsor Road,The Co-operative Group,5 Windsor Road,Pontypool,Torfaen,NP4 5HY,51.68611139999999,-3.025572300000001,Co-op location-services API,Food,True,Griffithstown,,False,False
CG-105448-0000,Co-operative Group,105448-0000,5448.0,Hirwaun - Brecon Road,The Co-operative Group,Brecon Road,Aberdare,Rhondda Cynon Taf,CF44 9NN,51.73839,-3.51159,Co-op location-services API,Food,True,Hirwaun,,False,False
CG-108870-0000,Co-operative Group,108870-0000,8870.0,Wilton - North Street,The Co-operative Group,19-21 North Street,Salisbury,Wiltshire,SP2 0HE,51.0808261,-1.8630167,Co-op location-services API,Food,True,Wilton,,False,False
CG-105362-0000,Co-operative Group,105362-0000,5362.0,Llanelli - Sandy Lane,The Co-operative Group,Sandy Road,Llanelli,Carmarthenshire,SA15 4BR,51.6852308,-4.1766876,Co-op location-services API,Food,True,,,False,False
CG-106022-0000,Co-operative Group,106022-0000,6022.0,Rosudgeon - Main Road,The Co-operative Group,Main Road,Penzance,Cornwall,TR20 9QE,50.11587361,-5.416903611,Co-op location-services API,Food,True,Rosudgeon,,False,False
CG-104980-0000,Co-operative Group,104980-0000,4980.0,Glynneath - High Street,The Co-operative Group,High Street,Port Talbot,Neath Port Talbot,SA11 5AL,51.7465779,-3.620473,Co-op location-services API,Food,True,Glynneath,,False,False
CG-156460-0000,Co-operative Group,156460-0000,6460.0,Frampton Cotterell,The Co-operative Group,Clyde Road,Bristol,South Gloucestershire,BS36 2EF,51.532943762329374,-2.480177380306525,Co-op location-services API,Food,True,Frampton Cotterell,,False,False
CG-105577-0000,Co-operative Group,105577-0000,5577.0,Barton on Sea - Sea Road,The Co-operative Group,Sea Road,New Milton,Hampshire,BH25 7ND,50.73932322016709,-1.6715681653770769,Co-op location-services API,Food,True,Barton on Sea,,False,False
CG-105652-0000,Co-operative Group,105652-0000,5652.0,Pontarddulais - St Teilo Street,The Co-operative Group,238-240 St Teilo Street,Swansea,Swansea,SA4 8LQ,51.71458268905378,-4.0412807929181485,Co-op location-services API,Food,True,Pontarddulais,,False,False
CG-104934-0000,Co-operative Group,104934-0000,4934.0,Llanelli - Glanlliedi Terrace,The Co-operative Group,Glanlliedi,Llanelli,Carmarthenshire,SA14 8BB,51.69848630000001,-4.1451669,Co-op location-services API,Food,True,Felinfoel,,False,False
CG-103731-0000,Co-operative Group,103731-0000,3731.0,Burry Port - Seaview Terrace,The Co-operative Group,Seaview Terrace,Burry Port,Carmarthenshire,SA16 0EN,51.68372191387572,-4.25185678,Co-op location-services API,Food,True,,,False,False
CG-104638-0000,Co-operative Group,104638-0000,4638.0,St Ives - Tregenna Place,The Co-operative Group,13-14 Tregenna Place,St Ives,Cornwall,TR26 1SD,50.2117744,-5.4808461,Co-op location-services API,Food,True,,,False,False
CG-106812-0000,Co-operative Group,106812-0000,6812.0,St Ives - Royal Square,The Co-operative Group,Royal Square,Penzance,Cornwall,TR26 2ND,50.211273,-5.481887199999999,Co-op location-services API,Food,True,St Ives,,False,False
CG-156331-0000,Co-operative Group,156331-0000,6331.0,Chepstow,The Co-operative Group,Land south of Junction 2 - M48,Chepstow,Monmouthshire,NP16 6UP,51.61755,-2.66482,Co-op location-services API,Food,True,,,False,False
CG-107926-0000,Co-operative Group,107926-0000,7926.0,Salisbury - Wilton Road,The Co-operative Group,197-207 Wilton Road,Salisbury,Wiltshire,SP2 7JY,51.0747925,-1.8211174,Co-op location-services API,Food,True,,,False,False
CG-106655-0000,Co-operative Group,106655-0000,6655.0,St Ives - The Stennack,The Co-operative Group,The Stennack,St Ives,Cornwall,TR26 1DB,50.2086127,-5.4903263,Co-op location-services API,Food,True,,,False,False
CG-104882-0000,Co-operative Group,104882-0000,4882.0,Downton - The Borough,The Co-operative Group,66 The Borough,Salisbury,Wiltshire,SP5 3LY,50.9926089,-1.7517732,Co-op location-services API,Food,True,Downton,,False,False
CG-103682-0000,Co-operative Group,103682-0000,3682.0,Chipping Sodbury - Heron Way,The Co-operative Group,1 Heron Way,Chipping Sodbury,South Gloucestershire,BS37 6XW,51.53133683444914,-2.40483353,Co-op location-services API,Food,True,,,False,False
CG-107364-0000,Co-operative Group,107364-0000,7364.0,Melksham - Blackmore Road,The Co-operative Group,2 Blackmore Road,Melksham,Wiltshire,SN12 7HS,51.3765823,-2.1249748,Co-op location-services API,Food,True,,,False,False
CG-105289-0000,Co-operative Group,105289-0000,5289.0,Melksham - Cranesbill Road,The Co-operative Group,"Verbena Court,  Cranesbill Road",Melksham,Wiltshire,SN12 7GS,51.3717048,-2.115333,Co-op location-services API,Food,True,,,False,False
CG-104037-0000,Co-operative Group,104037-0000,4037.0,Usk - Bridge Street,The Co-operative Group,51 Bridge Street,Usk,Monmouthshire,NP15 1BQ,51.7024475,-2.905165499999999,Co-op location-services API,Food,True,,,False,False
CG-104966-0000,Co-operative Group,104966-0000,4966.0,Talywain - Stanley Road,The Co-operative Group,Stanley Road,Pontypool,Torfaen,NP4 7LH,51.7360046,-3.0682532,Co-op location-services API,Food,True,Garndiffaith,,False,False
CG-107303-0000,Co-operative Group,107303-0000,7303.0,Salisbury - Castle Road,The Co-operative Group,74 Castle Road,Salisbury,Wiltshire,SP1 3RR,51.083592,-1.7975842,Co-op location-services API,Food,True,,,False,False
CG-109689-0000,Co-operative Group,109689-0000,9689.0,Corsham - New Place,The Co-operative Group,1 Martingate,Corsham,Wiltshire,SN13 0HL,51.4321862,-2.1867497,Co-op location-services API,Food,True,,,False,False
CG-107243-0000,Co-operative Group,107243-0000,7243.0,Market Lavington - High Street,The Co-operative Group,15 High Street,Devizes,Wiltshire,SN10 4AF,51.2869526,-1.978696199999999,Co-op location-services API,Food,True,Market Lavington,,False,False
CG-107732-0000,Co-operative Group,107732-0000,7732.0,Thornbury - High Street,The Co-operative Group,9 High Street,Bristol,South Gloucestershire,BS35 2AE,51.6087614,-2.5257948,Co-op location-services API,Lunar,True,Thornbury,,False,False
CG-105111-0000,Co-operative Group,105111-0000,5111.0,Sway - Station Road,The Co-operative Group,Station Road,Lymington,Hampshire,SO41 6BA,50.7844520208586,-1.6080544283104454,Co-op location-services API,Food,True,Sway,,False,False
CG-104660-0000,Co-operative Group,104660-0000,4660.0,Blaina - High Street,The Co-operative Group,53 High Street,Abertillery,Blaenau Gwent,NP13 3XB,51.767502,-3.1601381,Co-op location-services API,Food,True,Blaina,,False,False
CG-104658-0000,Co-operative Group,104658-0000,4658.0,Blaenavon - Ivor Street,The Co-operative Group,Ivor Street,Pontypool,Torfaen,NP4 9NA,51.7725106,-3.0854898,Co-op location-services API,Food,True,Blaenavon,,False,False
CG-105824-0000,Co-operative Group,105824-0000,5824.0,Kidwelly - Monksford Street,The Co-operative Group,Monksford Street,Kidwelly,Carmarthenshire,SA17 4TW,51.7350256,-4.302315,Co-op location-services API,Food,True,,,False,False
CG-106641-0000,Co-operative Group,106641-0000,6641.0,Penzance - Market Jew Street,The Co-operative Group,114-117 Market Jew Street,Penzance,Cornwall,TR18 2LD,50.11883890000001,-5.536142400000001,Co-op location-services API,Food,True,,,False,False
CG-106135-0000,Co-operative Group,106135-0000,6135.0,Garnant - Cwmamman Road,The Co-operative Group,Cwmamman Road,Ammanford,Carmarthenshire,SA18 1LS,51.80265891314541,-3.910990213138797,Co-op location-services API,Lunar,True,Garnant,,False,False
CG-106690-0000,Co-operative Group,106690-0000,6690.0,Penzance - Queens Road,The Co-operative Group,6 Queens Square,Penzance,Cornwall,TR18 2JJ,50.1179753,-5.5370291,Co-op location-services API,Food,True,Central Penzance,,False,False
CG-105629-0000,Co-operative Group,105629-0000,5629.0,Ammanford - College Street,The Co-operative Group,College Street,Ammanford,Carmarthenshire,SA18 2NP,51.79434,-3.98961,Co-op location-services API,Food,True,,,False,False
CG-104199-0000,Co-operative Group,104199-0000,4199.0,Chippenham - Conway Road,The Co-operative Group,17-19 Conway Road,Chippenham,Wiltshire,SN14 0PW,51.4561068,-2.1427313,Co-op location-services API,Food,True,,,True,False
CG-106570-0000,Co-operative Group,106570-0000,6570.0,Newlyn - The Strand,The Co-operative Group,18 The Strand,Penzance,Cornwall,TR18 5HN,50.10608909999999,-5.5495334,Co-op location-services API,Food,True,Newlyn,,False,False
CG-108868-0000,Co-operative Group,108868-0000,8868.0,Amesbury - Archers Way,The Co-operative Group,Archers Way,Salisbury,Wiltshire,SP4 7XP,51.1641815,-1.7636436,Co-op location-services API,Food,True,Amesbury,,False,False
CG-105239-0000,Co-operative Group,105239-0000,5239.0,Amesbury - Salisbury Street,The Co-operative Group,23 Salisbury Street,Salisbury,Wiltshire,SP4 7AW,51.1680355,-1.7655029,Co-op location-services API,Lunar,True,Amesbury,,False,False
CG-105989-0000,Co-operative Group,105989-0000,5989.0,Amesbury - Boscombe Road,The Co-operative Group,Boscombe Road,Salisbury,Wiltshire,SP4 7JH,51.1680422,-1.7654895,Co-op location-services API,Lunar,True,Amesbury,,False,False
CG-104703-0000,Co-operative Group,104703-0000,4703.0,Broomfield - Greenway Lane,The Co-operative Group,93 Greenway Lane,Chippenham,Wiltshire,SN15 1DZ,51.4708586,-2.1182147,Co-op location-services API,Food,True,Broomfield,,False,False
CG-104310-0000,Co-operative Group,104310-0000,4310.0,Llandybie - High Street,The Co-operative Group,High Street,Ammanford,Carmarthenshire,SA18 3JA,51.8211278,-4.0069239,Co-op location-services API,Food,True,Llandybie,,False,False
CG-156193-0000,Co-operative Group,156193-0000,6193.0,Charfield - Wotton Road,The Co-operative Group,Wotton Road,Charfield,South Gloucestershire,GL12 8SR,51.62890849752069,-2.3996944701834577,Co-op location-services API,Food,True,,,False,False
CG-105196-0000,Co-operative Group,105196-0000,5196.0,Tenby - Heywood Lane,The Co-operative Group,"The Green, Heywood Lane",Tenby,Pembrokeshire,SA70 8EU,51.6749103,-4.7081293,Co-op location-services API,Food,True,,,False,False
CG-104118-0000,Co-operative Group,104118-0000,4118.0,Crickhowell - High Street,The Co-operative Group,High Street,Crickhowell,Powys,NP8 1BW,51.859707222222,-3.137269722222,Co-op location-services API,Food,True,,,False,False
CG-107737-0000,Co-operative Group,107737-0000,7737.0,Totton - Salisbury Road,The Co-operative Group,219 Salisbury Road,Southampton,Hampshire,SO40 3LL,50.9268681,-1.5004901,Co-op location-services API,Food,True,Totton,,False,False
CG-107663-0000,Co-operative Group,107663-0000,7663.0,Totton - Rumbridge Street,The Co-operative Group,23 Rumbridge Street,Southampton,Hampshire,SO40 9DQ,50.9154788,-1.4861093,Co-op location-services API,Food,True,Totton,,False,False
CG-106817-0000,Co-operative Group,106817-0000,6817.0,St Just - Corner House,The Co-operative Group,Corner House,Penzance,Cornwall,TR19 7HE,50.124436,-5.6800953,Co-op location-services API,Food,True,St Just,,False,False
CG-156334-0000,Co-operative Group,156334-0000,6334.0,Lydney,The Co-operative Group,Highfield Road,Lydney,Gloucestershire,GL15 4BZ,51.73411530162879,-2.5157435721188026,Co-op location-services API,Food/Petrol,True,,,False,False
CG-105907-0000,Co-operative Group,105907-0000,5907.0,Llandeilo - Rhosmaen Street,The Co-operative Group,Rhosmaen Street,Llandeilo,Carmarthenshire,SA19 6LU,51.8878139,-3.990044,Co-op location-services API,Food,True,,,False,False
CG-104202-0000,Co-operative Group,104202-0000,4202.0,Monmouth - Rockfield Road,The Co-operative Group,Rockfield Road,Monmouth,Monmouthshire,NP25 5AU,51.8122913,-2.7249472,Co-op location-services API,Food,True,,,False,False
CG-107588-0000,Co-operative Group,107588-0000,7588.0,Nursling - Nursling Street,The Co-operative Group,1-2 Nursling Street,Southampton,Hampshire,SO16 0XH,50.94496299999999,-1.4629965,Co-op location-services API,Lunar,True,Nursling,,False,False
CG-105827-0000,Co-operative Group,105827-0000,5827.0,Kilgetty - Carmarthen Road,The Co-operative Group,Carmarthen Road,Kilgetty,Pembrokeshire,SA68 0YA,51.732022,-4.717893,Co-op location-services API,Food,True,,,False,False
CG-106645-0000,Co-operative Group,106645-0000,6645.0,Pewsey - High Street,The Co-operative Group,High Street,Pewsey,Wiltshire,SN9 5AQ,51.3388241,-1.7637917,Co-op location-services API,Food,True,,,False,False
CG-104751-0000,Co-operative Group,104751-0000,4751.0,Carmarthen - King Street,The Co-operative Group,46 King Street,Carmarthen,Carmarthenshire,SA31 1BH,51.85715700000001,-4.3049456,Co-op location-services API,Food,True,,,False,False
CG-105444-0000,Co-operative Group,105444-0000,5444.0,Carmarthen - Jobs Well Road,The Co-operative Group,Job's Well Road,Carmarthen,Carmarthenshire,SA31 3HG,51.854304,-4.326788,Co-op location-services API,Food,True,,,False,False
CG-107535-0000,Co-operative Group,107535-0000,7535.0,Malmesbury - High Street,The Co-operative Group,8 High Street,Malmesbury,Wiltshire,SN16 9AU,51.58352679999999,-2.0978413,Co-op location-services API,Food,True,,,False,False
CG-105996-0000,Co-operative Group,105996-0000,5996.0,Lyneham - Church End,The Co-operative Group,45 Church End,Lyneham,Wiltshire,SN15 4PP,51.5079834,-1.9658609,Co-op location-services API,Lunar,True,,,False,False
CG-109688-0000,Co-operative Group,109688-0000,9688.0,Malmesbury - Gloucester Road,The Co-operative Group,Gloucester Road,Malmesbury,Wiltshire,SN16 9JS,51.5893485,-2.1013877,Co-op location-services API,Food,True,,,False,False
CG-108810-0000,Co-operative Group,108810-0000,8810.0,Southampton - Shirley Road,The Co-operative Group,195-197 Shirley Road,Southampton,Southampton,SO15 3FJ,50.9145368,-1.4231275,Co-op location-services API,Food,True,Shirley,,False,False
CG-104244-0000,Co-operative Group,104244-0000,4244.0,Pembroke - Gooses Lane,The Co-operative Group,1 Gooses Lane,Pembroke,Pembrokeshire,SA71 4DT,51.674231,-4.909809,Co-op location-services API,Food,True,,,False,False
CG-105770-0000,Co-operative Group,105770-0000,5770.0,Holbury - Long Lane,The Co-operative Group,163 Long Lane,Southampton,Hampshire,SO45 2NZ,50.83404849999999,-1.3838084,Co-op location-services API,Food,True,Holbury,,False,False
CG-106899-0000,Co-operative Group,106899-0000,6899.0,St Clears - Station Road,The Co-operative Group,Station Road,Carmarthen,Carmarthenshire,SA33 4DG,51.828351,-4.4927014,Co-op location-services API,Food,True,St Clears,,False,False
CG-106587-0000,Co-operative Group,106587-0000,6587.0,North Baddesley - Botley Road,The Co-operative Group,Botley Road,Southampton,Hampshire,SO52 9DW,50.9779456,-1.4378556,Co-op location-services API,Food,True,North Baddesley,,False,False
CG-109497-0000,Co-operative Group,109497-0000,9497.0,Tetbury - Long Street,The Co-operative Group,17 Long Street,Tetbury,Gloucestershire,GL8 8AA,51.6379318,-2.1609971,Co-op location-services API,Food,True,,,False,False
CG-104689-0000,Co-operative Group,104689-0000,4689.0,Brecon - Lion Street,The Co-operative Group,Lion Street,Brecon,Powys,LD3 7HY,51.9482486,-3.3906003,Co-op location-services API,Food,True,,,False,False
CG-105590-0000,Co-operative Group,105590-0000,5590.0,Southampton - Ocean Way,The Co-operative Group,Alexandra Wharf Maritime Walk,Southampton,Southampton,SO14 3TL,50.89591,-1.39286,Co-op location-services API,Food,True,Ocean Way Ocean Village,,False,False
CG-109698-0000,Co-operative Group,109698-0000,9698.0,Ludgershall - Andover Road,The Co-operative Group,Andover Road,Ludgershall,Wiltshire,SP11 9LU,51.2549195,-1.6195572,Co-op location-services API,Food,True,,,False,False
CG-107904-0000,Co-operative Group,107904-0000,7904.0,Southampton - Johns Road,The Co-operative Group,Johns Road,Southampton,Southampton,SO19 9BU,50.897865,-1.377884,Co-op location-services API,Food,True,Woolston,,False,False
CG-106869-0000,Co-operative Group,106869-0000,6869.0,Southampton - Bridge Road,The Co-operative Group,49-51 Bridge Road,Southampton,Southampton,SO19 7GP,50.90049090000001,-1.3774302,Co-op location-services API,Food,True,Woolston,,False,False
CG-104145-0000,Co-operative Group,104145-0000,4145.0,Southampton - Weston Lane,The Co-operative Group,Weston Lane,Southampton,Southampton,SO19 9GR,50.8926313,-1.3690061,Co-op location-services API,Food,True,,,False,False
CG-104112-0000,Co-operative Group,104112-0000,4112.0,Southampton - Bassett Green Road,The Co-operative Group,Bassett Green Road,Southampton,Southampton,SO16 3EG,50.9442243,-1.3876579,Co-op location-services API,Food,True,,,False,False
CG-107993-0000,Co-operative Group,107993-0000,7993.0,Whitland - North Road,The Co-operative Group,North Road,Whitland,Carmarthenshire,SA34 0AE,51.8196996,-4.6153038,Co-op location-services API,Food,True,,,False,False
CG-107939-0000,Co-operative Group,107939-0000,7939.0,Southampton - Tickleford Drive,The Co-operative Group,123 Tickleford Drive,Southampton,Southampton,SO19 9AU,50.8864001,-1.3582876,Co-op location-services API,Food,True,Weston,,False,False
CG-107567-0000,Co-operative Group,107567-0000,7567.0,Netley - Station Road,The Co-operative Group,18-20 Station Road,Southampton,Hampshire,SO31 5AF,50.873411,-1.3518458,Co-op location-services API,Food,True,Netley Abbey,,False,False
CG-105415-0000,Co-operative Group,105415-0000,5415.0,Southampton - Spring Road,The Co-operative Group,216-220 Spring Road,Southampton,Southampton,SO19 2NT,50.90443,-1.36218,Co-op location-services API,Food,True,,,False,False
CG-107688-0000,Co-operative Group,107688-0000,7688.0,Southampton - South East Road,The Co-operative Group,141 South East Road,Southampton,Southampton,SO19 8JS,50.9014463,-1.3555668,Co-op location-services API,Food,True,Sholing,,False,False
CG-107951-0000,Co-operative Group,107951-0000,7951.0,Southampton - Portsmouth Road,The Co-operative Group,400 Portsmouth Road,Southampton,Southampton,SO19 9AT,50.8944273,-1.3518081,Co-op location-services API,Lunar,True,Woolston,,False,False
CG-105978-0000,Co-operative Group,105978-0000,5978.0,Neyland - High Street,The Co-operative Group,44 High Street,Milford Haven,Pembrokeshire,SA73 1TF,51.7084112,-4.947615799999999,Co-op location-services API,Food,True,Neyland,,False,False
CG-107849-0000,Co-operative Group,107849-0000,7849.0,Hamble - Coronation Parade,The Co-operative Group,8-9 Coronation Parade,Southampton,Hampshire,SO31 4JT,50.86226029999999,-1.3292311,Co-op location-services API,Food,True,Hamble,,False,False
CG-109722-0000,Co-operative Group,109722-0000,9722.0,East Cowes - York Avenue,The Co-operative Group,York Avenue,East Cowes,Isle Of Wight,PO32 6QY,50.758018,-1.288204,Co-op location-services API,Food,True,,,False,False
CG-109733-0000,Co-operative Group,109733-0000,9733.0,Chandlers Ford - Winchester Road,The Co-operative Group,105-111 Winchester Road,Eastleigh,Hampshire,SO53 2GH,50.9878619,-1.3745748,Co-op location-services API,Food,True,Chandlers Ford,,False,False
CG-105716-0000,Co-operative Group,105716-0000,5716.0,Hamble - High Street,The Co-operative Group,High Street,Southampton,Hampshire,SO31 4HA,50.8588821,-1.3150845,Co-op location-services API,Food,True,Hamble,,False,False
CG-108814-0000,Co-operative Group,108814-0000,8814.0,Southampton - Hinkler Parade,The Co-operative Group,318 Hinkler Road,Southampton,Southampton,SO19 6DF,50.9082505,-1.3340501,Co-op location-services API,Food,True,Thornhill,,False,False
CG-109429-0000,Co-operative Group,109429-0000,9429.0,Llandovery - High Street,The Co-operative Group,High Street,Llandovery,Carmarthenshire,SA20 0RA,51.995145,-3.7889387,Co-op location-services API,Food,True,,,False,False
CG-107760-0000,Co-operative Group,107760-0000,7760.0,Warsash - Warsash Road,The Co-operative Group,3 Warsash Road,Southampton,Hampshire,SO31 9HW,50.8534985,-1.2993918,Co-op location-services API,Food,True,Warsash,,False,False
CG-105533-0000,Co-operative Group,105533-0000,5533.0,Andover - Salisbury Road,The Co-operative Group,Salisbury Road,Andover,Hampshire,SP10 2LH,51.20321,-1.49617,Co-op location-services API,Food,True,,,False,False
CG-109726-0000,Co-operative Group,109726-0000,9726.0,Hedge End - Lower Northam Road,The Co-operative Group,2a Lower Northam Road,Southampton,Hampshire,SO30 4FQ,50.91351299999999,-1.3025488,Co-op location-services API,Food,True,Hedge End,,False,False
CG-106106-0000,Co-operative Group,106106-0000,6106.0,Talgarth - Hay Road,The Co-operative Group,Hay Road,Talgarth,Powys,LD3 0AW,51.998962690414345,-3.231243260253961,Co-op location-services API,Food,True,,,False,False
CG-107601-0000,Co-operative Group,107601-0000,7601.0,Park Gate - Bridge Road,The Co-operative Group,Bridge Road,Southampton,Hampshire,SO31 7GE,50.8718716,-1.2681477,Co-op location-services API,Food,True,Park Gate,,False,False
CG-105953-0000,Co-operative Group,105953-0000,5953.0,Andover - London Road,The Co-operative Group,38-39 London Road,Andover,Hampshire,SP10 2PP,51.2100462,-1.4599851,Co-op location-services API,Food,True,,,False,False
CG-109721-0000,Co-operative Group,109721-0000,9721.0,Ventnor - Pier Street,The Co-operative Group,1 Pier Street,Ventnor,Isle Of Wight,PO38 1ST,50.59492590000001,-1.2056185,Co-op location-services API,Food,True,,,False,False
CG-107272-0000,Co-operative Group,107272-0000,7272.0,Botley - The Square,The Co-operative Group,12 The Square,Southampton,Hampshire,SO30 2EA,50.91448279999999,-1.2706566,Co-op location-services API,Food,True,Botley,,False,False
CG-105152-0000,Co-operative Group,105152-0000,5152.0,Purton - Station Road,The Co-operative Group,Station Road,Swindon,Wiltshire,SN5 4AQ,51.58838,-1.86616,Co-op location-services API,Lunar,True,Purton,,False,False
CG-109718-0000,Co-operative Group,109718-0000,9718.0,Shanklin - Landguard Road,The Co-operative Group,Landguard Road,Shanklin,Isle Of Wight,PO37 7JR,50.6318165,-1.1802805,Co-op location-services API,Food,True,,,False,False
CG-104171-0000,Co-operative Group,104171-0000,4171.0,Stubbington - The Green,The Co-operative Group,42 The Green,Fareham,Hampshire,PO14 2LE,50.8253049,-1.2132526,Co-op location-services API,Food,True,Stubbington,,False,False
CG-105264-0000,Co-operative Group,105264-0000,5264.0,Ross on Wye - Overross Street,The Co-operative Group,Overross Street,Ross on Wye,"Herefordshire, County Of",HR9 7AS,51.91852,-2.58006,Co-op location-services API,Food,True,,,False,False
CG-109734-0000,Co-operative Group,109734-0000,9734.0,Fareham - Highlands Road,The Co-operative Group,Highlands Road,Fareham,Hampshire,PO15 6QL,50.8594925,-1.2096638,Co-op location-services API,Food,True,,,False,False
CG-107398-0000,Co-operative Group,107398-0000,7398.0,Fareham - Fairfield Avenue,The Co-operative Group,47 Fairfield Avenue,Fareham,Hampshire,PO14 1EH,50.84392219999999,-1.1958376,Co-op location-services API,Food,True,,,False,False
CG-109719-0000,Co-operative Group,109719-0000,9719.0,Sandown - High Street,The Co-operative Group,63-67 High Street,Sandown,Isle Of Wight,PO36 8AD,50.6549046,-1.1528436,Co-op location-services API,Food,True,,,False,False
CG-109725-0000,Co-operative Group,109725-0000,9725.0,Ryde - Anglesea Street,The Co-operative Group,4 Anglesea Street,Ryde,Isle Of Wight,PO33 2SX,50.7287809,-1.1619514,Co-op location-services API,Food,True,,,False,False
CG-156184-0000,Co-operative Group,156184-0000,6184.0,Collingwood MOD,The Co-operative Group,Main,Fareham,Hampshire,PO14 1AS,50.83447328340672,-1.18807153,Co-op location-services API,MOD,True,H.M.S. Collingwood,,False,False
CG-105166-0000,Co-operative Group,105166-0000,5166.0,South Cerney - High Street,The Co-operative Group,High Street,Cirencester,Gloucestershire,GL7 5UG,51.6713771,-1.9318543,Co-op location-services API,Food,True,South Cerney,,False,False
CG-107627-0000,Co-operative Group,107627-0000,7627.0,Gosport - Privett Road,The Co-operative Group,151 Privett Road,Gosport,Hampshire,PO12 3SS,50.79385809999999,-1.1593007,Co-op location-services API,Food,True,,,False,False
CG-105051-0000,Co-operative Group,105051-0000,5051.0,Gloucester - Stroud Road,The Co-operative Group,Stroud Road,Gloucester,Gloucestershire,GL4 0DA,51.8319469,-2.2447739,Co-op location-services API,Food,True,,,False,False
CG-105153-0000,Co-operative Group,105153-0000,5153.0,Swindon - Highdown Way,The Co-operative Group,Highdown Way,Swindon,Swindon,SN25 4FD,51.6046563,-1.7946462,Co-op location-services API,Lunar,True,Blunsdon St Andrew,,False,False
CG-107210-0000,Co-operative Group,107210-0000,7210.0,Aldbourne - Oxford Street,The Co-operative Group,6 Oxford Street,Malborough,Wiltshire,SN8 2DQ,51.47973289999999,-1.6189095,Co-op location-services API,Food,True,Aldbourne,,False,False
CG-109696-0000,Co-operative Group,109696-0000,9696.0,Whitchurch - Bell Street,The Co-operative Group,1 Bell Street,Whitchurch,Hampshire,RG28 7AE,51.2298766,-1.3393499,Co-op location-services API,Food,True,,,False,False
CG-105738-0000,Co-operative Group,105738-0000,5738.0,Hay on Wye - Newport Street,The Co-operative Group,Newport Street,Hereford,"Herefordshire, County Of",HR3 5BZ,52.0800039,-3.1229271,Co-op location-services API,Food,True,Hay-On-Wye,,False,False
CG-105106-0000,Co-operative Group,105106-0000,5106.0,Portsmouth - Queen Street,The Co-operative Group,125 Queen Street,Portsmouth,Portsmouth,PO1 3HY,50.7998848,-1.10344,Co-op location-services API,Food,True,,,False,False
CG-105680-0000,Co-operative Group,105680-0000,5680.0,Gloucester - Longford Lane,The Co-operative Group,Unit 1 Longford Lane,Gloucester,Gloucestershire,GL2 9BY,51.883171,-2.229546,Co-op location-services API,Food,True,Longford,,False,False
CG-107209-0000,Co-operative Group,107209-0000,7209.0,Southsea - 73-75 Albert Road,The Co-operative Group,73-75 Albert Road,Portsmouth,Portsmouth,PO5 2SG,50.7871003,-1.0794992,Co-op location-services API,Food,True,Southsea,,False,False
CG-105291-0000,Co-operative Group,105291-0000,5291.0,Southsea - South Parade,The Co-operative Group,South Parade,Southsea,Portsmouth,PO4 0SS,50.7794401,-1.0764277,Co-op location-services API,Food,True,,,False,False
CG-109738-0000,Co-operative Group,109738-0000,9738.0,Southsea - 251 Albert Road,The Co-operative Group,251 Albert Road,Portsmouth,Portsmouth,PO4 0JR,50.7865469,-1.0710354,Co-op location-services API,Lunar,True,Southsea,,False,False
CG-103634-0000,Co-operative Group,103634-0000,3634.0,Newcastle Emlyn - New Road,The Co-operative Group,New Road,Newcastle Emlyn,Carmarthenshire,SA38 9BA,52.0379409238669,-4.471722588098488,Co-op location-services API,Food,True,,,False,False
CG-105772-0000,Co-operative Group,105772-0000,5772.0,Hereford - Holme Lacy Road,The Co-operative Group,77-79 Holme Lacy Road,Hereford,"Herefordshire, County Of",HR2 6DF,52.0422452,-2.7131695,Co-op location-services API,Food,True,,,False,False
CG-105870-0000,Co-operative Group,105870-0000,5870.0,Lampeter - Lower Bridge Street,The Co-operative Group,Lower Bridge Street,Lampeter,Ceredigion,SA48 7AF,52.109614,-4.07428,Co-op location-services API,Food,True,,,False,False
CG-107991-0000,Co-operative Group,107991-0000,7991.0,Hereford - Whitecross Road,The Co-operative Group,234 Whitecross Road,Hereford,"Herefordshire, County Of",HR4 0DL,52.0618304,-2.7398341,Co-op location-services API,Lunar,True,,,False,False
CG-104296-0000,Co-operative Group,104296-0000,4296.0,Builth Wells - Brecon Road,The Co-operative Group,Brecon Road,Builth Wells,Powys,LD2 3ED,52.1475366,-3.4025535,Co-op location-services API,Food,True,,,False,False
CG-107750-0000,Co-operative Group,107750-0000,7750.0,Hereford - Ledbury Road,The Co-operative Group,250 Ledbury Road,Hereford,"Herefordshire, County Of",HR1 1QD,52.0588206,-2.6892931,Co-op location-services API,Food,True,Tupsley,,False,False
CG-104808-0000,Co-operative Group,104808-0000,4808.0,Hereford - College Road,The Co-operative Group,1 College Road,Hereford,"Herefordshire, County Of",HR1 1EE,52.06484499999999,-2.711675499999999,Co-op location-services API,Food,True,,,False,False
CG-105747-0000,Co-operative Group,105747-0000,5747.0,Hereford - Grandstand Road,The Co-operative Group,Grandstand Road,Hereford,"Herefordshire, County Of",HR4 9LT,52.0737886,-2.7431023,Co-op location-services API,Food,True,,,False,False
CG-106091-0000,Co-operative Group,106091-0000,6091.0,Newbury - Monument Close,The Co-operative Group,4 Monument Close Essex Street,Newbury,West Berkshire,RG14 6QW,51.382513,-1.34072,Co-op location-services API,Food,True,,,False,False
CG-106074-0000,Co-operative Group,106074-0000,6074.0,Havant - Bedhampton Road,The Co-operative Group,37 Belmont Grove,Bedhampton,Hampshire,PO9 3PT,50.85575341319392,-1.004928313990208,Co-op location-services API,Food,True,Havant,,False,False
CG-108946-0000,Co-operative Group,108946-0000,8946.0,Hayling Island - Selsmore Road,The Co-operative Group,4 Selsmore Road,Hayling Island,Hampshire,PO11 9LB,50.7872253,-0.9751605000000004,Co-op location-services API,Lunar,True,,,False,False
CG-156333-0000,Co-operative Group,156333-0000,6333.0,Lechlade,The Co-operative Group,Station Road,Lechlade,Gloucestershire,GL7 3ER,51.701249841180015,-1.6879488139745529,Co-op location-services API,Food/Petrol,True,,,False,False
CG-109471-0000,Co-operative Group,109471-0000,9471.0,Ledbury - New Street,The Co-operative Group,New Street,Ledbury,"Herefordshire, County Of",HR8 2EZ,52.0350739,-2.4249671,Co-op location-services API,Food,True,,,False,False
CG-105476-0000,Co-operative Group,105476-0000,5476.0,Oakley - Oakley Lane,The Co-operative Group,32 Oakley Lane,Basingstoke,Hampshire,RG23 7JY,51.24959386158718,-1.1777733591963542,Co-op location-services API,Food,True,Oakley,,False,False
CG-105107-0000,Co-operative Group,105107-0000,5107.0,Emsworth - Southleigh Road,The Co-operative Group,610 Southleigh Road,Emsworth,Hampshire,PO10 7TA,50.8611947,-0.9367952,Co-op location-services API,Food,True,,,False,False
CG-107558-0000,Co-operative Group,107558-0000,7558.0,Thatcham - The Broadway,The Co-operative Group,24-26 The Broadway,Newbury,West Berkshire,RG19 3HX,51.4025652,-1.2577033,Co-op location-services API,Food,True,Thatcham,,False,False
CG-107729-0000,Co-operative Group,107729-0000,7729.0,Thatcham - Station Road,The Co-operative Group,Burwood Centre,Newbury,West Berkshire,RG19 4YA,51.3973656,-1.2482441,Co-op location-services API,Food,True,Station Road  Thatcham,,False,False
CG-109423-0000,Co-operative Group,109423-0000,9423.0,Fishguard - High Street,The Co-operative Group,32 High Street,Fishguard,Pembrokeshire,SA65 9AR,51.9931901,-4.9786859,Co-op location-services API,Food,True,,,False,False
CG-105845-0000,Co-operative Group,105845-0000,5845.0,Kington - Crabtree Road,The Co-operative Group,Crabtree Road,Kington,"Herefordshire, County Of",HR5 3UD,52.2022406,-3.0300034,Co-op location-services API,Food,True,,,False,False
CG-107728-0000,Co-operative Group,107728-0000,7728.0,Thatcham - Harts Hill Road,The Co-operative Group,Harts Hill Road,Thatcham,West Berkshire,RG18 4NU,51.4085287,-1.2470486,Co-op location-services API,Food,True,Dunston Park,,False,False
CG-106088-0000,Co-operative Group,106088-0000,6088.0,Hermitage - Newbury Road,The Co-operative Group,Newbury Road,Thatcham,West Berkshire,RG18 9TD,51.45298723608133,-1.276910970426567,Co-op location-services API,Food,True,Hermitage,,False,False
CG-106121-0000,Co-operative Group,106121-0000,6121.0,East Wittering - Bracklesham Lane,The Co-operative Group,Bracklesham Lane,Chichester,West Sussex,PO20 8JA,50.76514339216609,-0.8572083834449957,Co-op location-services API,Food,True,Bracklesham Bay,,False,False
CG-105655-0000,Co-operative Group,105655-0000,5655.0,Tadley - New Road,The Co-operative Group,New Road,Tadley,Hampshire,RG26 3AL,51.348314725079554,-1.1406714113755565,Co-op location-services API,Food,True,,,False,False
CG-107834-0000,Co-operative Group,107834-0000,7834.0,Upton Upon Severn - Old Street,The Co-operative Group,15 Old Street,Worcester,Worcestershire,WR8 0HN,52.0628089,-2.2177456,Co-op location-services API,Food,True,Upton-upon-Severn,,False,False
CG-105116-0000,Co-operative Group,105116-0000,5116.0,Old Basing - Linden Avenue,The Co-operative Group,Linden Avenue,Basingstoke,Hampshire,RG24 7HR,51.2657848,-1.0430834,Co-op location-services API,Food,True,Old Basing,,False,False
CG-109467-0000,Co-operative Group,109467-0000,9467.0,Malvern - Barnards Green Road,The Co-operative Group,86-88 Barnards Green Road,Malvern,Worcestershire,WR14 3LY,52.1084007,-2.31105,Co-op location-services API,Food,True,,,False,False
CG-105133-0000,Co-operative Group,105133-0000,5133.0,Selsey - High Street,The Co-operative Group,High Street,Chichester,West Sussex,PO20 0QG,50.7343665,-0.7920198,Co-op location-services API,Food,True,Selsey,,False,False
CG-105439-0000,Co-operative Group,105439-0000,5439.0,Rhayader - East Street,The Co-operative Group,East Street,Rhayader,Powys,LD6 5DU,52.3021967,-3.5061612,Co-op location-services API,Food,True,,,False,False
CG-109257-0000,Co-operative Group,109257-0000,9257.0,Leominster - Dishley Street,The Co-operative Group,Dishley Street,Leominster,"Herefordshire, County Of",HR6 8PX,52.2264229,-2.7410675,Co-op location-services API,Food,True,,,False,False
CG-105540-0000,Co-operative Group,105540-0000,5540.0,Kingston Bagpuize - Witney Road,The Co-operative Group,Witney Road,Abingdon,Oxfordshire,OX13 5AN,51.68213,-1.41252,Co-op location-services API,Food,True,Kingston Bagpuize,,False,False
CG-107201-0000,Co-operative Group,107201-0000,7201.0,Malvern - Worcester Road,The Co-operative Group,162 Worcester Road,Malvern,Worcestershire,WR14 1AA,52.128193,-2.3140176,Co-op location-services API,Food,True,,,False,False
CG-107536-0000,Co-operative Group,107536-0000,7536.0,Malvern - Upper Howsell Road,The Co-operative Group,67 Upper Howsell Road,Malvern,Worcestershire,WR14 1TP,52.1325334,-2.3242942,Co-op location-services API,Food,True,,,False,False
CG-107281-0000,Co-operative Group,107281-0000,7281.0,Bromyard - High Street,The Co-operative Group,24-26 High Street,Bromyard,"Herefordshire, County Of",HR7 4AA,52.1890301,-2.5069093,Co-op location-services API,Food,True,,,False,False
CG-104701-0000,Co-operative Group,104701-0000,4701.0,Bromyard - Tenbury Road,The Co-operative Group,Tenbury Road,Bromyard,"Herefordshire, County Of",HR7 4LW,52.1914693,-2.5092601,Co-op location-services API,Food,True,,,False,False
CG-106225-0000,Co-operative Group,106225-0000,6225.0,Mortimer - Victoria Road,The Co-operative Group,15 Victoria Road,Reading,West Berkshire,RG7 3SH,51.37710806,-1.062825556,Co-op location-services API,Food,True,Mortimer Common,,False,False
CG-106036-0000,Co-operative Group,106036-0000,6036.0,Chichester - East Street,The Co-operative Group,52 East Street,Chichester,West Sussex,PO19 1JG,50.836004,-0.774551,Co-op location-services API,Lunar,True,,,False,False
CG-107287-0000,Co-operative Group,107287-0000,7287.0,Burghfield Common - Clayhill Road,The Co-operative Group,31-33 Clayhill Road,Reading,West Berkshire,RG7 3HF,51.4010014,-1.0650728,Co-op location-services API,Food,True,Burghfield Common,,False,False
CG-104135-0000,Co-operative Group,104135-0000,4135.0,Pagham - The Parade,The Co-operative Group,The Parade,Bognor Regis,West Sussex,PO21 4TW,50.7702278,-0.738107,Co-op location-services API,Food,True,Pagham,,False,False
CG-156332-0000,Co-operative Group,156332-0000,6332.0,Didcot,The Co-operative Group,Wantage Road,Didcot,Oxfordshire,OX11 0BT,51.605519259643394,-1.2562223658242233,Co-op location-services API,Food/Petrol,True,,,False,False
CG-107577-0000,Co-operative Group,107577-0000,7577.0,Theale - High Street,The Co-operative Group,2 High Street,Reading,West Berkshire,RG7 5AN,51.43694319999999,-1.076767,Co-op location-services API,Food,True,Theale,,False,False
CG-109681-0000,Co-operative Group,109681-0000,9681.0,Witney - High Street,The Co-operative Group,11 High Street,Witney,Oxfordshire,OX28 6HW,51.785864,-1.4853799,Co-op location-services API,Food,True,,,False,False
CG-108869-0000,Co-operative Group,108869-0000,8869.0,Didcot - Broadway,The Co-operative Group,202 Broadway,Didcot,Oxfordshire,OX11 8RN,51.6065984,-1.2441528,Co-op location-services API,Food,True,,,False,False
CG-107264-0000,Co-operative Group,107264-0000,7264.0,Bognor Regis - Nyetimber Lane,The Co-operative Group,2 Nyetimber Lane,Bognor Regis,West Sussex,PO21 3HG,50.7849587,-0.7165372000000001,Co-op location-services API,Food,True,Aldwick,,False,False
CG-103079-0000,Co-operative Group,103079-0000,3079.0,Didcot - Kilburn Place,The Co-operative Group,Kilburn Place,Didcot,Oxfordshire,OX11 9SH,51.62110549181752,-1.2379021213467143,Co-op location-services API,Food,True,,,False,False
CG-105808-0000,Co-operative Group,105808-0000,5808.0,Isles of Scilly - Hugh Street,The Co-operative Group,4 Hugh Street,Isles of Scilly,Isles Of Scilly,TR21 0LL,49.91499559999999,-6.3166981,Co-op location-services API,Food,True,St Marys,,False,False
CG-109798-0000,Co-operative Group,109798-0000,9798.0,Pangbourne - The Square,The Co-operative Group,6-7 The Square,Reading,West Berkshire,RG8 7AG,51.4839024,-1.0865204,Co-op location-services API,Food,True,Pangbourne,,False,False
CG-108928-0000,Co-operative Group,108928-0000,8928.0,Tangmere - Malcolm Road,The Co-operative Group,Malcolm Road,Chichester,West Sussex,PO20 2HS,50.8514191,-0.7169682,Co-op location-services API,Food,True,Tangmere,,False,False
CG-105943-0000,Co-operative Group,105943-0000,5943.0,Worcester - Canada Way,The Co-operative Group,63-65 Canada Way,Worcester,Worcestershire,WR2 4XA,52.1739247,-2.2410777,Co-op location-services API,Food,True,Lower Wick,,False,False
CG-105308-0000,Co-operative Group,105308-0000,5308.0,Abingdon - Northcourt Road,The Co-operative Group,39 Northcourt Road,Abingdon,Oxfordshire,OX14 1PJ,51.681903,-1.27675,Co-op location-services API,Food,True,,,False,False
CG-107626-0000,Co-operative Group,107626-0000,7626.0,Tilehurst - School Road,The Co-operative Group,29-35 School Road,Reading,Reading,RG31 5AR,51.4602644,-1.0370738,Co-op location-services API,Food,True,Tilehurst,,False,False
CG-106076-0000,Co-operative Group,106076-0000,6076.0,Bognor Regis - Chichester Road,The Co-operative Group,33 Chichester Road,Bognor Regis,West Sussex,PO21 2XH,50.792463,-0.67666,Co-op location-services API,Lunar,True,,,False,False
CG-109463-0000,Co-operative Group,109463-0000,9463.0,Pershore - Racecourse Road,The Co-operative Group,Racecourse Road,Pershore,Worcestershire,WR10 2EY,52.1291467,-2.0722103,Co-op location-services API,Food,True,,,False,False
CG-104868-0000,Co-operative Group,104868-0000,4868.0,Worcester - Gresham Road,The Co-operative Group,53 Gresham Road,Worcester,Worcestershire,WR2 5QS,52.1931105,-2.2541134,Co-op location-services API,Food,True,Dines Green,,False,False
CG-106111-0000,Co-operative Group,106111-0000,6111.0,Woodgate - Westergate Street,The Co-operative Group,Westergate Street,Chichester,West Sussex,PO20 3QL,50.831503055556,-0.669752777778,Co-op location-services API,Food,True,Woodgate,,False,False
CG-109802-0000,Co-operative Group,109802-0000,9802.0,Woodcote - Bridle Path,The Co-operative Group,2 Bridle Path,Reading,Oxfordshire,RG8 0SE,51.5306088,-1.0764362,Co-op location-services API,Food,True,Woodcote,,False,False
CG-106109-0000,Co-operative Group,106109-0000,6109.0,Church Crookham - Redfields Lane,The Co-operative Group,Redfields Lane,Fleet,Hampshire,GU52 0RB,51.25330682812216,-0.8494262784360405,Co-op location-services API,Food,True,Church Crookham,,False,False
CG-107457-0000,Co-operative Group,107457-0000,7457.0,Worcester - Henwick Road,The Co-operative Group,99 Henwick Road,Worcester,Worcestershire,WR2 5NY,52.1959963,-2.236766199999999,Co-op location-services API,Lunar,True,St. Johns,,False,False
CG-107772-0000,Co-operative Group,107772-0000,7772.0,Reading - Whitley Wood Road,The Co-operative Group,164-168 Whitley Wood Road,Reading,Reading,RG2 8LQ,51.4191762,-0.9596046,Co-op location-services API,Lunar,True,,,False,False
CG-104184-0000,Co-operative Group,104184-0000,4184.0,Shinfield - School Green,The Co-operative Group,39 School Green,Reading,Wokingham,RG2 9EE,51.40354749999999,-0.9463371,Co-op location-services API,Food,True,Shinfield,,False,False
CG-104996-0000,Co-operative Group,104996-0000,4996.0,Grayshott - Headley Road,The Co-operative Group,Headley Road,Hindhead,Hampshire,GU26 6LG,51.1108761,-0.751176,Co-op location-services API,Lunar,True,Grayshott,,False,False
CG-106714-0000,Co-operative Group,106714-0000,6714.0,Worcester - Lichfield Avenue,The Co-operative Group,21 Lichfield Avenue,Worcester,Worcestershire,WR5 1NP,52.19258170000001,-2.1904454,Co-op location-services API,Food,True,Ronkswood,,False,False
CG-107240-0000,Co-operative Group,107240-0000,7240.0,Barnham - Barnham Road,The Co-operative Group,6-9 The Square,Bognor Regis,West Sussex,PO22 0HB,50.8317405,-0.6409128000000001,Co-op location-services API,Lunar,True,Barnham,,False,False
CG-105042-0000,Co-operative Group,105042-0000,5042.0,Worcester - Barker Street,The Co-operative Group,Barker Street,Worcester,Worcestershire,WR3 8NP,52.20436,-2.21247,Co-op location-services API,Food,True,,,False,False
CG-106608-0000,Co-operative Group,106608-0000,6608.0,Worcester - 46 Ombersley Road,The Co-operative Group,46 Ombersley Road,Worcester,Worcestershire,WR3 7EU,52.2103124,-2.2264821,Co-op location-services API,Food,True,,,False,False
CG-108826-0000,Co-operative Group,108826-0000,8826.0,Fleet - Kings Road,The Co-operative Group,20 Kings Road,Fleet,Hampshire,GU51 3ST,51.2836721,-0.8352124,Co-op location-services API,Food,True,,,False,False
CG-103622-0000,Co-operative Group,103622-0000,3622.0,Arborfield - Bramshill Close,The Co-operative Group,27 Bramshill Close,Reading,Wokingham,RG2 9PL,51.38760765993625,-0.903743236523899,Co-op location-services API,Food,True,Arborfield,,False,False
CG-105455-0000,Co-operative Group,105455-0000,5455.0,Reading Uni - Whiteknights Campus,The Co-operative Group,Shinfield Road,Reading,Wokingham,RG6 6DD,51.4401955,-0.9439975,Co-op location-services API,Food,True,Whiteknights,,False,False
CG-107392-0000,Co-operative Group,107392-0000,7392.0,Reading - Erleigh Road,The Co-operative Group,55-57 Erleigh Road,Reading,Reading,RG1 5NL,51.44977009999999,-0.9496023,Co-op location-services API,Food,True,,,False,False
CG-107592-0000,Co-operative Group,107592-0000,7592.0,Worcester - 387 Ombersley Road,The Co-operative Group,387 Ombersley Road,Worcester,Worcestershire,WR3 7DA,52.2211515,-2.228596,Co-op location-services API,Food,True,Northwick,,False,False
CG-105921-0000,Co-operative Group,105921-0000,5921.0,Reading - London Road,The Co-operative Group,201 London Road,Reading,Reading,RG1 3NU,51.4531157,-0.9489314000000002,Co-op location-services API,Food,True,,,False,False
CG-108778-0000,Co-operative Group,108778-0000,8778.0,Caversham - South View Avenue,The Co-operative Group,100 South View Avenue,Reading,Reading,RG4 5BB,51.4683045,-0.9591958,Co-op location-services API,Food,True,Caversham,,False,False
CG-107812-0000,Co-operative Group,107812-0000,7812.0,Caversham - Henley Road,The Co-operative Group,124 Henley Road,Reading,Reading,RG4 6DH,51.4709079,-0.9586225000000002,Co-op location-services API,Food,True,Caversham,,False,False
CG-109799-0000,Co-operative Group,109799-0000,9799.0,Benson - High Street,The Co-operative Group,24 High Street,Wallingford,Oxfordshire,OX10 6RP,51.6209391,-1.1070907,Co-op location-services API,Food,True,Benson,,False,False
CG-105070-0000,Co-operative Group,105070-0000,5070.0,Cowley - Littlemore Road,The Co-operative Group,27 Littlemore Road,Oxford,Oxfordshire,OX4 3SS,51.728564,-1.218108,Co-op location-services API,Food,True,,,False,False
CG-109797-0000,Co-operative Group,109797-0000,9797.0,Sonning Common - Wood Lane,The Co-operative Group,44 Wood Lane,Reading,Oxfordshire,RG4 9SL,51.51735439999999,-0.9814602,Co-op location-services API,Food,True,Sonning Common,,False,False
CG-105334-0000,Co-operative Group,105334-0000,5334.0,Honeybourne - Station Road,The Co-operative Group,Station Road,Evesham,Worcestershire,WR11 7XR,52.09912,-1.83169,Co-op location-services API,Food,True,Honeybourne,,False,False
CG-109253-0000,Co-operative Group,109253-0000,9253.0,Llanidloes - Llangurig Road,The Co-operative Group,Llangurig Road,Llanidloes,Powys,SY18 6ES,52.4447744,-3.5423042,Co-op location-services API,Food,True,,,False,False
CG-156310-SPET,Co-operative Group,156310-SPET,6310.0,Ludlow - Foldgate Lane,The Co-operative Group,Foldgate Lane,Ludlow,Shropshire,SY8 1LS,52.36450542546232,-2.69593501790599,Co-op location-services API,Food/Petrol,True,,,False,False
CG-153784-0000,Co-operative Group,153784-0000,3784.0,Oxford Brookes Uni - Gipsy Ln,The Co-operative Group,Gipsy Lane,Oxford,Oxfordshire,OX3 0BP,51.75528,-1.222689,Co-op location-services API,University,True,Headington,,False,False
CG-107816-0000,Co-operative Group,107816-0000,7816.0,Oxford - Cherwell Drive,The Co-operative Group,22 Cherwell Drive,Oxford,Oxfordshire,OX3 0LY,51.7679573,-1.2316518,Co-op location-services API,Food,True,,,False,False
CG-104194-0000,Co-operative Group,104194-0000,4194.0,Aldershot - North Lane,The Co-operative Group,264 North Lane,Aldershot,Hampshire,GU12 4TJ,51.2511844,-0.7426081999999999,Co-op location-services API,Food,True,,,False,False
CG-109811-0000,Co-operative Group,109811-0000,9811.0,Petworth - Market Square,The Co-operative Group,Market Square,Petworth,West Sussex,GU28 0AH,50.9861033,-0.6102919,Co-op location-services API,Food,True,,,False,False
CG-107653-0000,Co-operative Group,107653-0000,7653.0,Sandhurst - Yorktown Road,The Co-operative Group,51-53 Yorktown Road,Sandhurst,Bracknell Forest,GU47 9DU,51.3461215,-0.8012229,Co-op location-services API,Lunar,True,,,False,False
CG-107340-0000,Co-operative Group,107340-0000,7340.0,Farnborough - Fernhill Road,The Co-operative Group,318-320 Fernhill Road,Farnborough,Hampshire,GU14 9EF,51.31140629999999,-0.7760514,Co-op location-services API,Food,True,Cove,,False,False
CG-108889-0000,Co-operative Group,108889-0000,8889.0,Farnborough - Queens Road,The Co-operative Group,1-3 Queens Road,Farnborough,Hampshire,GU14 6DJ,51.2764641,-0.7485474999999999,Co-op location-services API,Food,True,North Camp,,False,False
CG-104587-0000,Co-operative Group,104587-0000,4587.0,Aldershot - Ash Street,The Co-operative Group,69 Ash Street,Aldershot,Surrey,GU12 6LG,51.2461715,-0.7242569999999999,Co-op location-services API,Food,True,Ash,,False,False
CG-156156-SPET,Co-operative Group,156156-SPET,6156.0,Charvil - New Bath Road,The Co-operative Group,New Bath Road,Reading,Wokingham,RG10 9RL,51.4748226,-0.890516931,Co-op location-services API,Food/Petrol,True,Charvil,,False,False
CG-107224-0000,Co-operative Group,107224-0000,7224.0,Arundel - Queen Street,The Co-operative Group,15-17 Queen Street,Arundel,West Sussex,BN18 9JG,50.85291249999999,-0.5522903,Co-op location-services API,Food,True,,,False,False
CG-105193-0000,Co-operative Group,105193-0000,5193.0,Ash Vale - Wharf Road,The Co-operative Group,14 Wharf Road,Aldershot,Surrey,GU12 5AS,51.25751810000001,-0.719856,Co-op location-services API,Food,True,Ash Vale,,False,False
CG-104929-0000,Co-operative Group,104929-0000,4929.0,Farnborough - Woburn Avenue,The Co-operative Group,36-40A Woburn Avenue,Farnborough,Hampshire,GU14 7EF,51.2888831,-0.7396208999999998,Co-op location-services API,Food,True,,,False,False
CG-109808-0000,Co-operative Group,109808-0000,9808.0,Crowthorne - High Street,The Co-operative Group,High Street,Crowthorne,Bracknell Forest,RG45 7AF,51.3684744,-0.7931721,Co-op location-services API,Food,True,,,False,False
CG-107597-0000,Co-operative Group,107597-0000,7597.0,Sandhurst - Yeovil Road,The Co-operative Group,33-35 Yeovil Road,Sandhurst,Bracknell Forest,GU47 0TF,51.35275110000001,-0.7796812999999999,Co-op location-services API,Food,True,Owlsmoor,,False,False
CG-106056-0000,Co-operative Group,106056-0000,6056.0,Camberley - Frimley Road,The Co-operative Group,Frimley Road,Camberley,Surrey,GU15 2QN,51.327118727369545,-0.7553019580905748,Co-op location-services API,Food,True,,,False,False
CG-156324-0000,Co-operative Group,156324-0000,6324.0,Frimley Park Hospital,The Co-operative Group,Portsmouth Road,Camberley,Surrey,GU16 7UJ,51.32005,-0.7421,Co-op location-services API,Hospital,True,Frimley,,False,False
CG-109602-0000,Co-operative Group,109602-0000,9602.0,Shipston-On-Stour - High Street,The Co-operative Group,11 High Street,Shipston-On-Stour,Warwickshire,CV36 4AB,52.0629442,-1.6248742,Co-op location-services API,Food,True,,,False,False
CG-105369-0000,Co-operative Group,105369-0000,5369.0,Bracknell - Falcon Way,The Co-operative Group,Falcon Way,Bracknell,Bracknell Forest,RG12 8QD,51.40484,-0.78279,Co-op location-services API,Food,True,Jennett's Park,,False,False
CG-107851-0000,Co-operative Group,107851-0000,7851.0,Bracknell - Bywood,The Co-operative Group,Bywood,Bracknell,Bracknell Forest,RG12 7RF,51.3928796,-0.7658203,Co-op location-services API,Food,True,Hanworth,,False,False
CG-107810-0000,Co-operative Group,107810-0000,7810.0,Camberley - Upper College Ride,The Co-operative Group,193 Upper College Ride,Camberley,Surrey,GU15 4HE,51.3479186,-0.7263098000000001,Co-op location-services API,Food,True,,,False,False
CG-156336-0000,Co-operative Group,156336-0000,6336.0,Cleobury Mortimer,The Co-operative Group,High Street,Cleobury Mortimer,Shropshire,DY14 8DN,52.378410178525314,-2.484737348966075,Co-op location-services API,Food/Petrol,True,,,False,False
CG-107827-0000,Co-operative Group,107827-0000,7827.0,Bracknell - Rectory Row,The Co-operative Group,5 Rectory Row,Bracknell,Bracknell Forest,RG12 7BN,51.4045567,-0.7558568,Co-op location-services API,Food,True,Easthampstead,,False,False
CG-104930-0000,Co-operative Group,104930-0000,4930.0,Godalming - St Johns Street,The Co-operative Group,61-65 St. Johns Street,Godalming,Surrey,GU7 3EH,51.1956296,-0.6043019999999999,Co-op location-services API,Food,True,Farncombe,,False,False
CG-109809-0000,Co-operative Group,109809-0000,9809.0,Bagshot - The Square,The Co-operative Group,6 The Square,Bagshot,Surrey,GU19 5AY,51.3612513,-0.6920558,Co-op location-services API,Food,True,,,False,False
CG-105955-0000,Co-operative Group,105955-0000,5955.0,Bishops Castle - Church Street,The Co-operative Group,59-63 Church Street,Bishops Castle,Shropshire,SY9 5AD,52.4926513,-2.997924299999999,Co-op location-services API,Food,True,,,False,False
CG-105194-0000,Co-operative Group,105194-0000,5194.0,Lightwater - Guildford Road,The Co-operative Group,57-61 Guildford Road,Lightwater,Surrey,GU18 5SA,51.3507192,-0.6647375999999999,Co-op location-services API,Food,True,,,False,False
CG-105707-0000,Co-operative Group,105707-0000,5707.0,Guildford - Aldershot Road,The Co-operative Group,121b Aldershot Road,Guildford,Surrey,GU2 8BE,51.2503211,-0.5975667,Co-op location-services API,Food,True,,,False,False
CG-153773-SPET,Co-operative Group,153773-SPET,3773.0,Bewdley - Kidderminster Road,The Co-operative Group,21-26 Kidderminster Road,Bewdley,Worcestershire,DY12 1AQ,52.37714267,-2.311283816,Co-op location-services API,Food/Petrol,True,,,False,False
CG-107848-0000,Co-operative Group,107848-0000,7848.0,Guildford - Madrid Road,The Co-operative Group,12 - 14 Madrid Road,Guildford,Surrey,GU2 7NT,51.2378435,-0.5865398,Co-op location-services API,Food,True,,,False,False
CG-156304-0000,Co-operative Group,156304-0000,6304.0,Surrey University,The Co-operative Group,Stag Hill Campus,Guildford,Surrey,GU2 7XH,51.242743139741,-0.5877605637456955,Co-op location-services API,University,True,,,False,False
CG-105944-0000,Co-operative Group,105944-0000,5944.0,Guildford - Woodbridge Hill,The Co-operative Group,48 Woodbridge Hill,Guildford,Surrey,GU2 9AB,51.2493446,-0.5872265,Co-op location-services API,Food,True,,,False,False
CG-104939-0000,Co-operative Group,104939-0000,4939.0,Worthing - Field Place Parade,The Co-operative Group,3-5 Field Place Parade,Worthing,West Sussex,BN12 6BS,50.8192852,-0.4111641,Co-op location-services API,Food,True,Goring On Sea,,False,False
CG-107538-0000,Co-operative Group,107538-0000,7538.0,Worthing - Manor Parade,The Co-operative Group,13 Manor Parade,Worthing,West Sussex,BN13 2JP,50.83546949999999,-0.4112089,Co-op location-services API,Food,True,Salvington Road,,False,False
CG-105859-0000,Co-operative Group,105859-0000,5859.0,Knaphill - High Street,The Co-operative Group,26 High Street,Woking,Surrey,GU21 2PE,51.3180584,-0.6169141000000001,Co-op location-services API,Food,True,Knaphill,,False,False
CG-107280-0000,Co-operative Group,107280-0000,7280.0,Bromsgrove - Gilbert Road,The Co-operative Group,55 Gilbert Road,Bromsgrove,Worcestershire,B60 3JZ,52.3193876,-2.0699348,Co-op location-services API,Food,True,Charford,,False,False
CG-103698-0000,Co-operative Group,103698-0000,3698.0,Guildford - High Street,The Co-operative Group,255 High Street,Guildford,Surrey,GU1 3BS,51.237830555556,-0.566526944444,Co-op location-services API,Food,True,,,False,False
CG-104987-0000,Co-operative Group,104987-0000,4987.0,Worthing - Goring Road,The Co-operative Group,13-15 Goring Road,Worthing,West Sussex,BN12 4AP,50.81337240000001,-0.402062,Co-op location-services API,Food,True,,,False,False
CG-156465-SPET,Co-operative Group,156465-SPET,6465.0,Billingshurst  A272,The Co-operative Group,A272,Billingshurst,West Sussex,RH14 9HY,51.022826007178445,-0.4622295526584224,Co-op location-services API,Petrol No BWS,True,Platts Roundabout,,False,False
CG-105639-0000,Co-operative Group,105639-0000,5639.0,Redditch - Evesham Road,The Co-operative Group,524 Evesham Road,Redditch,Worcestershire,B97 5JN,52.279497,-1.940347,Co-op location-services API,Food,True,,,False,False
CG-106879-0000,Co-operative Group,106879-0000,6879.0,Knaphill - Victoria Road,The Co-operative Group,Victoria Road,Woking,Surrey,GU21 2AW,51.3161649,-0.6075744,Co-op location-services API,Food,True,Knaphill,,False,False
CG-104163-0000,Co-operative Group,104163-0000,4163.0,Stratford-Upon-Avon - Wordsworth Av,The Co-operative Group,Wordsworth Avenue,Stratford-Upon-Avon,Warwickshire,CV37 7BN,52.180735,-1.689495,Co-op location-services API,Food,True,Trinity Meads,,False,False
CG-107689-0000,Co-operative Group,107689-0000,7689.0,Worthing - South Street,The Co-operative Group,23 South Street,Worthing,West Sussex,BN14 7LG,50.8191763,-0.3922138,Co-op location-services API,Food,True,Tarring,,False,False
CG-107531-0000,Co-operative Group,107531-0000,7531.0,Maidenhead - Cox Green Lane,The Co-operative Group,Cox Green Lane,Maidenhead,Windsor And Maidenhead,SL6 3EW,51.507756,-0.742205,Co-op location-services API,Food,True,,,False,False
CG-107806-0000,Co-operative Group,107806-0000,7806.0,Bromsgrove - Stoke Road,The Co-operative Group,1 Stoke Road,Bromsgrove,Worcestershire,B60 3EQ,52.3230257,-2.0483517,Co-op location-services API,Food,True,,,False,False
CG-107784-0000,Co-operative Group,107784-0000,7784.0,Woking - St Johns Road,The Co-operative Group,11-13 St John's Road,Woking,Surrey,GU21 7SE,51.3123468,-0.5951445,Co-op location-services API,Food,True,St. Johns,,False,False
CG-105054-0000,Co-operative Group,105054-0000,5054.0,Worthing - Tarring Road,The Co-operative Group,49-56 New Broadway,Worthing,West Sussex,BN11 4HS,50.8184395,-0.3878964999999999,Co-op location-services API,Food,True,Tarring Road,,False,False
CG-106845-0000,Co-operative Group,106845-0000,6845.0,Studley - Alcester Road,The Co-operative Group,4 Alcester Road,Studley,Warwickshire,B80 7AR,52.27352029999999,-1.8948088,Co-op location-services API,Food,True,,,False,False
CG-107953-0000,Co-operative Group,107953-0000,7953.0,Worthing - Plaza Parade,The Co-operative Group,Plaza Parade,Worthing,West Sussex,BN11 3JG,50.809978,-0.3788951,Co-op location-services API,Food,True,Rowlands Road,,False,False
CG-104828-0000,Co-operative Group,104828-0000,4828.0,Cranleigh - Village Way,The Co-operative Group,Village Way,Cranleigh,Surrey,GU6 8AF,51.1402284,-0.4883946,Co-op location-services API,Food,True,,,False,False
CG-104329-0000,Co-operative Group,104329-0000,4329.0,Woking - Wych Hill,The Co-operative Group,Wych Hill,Woking,Surrey,GU22 0EU,51.3091395,-0.5749637000000001,Co-op location-services API,Food,True,,,False,False
CG-109837-0000,Co-operative Group,109837-0000,9837.0,Worthing - Cricketers Parade,The Co-operative Group,Cricketers Parade,Worthing,West Sussex,BN14 9DB,50.82900850000001,-0.3749346000000001,Co-op location-services API,Food,True,Broadwater,,False,False
CG-105227-0000,Co-operative Group,105227-0000,5227.0,Woking - Westfield Road,The Co-operative Group,53 Westfield Road,Woking,Surrey,GU22 9NQ,51.29950267521045,-0.5606096938659668,Co-op location-services API,Food,True,,,False,False
CG-108951-0000,Co-operative Group,108951-0000,8951.0,Horsell - High Street,The Co-operative Group,90-92 High Street,Woking,Surrey,GU21 4SZ,51.3238035,-0.5746536,Co-op location-services API,Food,True,Horsell,,False,False
CG-107648-0000,Co-operative Group,107648-0000,7648.0,Rudgwick - Church Street,The Co-operative Group,Church Street,Horsham,West Sussex,RH12 3EX,51.0900808,-0.4492761,Co-op location-services API,Food,True,Rudgwick,,False,False
CG-107230-0000,Co-operative Group,107230-0000,7230.0,Ashington - London Road,The Co-operative Group,London Road,Pulborough,West Sussex,RH20 3JT,50.9325671,-0.3896775,Co-op location-services API,Food,True,Ashington,,False,False
CG-106922-0000,Co-operative Group,106922-0000,6915.0,Maidenhead - Shifford Crescent,The Co-operative Group,Cliveden View,Maidenhead,Windsor And Maidenhead,SL6 7UA,51.538821,-0.73136,Co-op location-services API,Food,True,Shifford Crescent,,False,False
CG-107445-0000,Co-operative Group,107445-0000,7445.0,Worthing - Ham Road,The Co-operative Group,60-64a Ham Road,Worthing,West Sussex,BN11 2QY,50.8155684,-0.3514706,Co-op location-services API,Food,True,,,False,False
CG-107687-0000,Co-operative Group,107687-0000,7687.0,Sompting - Test Road,The Co-operative Group,59 Test Road,Lancing,West Sussex,BN15 0EN,50.8313357,-0.3413636,Co-op location-services API,Food,True,Sompting,,False,False
CG-105065-0000,Co-operative Group,105065-0000,5065.0,Catshill - Gibbs Lane,The Co-operative Group,30 Gibbs Lane,Bromsgrove,Worcestershire,B61 0JR,52.363267,-2.055736,Co-op location-services API,Food,True,Catshill,,False,False
CG-107842-0000,Co-operative Group,107842-0000,7842.0,Machynlleth - Maengwyn Street,The Co-operative Group,80-88 Maengwyn Street,Machynlleth,Powys,SY20 8EE,52.5908385,-3.8481135,Co-op location-services API,Food,True,,,False,False
CG-105599-0000,Co-operative Group,105599-0000,5599.0,Haddenham - Tibbs Road,The Co-operative Group,4 Tibbs Road,Aylesbury,Buckinghamshire,HP17 8FH,51.775942,-0.937474,Co-op location-services API,Food,True,Haddenham,,False,False
CG-109830-0000,Co-operative Group,109830-0000,9830.0,Lancing - North Road,The Co-operative Group,North Road,Lancing,West Sussex,BN15 9BA,50.8297864,-0.321952,Co-op location-services API,Food,True,,,False,False
CG-107363-0000,Co-operative Group,107363-0000,7363.0,Windsor - Dedworth Road,The Co-operative Group,98 Dedworth Road,Windsor,Windsor And Maidenhead,SL4 5BD,51.4788897,-0.6348087000000001,Co-op location-services API,Food,True,Dedworth,,False,False
CG-107781-0000,Co-operative Group,107781-0000,7781.0,Tywyn - Station Road,The Co-operative Group,Old Station Yard,Tywyn,Gwynedd,LL36 9AH,52.584922,-4.091793,Co-op location-services API,Food,True,,,False,False
CG-109818-0000,Co-operative Group,109818-0000,9818.0,Steyning - High Street,The Co-operative Group,43-45 High Street,Steyning,West Sussex,BN44 3RE,50.8885501,-0.3296654000000001,Co-op location-services API,Food,True,,,False,False
CG-105358-0000,Co-operative Group,105358-0000,5358.0,Bourne End - Marlow Road,The Co-operative Group,Marlow Road,Bourne End,Buckinghamshire,SL8 5SE,51.579294,-0.712403,Co-op location-services API,Food,True,,,False,False
CG-107220-0000,Co-operative Group,107220-0000,7220.0,Alvechurch - The Square,The Co-operative Group,25 The Square,Birmingham,Worcestershire,B48 7LA,52.3518651,-1.9593759,Co-op location-services API,Food,True,Alvechurch,,False,False
CG-106687-0000,Co-operative Group,106687-0000,6687.0,Pyrford - Coldharbour Road,The Co-operative Group,1 Marshal Parade,Woking,Surrey,GU22 8SW,51.32673759999999,-0.5114456,Co-op location-services API,Food,True,Coldharbour Road  Pyrford,,False,False
CG-105310-0000,Co-operative Group,105310-0000,5310.0,Ripley - High Street,The Co-operative Group,High Street,Woking,Surrey,GU23 6AF,51.299583,-0.4940017,Co-op location-services API,Food,True,Ripley,,False,False
CG-109466-0000,Co-operative Group,109466-0000,9466.0,Henley-In-Arden - High Street,The Co-operative Group,108 High Street,Henley-In-Arden,Warwickshire,B95 5BY,52.29252469999999,-1.7802614,Co-op location-services API,Food,True,,,False,False
CG-105806-0000,Co-operative Group,105806-0000,5806.0,Walter's Ash - Main Road,The Co-operative Group,312 Main Road,High Wycombe,Buckinghamshire,HP14 4TH,51.6740579,-0.7888092999999999,Co-op location-services API,Food,True,Walters Ash,,False,False
CG-105253-0000,Co-operative Group,105253-0000,5253.0,Hagley - 88 Worcester Road,The Co-operative Group,88 Worcester Road,Stourbridge,Worcestershire,DY9 0NJ,52.4190777,-2.1438003,Co-op location-services API,Lunar,True,Hagley,,False,False
CG-156475-0000,Co-operative Group,156475-0000,6475.0,Englefield Green,The Co-operative Group,11-13 St. Judes Road,Egham,Surrey,TW20 0BY,51.42788486039628,-0.57237084,Co-op location-services API,Food,True,Englefield Green,,False,False
CG-105988-0000,Co-operative Group,105988-0000,5988.0,Southwater - Worthing Road,The Co-operative Group,Lintot Square,Horsham,West Sussex,RH13 9LA,51.0247644,-0.351707,Co-op location-services API,Food,True,Southwater,,False,False
CG-105370-0000,Co-operative Group,105370-0000,5370.0,Princes Risborough - Bell Street,The Co-operative Group,11 Bell Street,Princes Risborough,Buckinghamshire,HP27 0DZ,51.722072,-0.832422,Co-op location-services API,Food,True,,,False,False
CG-106604-0000,Co-operative Group,106604-0000,6604.0,Old Windsor - St Lukes Road,The Co-operative Group,36 St Lukes Road,Windsor,Windsor And Maidenhead,SL4 2QQ,51.4625883,-0.5857587,Co-op location-services API,Food,True,Old Windsor,,False,False
CG-106568-0000,Co-operative Group,106568-0000,6568.0,West Byfleet - The Broadway,The Co-operative Group,14-20 The Broadway,Addlestone,Surrey,KT15 3HA,51.3488568,-0.5035205,Co-op location-services API,Food,True,Newhaw,,False,False
CG-106725-0000,Co-operative Group,106725-0000,6725.0,Rubery - New Road,The Co-operative Group,182a New Road,Birmingham,Worcestershire,B45 9JA,52.39341369999999,-2.0171018,Co-op location-services API,Food,True,Rubery,,False,False
CG-104083-0000,Co-operative Group,104083-0000,4083.0,Slough - Long Furlong Drive,The Co-operative Group,Twist Way,Slough,Slough,SL2 2LX,51.5320129,-0.6309359,Co-op location-services API,Food,True,,,False,False
CG-106772-0000,Co-operative Group,106772-0000,6772.0,Shoreham-by-Sea - High Street,The Co-operative Group,22-26 High Street,Brighton,West Sussex,BN43 5DA,50.83194609999999,-0.275595,Co-op location-services API,Food,True,Shoreham-By-Sea,,False,False
CG-107603-0000,Co-operative Group,107603-0000,7603.0,Partridge Green - High Street,The Co-operative Group,High Street,Horsham,West Sussex,RH13 8HR,50.95989,-0.3045572,Co-op location-services API,Food,True,Partridge Green,,False,False
CG-109819-0000,Co-operative Group,109819-0000,9819.0,Shoreham-by-Sea - Ham Road,The Co-operative Group,Ham Road,Brighton,West Sussex,BN43 6PA,50.8336655,-0.2714851,Co-op location-services API,Food,True,Shoreham-By-Sea,,False,False
CG-106039-0000,Co-operative Group,106039-0000,6039.0,Wraysbury - Windsor Road,The Co-operative Group,31 Windsor Road,Staines-Upon-Thames,Windsor And Maidenhead,TW19 5DE,51.456302,-0.555989,Co-op location-services API,Lunar,True,Wraysbury,,False,False
CG-105307-0000,Co-operative Group,105307-0000,5307.0,Byfleet - High Road,The Co-operative Group,High Road,West Byfleet,Surrey,KT14 7RA,51.3377993,-0.4730803,Co-op location-services API,Food,True,Byfleet,,False,False
CG-105254-0000,Co-operative Group,105254-0000,5254.0,Romsley - St. Kenelms Road,The Co-operative Group,5 St. Kenelms Road,Halesowen,Worcestershire,B62 0NU,52.418119,-2.057393,Co-op location-services API,Lunar,True,Romsley,,False,False
CG-107581-0000,Co-operative Group,107581-0000,7581.0,Horsham - North Parade,The Co-operative Group,24 North Parade,Horsham,West Sussex,RH12 2DH,51.0754794,-0.329054,Co-op location-services API,Food,True,Warnham Road,,False,False
CG-107679-0000,Co-operative Group,107679-0000,7679.0,Shoreham-by-Sea - Upper Shoreham Rd,The Co-operative Group,Upper Shoreham Road,Brighton,West Sussex,BN43 6TB,50.8411962,-0.250117,Co-op location-services API,Food,True,Shoreham-By-Sea,,False,False
CG-103715-0000,Co-operative Group,103715-0000,3715.0,Staines - London Square,The Co-operative Group,126 High Street,Staines-upon-Thames,Surrey,TW18 4BY,51.43518578370941,-0.5086860553527395,Co-op location-services API,Lunar,True,,,False,False
CG-106802-0000,Co-operative Group,106802-0000,6802.0,Southwick - Southwick Square,The Co-operative Group,8-16 Southwick Square,Southwick,West Sussex,BN42 4FJ,50.8345594,-0.2358509,Co-op location-services API,Food,True,Southwick,,False,False
CG-104388-0000,Co-operative Group,104388-0000,4388.0,Halesowen - Bassnage Road,The Co-operative Group,93 Bassnage Road,Halesowen,Dudley,B63 4HB,52.443175,-2.071556,Co-op location-services API,Food,True,,,False,False
CG-109366-0000,Co-operative Group,109366-0000,9366.0,Bridgnorth - Mill Street,The Co-operative Group,Mill Street,Bridgnorth,Shropshire,WV15 5AL,52.5343298,-2.4125782,Co-op location-services API,Food,True,Low Town,,False,False
CG-107669-0000,Co-operative Group,107669-0000,7669.0,Langley - Trelawney Ave,The Co-operative Group,238-240 Trelawney Ave,Slough,Slough,SL3 7UD,51.5019985,-0.5546774,Co-op location-services API,Food,True,Langley,,False,False
CG-107641-0000,Co-operative Group,107641-0000,7641.0,Horsham - Fitzalan Road,The Co-operative Group,2-4 Fitzalan Road,Horsham,West Sussex,RH13 6AA,51.0734444,-0.3024726999999999,Co-op location-services API,Food,True,Roffey,,False,False
CG-104105-0000,Co-operative Group,104105-0000,4105.0,Cowfold - The Street,The Co-operative Group,The Street,Horsham,West Sussex,RH13 8BT,50.99057850000001,-0.2724906,Co-op location-services API,Food,True,Cowfold,,False,False
CG-105036-0000,Co-operative Group,105036-0000,5036.0,Stourbridge - Sandringham Place,The Co-operative Group,2 Sandringham Place,Stourbridge,Dudley,DY8 5HP,52.475677,-2.16824,Co-op location-services API,Food,True,,,False,False
CG-104305-0000,Co-operative Group,104305-0000,4305.0,Portslade - Mile Oak Road,The Co-operative Group,Mile Oak Road,Brighton,Brighton And Hove,BN41 2RB,50.8513992,-0.2320616,Co-op location-services API,Food,True,Portslade,,False,False
CG-156323-0000,Co-operative Group,156323-0000,6323.0,Wexham Hospital,The Co-operative Group,Wexham Street,Slough,Slough,SL2 4HL,51.53302,-0.57388,Co-op location-services API,Food,True,Wexham,,False,False
CG-105013-0000,Co-operative Group,105013-0000,5013.0,Halesowen - Hagley Road,The Co-operative Group,218 Hagley Road,Dudley,Dudley,B63 4QQ,52.44462,-2.057869,Co-op location-services API,Lunar,True,Halesowen,,False,False
CG-108811-0000,Co-operative Group,108811-0000,8811.0,Stoke Poges - Bells Hill,The Co-operative Group,Bells Hill,Slough,Buckinghamshire,SL2 4BY,51.5490807,-0.5852711,Co-op location-services API,Food,True,Stoke Poges,,False,False
CG-105633-0000,Co-operative Group,105633-0000,5633.0,Steeple Claydon - Addison Road,The Co-operative Group,Addison Road,Buckingham,Buckinghamshire,MK18 2PP,51.934226944444,-0.989696111111,Co-op location-services API,Food,True,Steeple Claydon,,False,False
CG-108959-0000,Co-operative Group,108959-0000,8959.0,Aylesbury - Hannon Road,The Co-operative Group,Hannon Road,Aylesbury,Buckinghamshire,HP21 8TJ,51.8020104,-0.8223688,Co-op location-services API,Food,True,,,False,False
CG-156448-0000,Co-operative Group,156448-0000,6448.0,Brackley - Juno Crescent,The Co-operative Group,Radstone Fields,Brackley,Northamptonshire,NN13 6RF,52.04490617556189,-1.1500248992113888,Co-op location-services API,Food,True,,,False,False
CG-109858-0000,Co-operative Group,109858-0000,9858.0,Great Missenden - Station Approach,The Co-operative Group,Station Approach,Great Missenden,Buckinghamshire,HP16 9AZ,51.7039603,-0.7085634,Co-op location-services API,Food,True,,,False,False
CG-109861-0000,Co-operative Group,109861-0000,9861.0,Shepperton - Thurlston Parade,The Co-operative Group,13-14 Thurlestone Parade,Shepperton,Surrey,TW17 9AR,51.3950621,-0.4484402,Co-op location-services API,Food,True,High Street,,False,False
CG-109849-0000,Co-operative Group,109849-0000,9849.0,Great Bookham - High Street,The Co-operative Group,8 High Street,Leatherhead,Surrey,KT23 4AG,51.27876020000001,-0.3740414,Co-op location-services API,Food,True,Great Bookham,,False,False
CG-107448-0000,Co-operative Group,107448-0000,7448.0,Hangleton - The Parade,The Co-operative Group,5 The Parade,Hove,Brighton And Hove,BN3 7LU,50.8426025,-0.2022225,Co-op location-services API,Lunar,True,Hangleton,,False,False
CG-109810-0000,Co-operative Group,109810-0000,9810.0,Ashford - Church Road,The Co-operative Group,Church Road,Ashford,Surrey,TW15 2TX,51.4329159,-0.4628609,Co-op location-services API,Lunar,True,,,False,False
CG-105631-0000,Co-operative Group,105631-0000,5631.0,Pontesbury - Hall Bank,The Co-operative Group,Hall Bank,Shrewsbury,Shropshire,SY5 0RF,52.650475,-2.888011,Co-op location-services API,Food,True,Pontesbury,,False,False
CG-107473-0000,Co-operative Group,107473-0000,7473.0,Hove - 67-71 Portland Road,The Co-operative Group,67-71 Portland Road,Hove,Brighton And Hove,BN3 5DQ,50.8329797,-0.181472,Co-op location-services API,Food,True,,,False,False
CG-105304-0000,Co-operative Group,105304-0000,5304.0,Bedgrove - Jansel Square,The Co-operative Group,17 Jansel Square,Aylesbury,Buckinghamshire,HP21 7ET,51.806372,-0.785261,Co-op location-services API,Food,True,Bedgrove,,False,False
CG-105445-0000,Co-operative Group,105445-0000,5445.0,Hove - Kingsway,The Co-operative Group,Kingsway,Hove,Brighton And Hove,BN3 2WY,50.825115,-0.17716,Co-op location-services API,Food,True,,,False,False
CG-107897-0000,Co-operative Group,107897-0000,7897.0,Walton-On-Thames - Terrace Rd,The Co-operative Group,56-62 Terrace Road,Walton-on-Thames,Surrey,KT12 2SD,51.3913909,-0.4118894,Co-op location-services API,Food,True,,,False,False
CG-104293-0000,Co-operative Group,104293-0000,4293.0,Iver - High Street,The Co-operative Group,9 High Street,Iver,Buckinghamshire,SL0 9ND,51.51993119999999,-0.5046676999999999,Co-op location-services API,Food,True,,,False,False
CG-107481-0000,Co-operative Group,107481-0000,7481.0,Iver Heath - Thornbridge Road,The Co-operative Group,1-3 Thornbridge Road,Slough,Buckinghamshire,SL0 0PU,51.54292780000001,-0.5209893000000001,Co-op location-services API,Food,True,Iver Heath,,False,False
CG-104661-0000,Co-operative Group,104661-0000,4661.0,Brighton & Hove - Blatchington Road,The Co-operative Group,76-82 Blatchington Road,Hove,Brighton And Hove,BN3 3YH,50.83104549999999,-0.1737273,Co-op location-services API,Food,True,,,False,False
CG-109823-0000,Co-operative Group,109823-0000,9823.0,Hove - Church Road,The Co-operative Group,88-92 Church Road,Hove,Brighton And Hove,BN3 2EB,50.8276231,-0.170964,Co-op location-services API,Food,True,,,False,False
CG-109395-0000,Co-operative Group,109395-0000,9395.0,Shirley - Farmhouse Way,The Co-operative Group,4 Farmhouse Way,Solihull,Solihull,B90 4EH,52.391634,-1.785978,Co-op location-services API,Food,True,Shirley,,False,False
CG-108755-0000,Co-operative Group,108755-0000,8755.0,Birmingham - Hagley Road,The Co-operative Group,Hagley Road,Birmingham,Birmingham,B32 2AL,52.46515859999999,-1.9866123,Co-op location-services API,Food,True,Hagley Road West,,False,False
CG-156327-0000,Co-operative Group,156327-0000,6327.0,Birmingham Uni Central,The Co-operative Group,1st Floor University Centre,Birmingham,Birmingham,B15 2TT,52.45132949860259,-1.9310717600706344,Co-op location-services API,Food,True,,,False,False
CG-107477-0000,Co-operative Group,107477-0000,7477.0,Hurstpierpoint - High Street,The Co-operative Group,95 High Street,Hassocks,West Sussex,BN6 9RE,50.93308189999999,-0.176602,Co-op location-services API,Food,True,Hurstpierpoint,,False,False
CG-104055-0000,Co-operative Group,104055-0000,4055.0,Hove - Dyke Road,The Co-operative Group,Dyke Road,Hove,Brighton And Hove,BN3 1TX,50.8321133,-0.1487778,Co-op location-services API,Food,True,,,False,False
CG-107307-0000,Co-operative Group,107307-0000,7307.0,Chalfont St Giles - High Street,The Co-operative Group,12 High Street,Chalfont St. Giles,Buckinghamshire,HP8 4QA,51.6331726,-0.5691533999999999,Co-op location-services API,Food,True,,,False,False
CG-107662-0000,Co-operative Group,107662-0000,7662.0,Seven Dials - Dyke Road,The Co-operative Group,106 Dyke Road,Brighton,Brighton And Hove,BN1 3JD,50.8306879,-0.1472297,Co-op location-services API,Food,True,Seven Dials,,False,False
CG-156335-0000,Co-operative Group,156335-0000,6335.0,Wombourne,The Co-operative Group,School Road,Wolverhampton,Staffordshire,WV5 9ED,52.53711999679136,-2.185749025759301,Co-op location-services API,Food/Petrol,True,Wombourne,,False,False
CG-109384-0000,Co-operative Group,109384-0000,9384.0,Moseley - Alcester Road,The Co-operative Group,154-158 Alcester Road,Birmingham,Birmingham,B13 8HS,52.447745,-1.8877611,Co-op location-services API,Food,True,Moseley,,False,False
CG-106624-0000,Co-operative Group,106624-0000,6624.0,Patcham - Old London Road,The Co-operative Group,33-39 Old London Road,Brighton,Brighton And Hove,BN1 8XR,50.863057,-0.1508897,Co-op location-services API,Food,True,Patcham,,False,False
CG-109821-0000,Co-operative Group,109821-0000,9821.0,Brighton - North Street,The Co-operative Group,147-148 North Street,Brighton,Brighton And Hove,BN1 1RE,50.8232116,-0.1410151,Co-op location-services API,Food,True,,,False,False
CG-109842-0000,Co-operative Group,109842-0000,9842.0,Crawley - Bewbush,The Co-operative Group,Bewbush Neighbourhood Centre,Crawley,West Sussex,RH11 8XW,51.1036071,-0.2225056,Co-op location-services API,Food,True,Dorsten Square,,False,False
CG-105946-0000,Co-operative Group,105946-0000,5946.0,Harlington - High Street,The Co-operative Group,222-224 High Street,Hayes,Hillingdon,UB3 5DS,51.4873989,-0.4360146999999999,Co-op location-services API,Food,True,Harlington,,False,False
CG-106050-0000,Co-operative Group,106050-0000,6050.0,Brighton - London Road,The Co-operative Group,119 London Road,Brighton,Brighton And Hove,BN1 4JH,50.83006517013982,-0.1356999492933904,Co-op location-services API,Food,True,,,False,False
CG-106814-0000,Co-operative Group,106814-0000,6814.0,Kemptown - St James's Street,The Co-operative Group,41-45 St. James Street,Brighton,Brighton And Hove,BN2 1RG,50.82061299999999,-0.1322001,Co-op location-services API,Food,True,,,False,False
CG-109852-0000,Co-operative Group,109852-0000,9852.0,Claygate - Hare Lane,The Co-operative Group,109A Hare Lane,Esher,Surrey,KT10 0QY,51.36092060000001,-0.3456245999999999,Co-op location-services API,Food,True,Claygate,,False,False
CG-104871-0000,Co-operative Group,104871-0000,4871.0,Brighton & Hove - Ditchling Road,The Co-operative Group,269 Preston Drove,Brighton,Brighton And Hove,BN1 6FL,50.8435915,-0.1349243,Co-op location-services API,Food,True,Five Ways,,False,False
CG-104028-0000,Co-operative Group,104028-0000,4028.0,Edgbaston - Wheeleys Road,The Co-operative Group,Wheeleys Road,Birmingham,Birmingham,B15 2LJ,52.4654826,-1.9140697,Co-op location-services API,Food,True,Edgbaston,,False,False
CG-105586-0000,Co-operative Group,105586-0000,5586.0,Brighton - Lewes Road,The Co-operative Group,58-62 Lewes Road,Brighton,Brighton And Hove,BN2 3HW,50.83487,-0.126598888889,Co-op location-services API,Food,True,,,False,False
CG-105360-0000,Co-operative Group,105360-0000,5360.0,Denham - North Orbital Road,The Co-operative Group,North Orbital Road,Uxbridge,Buckinghamshire,UB9 5FB,51.582369,-0.499167,Co-op location-services API,Food,True,Denham,,False,False
CG-107652-0000,Co-operative Group,107652-0000,7652.0,Saltdean - Lustrells Vale,The Co-operative Group,87-89 Lustrells Vale,Brighton,Brighton And Hove,BN2 8FA,50.8189095,-0.1223486,Co-op location-services API,Food,True,Saltdean,,False,False
CG-107485-0000,Co-operative Group,107485-0000,7485.0,Kemptown - St George's Road,The Co-operative Group,22-23 St. Georges Road,Brighton,Brighton And Hove,BN2 1ED,50.8189095,-0.1223486,Co-op location-services API,Food,True,Kemptown,,False,False
CG-105797-0000,Co-operative Group,105797-0000,5797.0,Crawley - Ilfield Drive,The Co-operative Group,192 Ifield Drive,Crawley,West Sussex,RH11 0DQ,51.122137,-0.212769,Co-op location-services API,Food,True,,,False,False
CG-107949-0000,Co-operative Group,107949-0000,7949.0,Winslow - High Street,The Co-operative Group,60 High Street,Buckingham,Buckinghamshire,MK18 3DQ,51.94357979999999,-0.8812363999999999,Co-op location-services API,Food,True,Winslow,,False,False
CG-106025-0000,Co-operative Group,106025-0000,6025.0,Birmingham - Bristol Street,The Co-operative Group,Bristol Street,Birmingham,Birmingham,B15 2DE,52.468327,-1.901533,Co-op location-services API,Food,True,,,False,False
CG-104169-0000,Co-operative Group,104169-0000,4169.0,Thames Ditton - The Broadway,The Co-operative Group,Hampton Court Way,Thames Ditton,Surrey,KT7 0JW,51.385098,-0.3467657,Co-op location-services API,Food,True,,,False,False
CG-104324-0000,Co-operative Group,104324-0000,4324.0,Ironbridge - Wharfage,The Co-operative Group,Wharfage Road,Telford,Telford And Wrekin,TF8 7NJ,52.630272,-2.493915,Co-op location-services API,Lunar,True,Ironbridge,,False,False
CG-104382-0000,Co-operative Group,104382-0000,4382.0,Woodsetton - Sedgley Road,The Co-operative Group,67 Sedgley Road,Dudley,Dudley,DY1 4NE,52.53182,-2.08814,Co-op location-services API,Food,True,Woodsetton,,False,False
CG-107774-0000,Co-operative Group,107774-0000,7774.0,Brighton & Hove - Whitehawk Road,The Co-operative Group,Whitehawk Road,Brighton,Brighton And Hove,BN2 5NS,50.8182113,-0.1060458,Co-op location-services API,Food,True,,,False,False
CG-105875-0000,Co-operative Group,105875-0000,5875.0,Langley Green - Langley Parade,The Co-operative Group,18-19 Langley Parade,Crawley,West Sussex,RH11 7RS,51.1280987,-0.1976637,Co-op location-services API,Food,True,Langley Green,,False,False
CG-104610-0000,Co-operative Group,104610-0000,4610.0,Barmouth - Station Road,The Co-operative Group,Station Road,Barmouth,Gwynedd,LL42 1PH,52.7231727,-4.0572425,Co-op location-services API,Food,True,Barmouth,,False,False
CG-103660-0000,Co-operative Group,103660-0000,3660.0,Birmingham - Newhall Street,The Co-operative Group,Newhall Square,Birmingham,Birmingham,B3 1RU,52.483063176043714,-1.9067167066105772,Co-op location-services API,Food,True,Newhall Street,,False,False
CG-105761-0000,Co-operative Group,105761-0000,5761.0,Hillingdon - Long Lane,The Co-operative Group,384 Long Lane,Uxbridge,Hillingdon,UB10 9PG,51.5511782,-0.4487096,Co-op location-services API,Food,True,Hillingdon,,False,False
CG-107666-0000,Co-operative Group,107666-0000,7666.0,Sheddingdean - Maple Drive,The Co-operative Group,Sheddingdean,Burgess Hill,West Sussex,RH15 8UA,50.9647829,-0.134274,Co-op location-services API,Food,True,Neighbourhood Centre,,False,False
CG-105627-0000,Co-operative Group,105627-0000,5627.0,Birmingham - Colmore Row,The Co-operative Group,1 Colmore Row,Birmingham,Birmingham,B3 2BJ,52.48234,-1.89808,Co-op location-services API,Food,True,,,False,False
CG-107628-0000,Co-operative Group,107628-0000,7628.0,Crawley - Tilgate Parade,The Co-operative Group,1-2 Tilgate Parade,Crawley,West Sussex,RH10 5EQ,51.10220549999999,-0.1804644,Co-op location-services API,Food,True,,,False,False
CG-103650-0000,Co-operative Group,103650-0000,3650.0,Birmingham - The Priory Queensway,The Co-operative Group,46 The Priory Queensway,Birmingham,Birmingham,B4 6FN,52.48227494538762,-1.89240504,Co-op location-services API,Food,True,,,False,False
CG-104177-0000,Co-operative Group,104177-0000,4177.0,Cuckfield - Whitemans Green,The Co-operative Group,Whitemans Green,Haywards Heath,West Sussex,RH17 5BY,51.0145289,-0.1429617,Co-op location-services API,Food,True,Cuckfield,,False,False
CG-109360-0000,Co-operative Group,109360-0000,9360.0,Penn - Warstones Road,The Co-operative Group,46 Warstones Road,Wolverhampton,Wolverhampton,WV4 4LP,52.5674162,-2.1656268,Co-op location-services API,Food,True,,,False,False
CG-105424-0000,Co-operative Group,105424-0000,5424.0,Harefield - Rickmansworth Road,The Co-operative Group,Rickmansworth Road,Uxbridge,Hillingdon,UB9 6BU,51.604874166667,-0.481879444444,Co-op location-services API,Food,True,Harefield,,False,False
CG-105840-0000,Co-operative Group,105840-0000,5840.0,Hayes - Kingshill Avenue,The Co-operative Group,274-276 Kingshill Avenue,Hayes,Hillingdon,UB4 8BY,51.5319495,-0.4213016,Co-op location-services API,Food,True,,,False,False
CG-105086-0000,Co-operative Group,105086-0000,5086.0,Twickenham - Hampton Road,The Co-operative Group,224-230 Hampton Road,Twickenham,Richmond Upon Thames,TW2 5NJ,51.436265,-0.350893,Co-op location-services API,Food,True,,,False,False
CG-104872-0000,Co-operative Group,104872-0000,4872.0,Dolgellau - Maes Talaran,The Co-operative Group,14 Maes Talaran,Dolgellau,Gwynedd,LL40 1HR,52.7430616,-3.8817148,Co-op location-services API,Food,True,Dolgellau,,False,False
CG-106096-0000,Co-operative Group,106096-0000,6096.0,Birmingham - Curzon Street,The Co-operative Group,50 Curzon Street,Birmingham,Birmingham,B4 7XJ,52.483396,-1.880918,Co-op location-services API,Food,True,,,False,False
CG-107871-0000,Co-operative Group,107871-0000,7871.0,Ickenham - Swakeleys Road,The Co-operative Group,17 Swakeleys Road,Uxbridge,Hillingdon,UB10 8DF,51.5645675,-0.4450717,Co-op location-services API,Food,True,Ickenham,,False,False
CG-105097-0000,Co-operative Group,105097-0000,5097.0,Shrewsbury - Wenlock Road,The Co-operative Group,Wenlock Road,Shrewsbury,Shropshire,SY2 6LG,52.6899821,-2.7220702,Co-op location-services API,Food,True,,,False,False
CG-107745-0000,Co-operative Group,107745-0000,7745.0,Tring - Silk Mill Way,The Co-operative Group,2-4 Silk Mill Way,Tring,Hertfordshire,HP23 5EP,51.7997674,-0.6596091,Co-op location-services API,Food,True,,,False,False
CG-105647-0000,Co-operative Group,105647-0000,5647.0,Burgess Hill - Terracotta Lane,The Co-operative Group,12 Terracotta Lane,Burgess Hill,West Sussex,RH15 0NT,50.955551388889,-0.114326666667,Co-op location-services API,Food,True,Kings Weald,,False,False
CG-105311-0000,Co-operative Group,105311-0000,5311.0,Walton on the Hill - Walton Street,The Co-operative Group,41 Walton Street,Tadworth,Surrey,KT20 7RR,51.282972,-0.244944,Co-op location-services API,Food,True,Walton on the Hill,,False,False
CG-109826-0000,Co-operative Group,109826-0000,9826.0,Haywards Heath - Middle Village,The Co-operative Group,22-28 Middle Village,Haywards Heath,West Sussex,RH16 4GH,50.9902729,-0.1167816,Co-op location-services API,Lunar,True,Bolnore Village,,False,False
CG-106797-0000,Co-operative Group,106797-0000,6797.0,South Park - Allingham Road,The Co-operative Group,40 Allingham Road,Reigate,Surrey,RH2 8HX,51.2246027,-0.2093249,Co-op location-services API,Food,True,South Park,,False,False
CG-106885-0000,Co-operative Group,106885-0000,6885.0,Epsom - Station Approach,The Co-operative Group,Station Approach,Epsom,Surrey,KT19 8BY,51.3340749,-0.2676433,Co-op location-services API,Food,True,Epsom,,False,False
CG-107915-0000,Co-operative Group,107915-0000,7915.0,Brighton & Hove - Warren Way,The Co-operative Group,3-9 Warren Way,Brighton,Brighton And Hove,BN2 6PH,50.837202,-0.0746123,Co-op location-services API,Food,True,Wooding Dean,,False,False
CG-107530-0000,Co-operative Group,107530-0000,7530.0,Crawley - Maidenbower Drive,The Co-operative Group,8 Maidenbower Village Centre,Crawley,West Sussex,RH10 7QH,51.1074518,-0.1531987,Co-op location-services API,Food,True,Maidenbower Drive,,False,False
CG-105388-0000,Co-operative Group,105388-0000,5388.0,Surbiton - Ellerton Road,The Co-operative Group,2a Ellerton Road,Surbiton,Kingston Upon Thames,KT6 7TX,51.384844,-0.295079,Co-op location-services API,Food,True,,,False,False
CG-105493-0000,Co-operative Group,105493-0000,5493.0,Teddington - Kingston Road,The Co-operative Group,210 Kingston Road,Teddington,Richmond Upon Thames,TW11 9JF,51.42034,-0.31807,Co-op location-services API,Food,True,,,False,False
CG-107391-0000,Co-operative Group,107391-0000,7391.0,Epsom - Upper High Street,The Co-operative Group,9 Upper High Street,Epsom,Surrey,KT17 4QY,51.3342538,-0.2632415,Co-op location-services API,Food,True,,,False,False
CG-107623-0000,Co-operative Group,107623-0000,7623.0,Pound Hill - Pound Hill Parade,The Co-operative Group,8 Pound Hill Parade,Crawley,West Sussex,RH10 7EA,51.1177786,-0.1538649,Co-op location-services API,Food,True,Pound Hill,,False,False
CG-156315-0000,Co-operative Group,156315-0000,6315.0,Warwick University,The Co-operative Group,University Road,Coventry,Coventry,CV4 7EQ,52.37883641508506,-1.560645799199448,Co-op location-services API,University,True,,,False,False
CG-104913-0000,Co-operative Group,104913-0000,4913.0,Reigate - Western Parade,The Co-operative Group,11-12 Western Parade,Reigate,Surrey,RH2 8AU,51.2241905,-0.1997098,Co-op location-services API,Food,True,Dovers Green Road  Woodhatch,,False,False
CG-156338-SPET,Co-operative Group,156338-SPET,6338.0,Bicton Heath,The Co-operative Group,Welshpool Road,Shrewsbury,Shropshire,SY3 5GG,52.71496131421168,-2.8060879051038925,Co-op location-services API,Food/Petrol,True,Bicton Heath,,False,False
CG-107637-0000,Co-operative Group,107637-0000,7637.0,Reigate - Woodhatch Road,The Co-operative Group,4 Trehaven Parade,Reigate,Surrey,RH2 7LL,51.22444900000001,-0.1975605,Co-op location-services API,Food,True,Woodhatch,,False,False
CG-106856-0000,Co-operative Group,106856-0000,6856.0,Epsom - Tattenham Crescent,The Co-operative Group,43-49 Tattenham Crescent,Epsom,Surrey,KT18 5NX,51.310107,-0.2401108999999999,Co-op location-services API,Food,True,Tattenham Corner,,False,False
CG-105328-0000,Co-operative Group,105328-0000,5328.0,Kingston - Lower Marsh Lane,The Co-operative Group,120 Villiers Avenue,Surbiton,Kingston Upon Thames,KT5 8BH,51.401211,-0.294774,Co-op location-services API,Food,True,,,False,False
CG-109260-0000,Co-operative Group,109260-0000,9260.0,Stirchley - Grange Avenue,The Co-operative Group,Grange Avenue,Telford,Telford And Wrekin,TF3 1ET,52.65455049999999,-2.4351185,Co-op location-services API,Food,True,Stirchley,,False,False
CG-104307-0000,Co-operative Group,104307-0000,4307.0,Ewell - Chessington Road,The Co-operative Group,82-84 Chessington Road,Ewell,Surrey,KT19 9GG,51.3498772,-0.2602437,Co-op location-services API,Food,True,Epsom,,False,False
CG-104257-0000,Co-operative Group,104257-0000,4257.0,Twickenham - Richmond Road,The Co-operative Group,71 Richmond Road,Twickenham,Richmond Upon Thames,TW1 3AW,51.449552,-0.322961,Co-op location-services API,Lunar,True,,,False,False
CG-107396-0000,Co-operative Group,107396-0000,7396.0,Ewell - Kingston Road,The Co-operative Group,332 Kingston Road,Ewell,Surrey,KT19 0SU,51.36785440000001,-0.2635326,Co-op location-services API,Food,True,,,False,False
CG-109364-0000,Co-operative Group,109364-0000,9364.0,Tettenhall - High Street,The Co-operative Group,23-25 High Street,Wolverhampton,Wolverhampton,WV6 8QS,52.59770959999999,-2.1680023,Co-op location-services API,Food,True,Tettenhall,,False,False
CG-104174-0000,Co-operative Group,104174-0000,4174.0,Kingston - King's Road,The Co-operative Group,178 Kings Road,Kingston-upon-Thames,Kingston Upon Thames,KT2 5HU,51.41916699999999,-0.2935337,Co-op location-services API,Food,True,,,False,False
CG-104085-0000,Co-operative Group,104085-0000,4085.0,Isleworth - South Street,The Co-operative Group,33 South Street,Isleworth,Hounslow,TW7 7AL,51.468426,-0.325999,Co-op location-services API,Food,True,,,False,False
CG-105031-0000,Co-operative Group,105031-0000,5031.0,Telford - Milners Lane,The Co-operative Group,Milners Lane,Telford,Telford And Wrekin,TF4 2JH,52.6738859,-2.4705696,Co-op location-services API,Lunar,True,Lawley Bank,,False,False
CG-106733-0000,Co-operative Group,106733-0000,6733.0,Saltdean - Longridge Avenue,The Co-operative Group,51-57 Longridge Ave,Brighton,Brighton And Hove,BN2 8LG,50.801162,-0.036877,Co-op location-services API,Food,True,Saltdean,,False,False
CG-104119-0000,Co-operative Group,104119-0000,4119.0,Old Malden - Manor Drive North,The Co-operative Group,Manor Drive North,New Malden,Kingston Upon Thames,KT3 5PN,51.3849348,-0.2623821,Co-op location-services API,Lunar,True,,,False,False
CG-106837-0000,Co-operative Group,106837-0000,6837.0,Stoneleigh -The Broadway Stoneleigh,The Co-operative Group,34-36 Stoneleigh Broadway,Epsom,Surrey,KT17 2HU,51.3627492,-0.2467077,Co-op location-services API,Lunar,True,,,False,False
CG-106024-0000,Co-operative Group,106024-0000,6024.0,Birmingham - Gorse Farm Road,The Co-operative Group,Gorse Farm Road,Birmingham,Sandwell,B43 5LT,52.54034057517691,-1.9383843637604428,Co-op location-services API,Food,True,,,False,False
CG-109834-0000,Co-operative Group,109834-0000,9834.0,Lindfield - High Street,The Co-operative Group,35-37 High Street,Haywards Heath,West Sussex,RH16 2HJ,51.01219889999999,-0.0816557,Co-op location-services API,Food,True,Lindfield,,False,False
CG-106057-0000,Co-operative Group,106057-0000,6057.0,Northwood Hills - Joel Street,The Co-operative Group,53-55 The Broadway,Northwood,Hillingdon,HA6 1NZ,51.600837,-0.409251,Co-op location-services API,Lunar,True,Joel Street,,False,False
CG-104842-0000,Co-operative Group,104842-0000,4842.0,Croxley Green - New Road,The Co-operative Group,132-140 New Road,Croxley Green,Hertfordshire,WD3 3ER,51.64814479999999,-0.448121,Co-op location-services API,Food,True,,,False,False
CG-106075-0000,Co-operative Group,106075-0000,6075.0,Greenford - Oldfield Lane North,The Co-operative Group,Oldfield Lane North,Greenford,Ealing,UB6 0HE,51.522704,-0.340191,Co-op location-services API,Food,True,,,False,False
CG-107379-0000,Co-operative Group,107379-0000,7379.0,Hanwell - Greenford Avenue,The Co-operative Group,327-331 Greenford Avenue,London,Ealing,W7 1JH,51.5226929,-0.3401691,Co-op location-services API,Food,True,Hanwell,,False,False
CG-107384-0000,Co-operative Group,107384-0000,7384.0,Eastern Green - Sutherland Avenue,The Co-operative Group,132-136 Sutherland Avenue,Coventry,Coventry,CV5 7NJ,52.4151367,-1.5703962,Co-op location-services API,Food,True,Eastern Green,,False,False
CG-108996-0000,Co-operative Group,108996-0000,8996.0,Brentford - Boston Manor Road,The Co-operative Group,Boston Manor Road,Brentford,Hounslow,TW8 9GB,51.4890026,-0.3142763,Co-op location-services API,Food,True,,,False,False
CG-106764-0000,Co-operative Group,106764-0000,6764.0,Shifnal - Bradford Street,The Co-operative Group,12 Bradford Street,Shifnal,Shropshire,TF11 8AT,52.6667843,-2.3726076,Co-op location-services API,Food,True,,,False,False
CG-109365-0000,Co-operative Group,109365-0000,9365.0,Codsall - Wolverhampton Road,The Co-operative Group,74 Wolverhampton Road,Wolverhampton,Staffordshire,WV8 1PE,52.6249552,-2.189588,Co-op location-services API,Food,True,Codsall,,False,False
CG-105329-0000,Co-operative Group,105329-0000,5329.0,Croxley Green - Watford Road,The Co-operative Group,189 - 191 Watford Road,Rickmansworth,Hertfordshire,WD3 3TL,51.6502203,-0.4354626,Co-op location-services API,Food,True,,,False,False
CG-105224-0000,Co-operative Group,105224-0000,5224.0,Deanshanger - High Street,The Co-operative Group,71 High Street,Milton Keynes,Northamptonshire,MK19 6HR,52.0497276,-0.8859172,Co-op location-services API,Food,True,Deanshanger,,False,False
CG-105047-0000,Co-operative Group,105047-0000,5047.0,Shifnal - High Street,The Co-operative Group,High Street,Shifnal,Shropshire,TF11 8BL,52.6716252,-2.3724706,Co-op location-services API,Food,True,,,False,False
CG-106679-0000,Co-operative Group,106679-0000,6679.0,Priorslee - Priorslee Avenue,The Co-operative Group,Priorslee Hall Farm,Telford,Telford And Wrekin,TF2 9NR,52.6849417,-2.424083,Co-op location-services API,Food,True,Priorslee Avenue,,False,False
CG-106794-0000,Co-operative Group,106794-0000,6794.0,Ealing - South Ealing Road,The Co-operative Group,89 South Ealing Road,London,Ealing,W5 4QS,51.5000174,-0.3061954000000001,Co-op location-services API,Food,True,Ealing,,False,False
CG-107685-0000,Co-operative Group,107685-0000,7685.0,Smallfield - Redehall Road,The Co-operative Group,3 The Parade,Smallfield,Surrey,RH6 9PY,51.1718459,-0.1156408,Co-op location-services API,Food,True,Redehall Road,,False,False
CG-105543-0000,Co-operative Group,105543-0000,5543.0,Kingsmead - Guildford Avenue,The Co-operative Group,62-68 Guildford Avenue,Milton Keynes,Milton Keynes,MK4 4JZ,51.99782373405776,-0.8028035,Co-op location-services API,Lunar,True,Kingsmead,,False,False
CG-106730-0000,Co-operative Group,106730-0000,6730.0,Ealing - 107-109 Pitshanger Lane,The Co-operative Group,107-109 Pitshanger Lane,London,Ealing,W5 1RH,51.5256686,-0.3153776,Co-op location-services API,Food,True,Ealing,,False,False
CG-105317-0000,Co-operative Group,105317-0000,5317.0,Peacehaven - South Coast Road,The Co-operative Group,163-165 South Coast Road,Peacehaven,East Sussex,BN10 8NP,50.790496,0.005026,Co-op location-services API,Food,True,,,False,False
CG-104991-0000,Co-operative Group,104991-0000,4991.0,Morden Park - Grand Drive,The Co-operative Group,300 Grand Drive,London,Merton,SW20 9NQ,51.3925423,-0.2230982,Co-op location-services API,Food,True,Morden Park  Wimbledon,,False,False
CG-105580-0000,Co-operative Group,105580-0000,5580.0,St Georges - Stafford Street,The Co-operative Group,Stafford Street,Telford,Telford And Wrekin,TF2 9JQ,52.694729,-2.436656,Co-op location-services API,Lunar,True,St. George's,,False,False
CG-156180-0000,Co-operative Group,156180-0000,6180.0,Ealing - Pitshanger Lane,The Co-operative Group,116-118 Pitshanger Lane,London,Ealing,W5 1QP,51.52647808778898,-0.3127261422426909,Co-op location-services API,Food,True,Ealing,,False,False
CG-106697-0000,Co-operative Group,106697-0000,6697.0,Coombe Lane - Raynes Park,The Co-operative Group,68-74 Coombe Lane,London,Merton,SW20 0AX,51.4095873,-0.2319208000000001,Co-op location-services API,Food,True,Raynes Park,,False,False
CG-105374-0000,Co-operative Group,105374-0000,5374.0,Merstham - Portland Drive,The Co-operative Group,Portland Drive,Redhill,Surrey,RH1 3HU,51.2603898,-0.145684,Co-op location-services API,Food,True,Merstham,,False,False
CG-103670-0000,Co-operative Group,103670-0000,3670.0,Coventry - Fairfax Street,The Co-operative Group,Fairfax Street,Coventry,Coventry,CV1 5RY,52.409621,-1.505567,Co-op location-services API,Food,True,,,False,False
CG-105924-0000,Co-operative Group,105924-0000,5924.0,Hemel Hempstead - Long Chaulden,The Co-operative Group,52 Long Chaulden,Hemel Hempstead,Hertfordshire,HP1 2HX,51.7497435,-0.5011964,Co-op location-services API,Food,True,,,False,False
CG-107346-0000,Co-operative Group,107346-0000,7346.0,Crawley Down - Station Road,The Co-operative Group,1 Station Road,Crawley,West Sussex,RH10 4HZ,51.1209722,-0.0775990999999999,Co-op location-services API,Food,True,Crawley Down,,False,False
CG-109867-0000,Co-operative Group,109867-0000,9867.0,Watford - Carpenders Park,The Co-operative Group,11 Parade,Watford,Hertfordshire,WD19 5BL,51.6280951,-0.3832450999999999,Co-op location-services API,Food,True,Carpenders Park,,False,False
CG-105520-0000,Co-operative Group,105520-0000,5520.0,Chiswick - Chiswick High Road,The Co-operative Group,578-586 Chiswick High Road,London,Hounslow,W4 5RP,51.49241,-0.27619,Co-op location-services API,Food,True,Gunnersbury,,False,False
CG-104348-0000,Co-operative Group,104348-0000,4348.0,Milton Keynes - Dunthorne Way,The Co-operative Group,"130 Dunthorne Way, New Hill Place",Milton Keynes,Milton Keynes,MK8 0LW,52.0220562,-0.8066757,Co-op location-services API,Food,True,Grange Farm,,False,False
CG-105452-0000,Co-operative Group,105452-0000,5452.0,Chiswick - Station Parade,The Co-operative Group,6 Station Parade,London,Hounslow,W4 3HD,51.48148,-0.2677,Co-op location-services API,Food,True,Chiswick,,False,False
CG-107830-0000,Co-operative Group,107830-0000,7830.0,Emerson Valley - Winfold Lane,The Co-operative Group,24 Winfold Lane,Milton Keynes,Milton Keynes,MK4 2SH,52.0018469,-0.7791409,Co-op location-services API,Food,True,Emerson Valley,,False,False
CG-105037-0000,Co-operative Group,105037-0000,5037.0,Wolverhampton - Griffiths Drive,The Co-operative Group,Griffiths Drive,Wolverhampton,Wolverhampton,WV11 2LJ,52.6131235,-2.060417,Co-op location-services API,Food,True,Wednesfield,,False,False
CG-107900-0000,Co-operative Group,107900-0000,7900.0,Hemel Hempstead - Stoneycroft,The Co-operative Group,22 Stoneycroft,Hemel Hempstead,Hertfordshire,HP1 2QE,51.7558895,-0.4941613,Co-op location-services API,Food,True,Warners End,,False,False
CG-103629-0000,Co-operative Group,103629-0000,3629.0,Roehampton - Danebury Avenue,The Co-operative Group,39-41 Danebury Avenue,London,Wandsworth,SW15 4DU,51.449469,-0.24102,Co-op location-services API,Food,True,Roehampton,,False,False
CG-104667-0000,Co-operative Group,104667-0000,4667.0,Wimbledon Chase - Kingston Road,The Co-operative Group,276-288 Kingston Road,London,Merton,SW20 8LX,51.4095508,-0.2142327,Co-op location-services API,Food,True,Wimbledon Chase,,False,False
CG-106577-0000,Co-operative Group,106577-0000,6577.0,Bletchley - Newton Road,The Co-operative Group,Newton Road,Milton Keynes,Milton Keynes,MK3 5BS,51.990499,-0.754114,Co-op location-services API,Lunar,True,Bletchley,,False,False
CG-105976-0000,Co-operative Group,105976-0000,5976.0,Carshalton - Banstead Road,The Co-operative Group,89-91 Banstead Road,Carshalton,Sutton,SM5 3NP,51.3568058,-0.1736093,Co-op location-services API,Food,True,Carshalton Beeches,,False,False
CG-105522-0000,Co-operative Group,105522-0000,5522.0,Park Royal - Hanger Green,The Co-operative Group,12-15 Hanger Green,London,Ealing,W5 3AY,51.526403,-0.28483,Co-op location-services API,Food,True,Ealing,,False,False
CG-108389-0000,Co-operative Group,108389-0000,8389.0,Bomere Heath - Shewsbury Road,The Co-operative Group,Shrewsbury Road,Shrewsbury,Shropshire,SY4 3NX,52.7706357,-2.7795722,Co-op location-services API,Lunar,True,Bomere Heath,,False,False
CG-106804-0000,Co-operative Group,106804-0000,6804.0,Watford - St Albans Road,The Co-operative Group,160-162 St Albans Road,Watford,Hertfordshire,WD24 4AE,51.6693553,-0.397529,Co-op location-services API,Food,True,,,False,False
CG-104110-0000,Co-operative Group,104110-0000,4110.0,Wimbledon - Inner Park Road,The Co-operative Group,90 Inner Park Road,London,Wandsworth,SW19 6DA,51.44097419999999,-0.2218509,Co-op location-services API,Food,True,Wimbledon,,False,False
CG-103691-0000,Co-operative Group,103691-0000,3691.0,Park Royal - Lakeside Drive,The Co-operative Group,9 Lakeside Drive,London,Brent,NW10 7HQ,51.5294224132662,-0.2830208476244915,Co-op location-services API,Food,True,Park Royal,,False,False
CG-104877-0000,Co-operative Group,104877-0000,4877.0,Donnington - Wrekin Drive,The Co-operative Group,16 Wrekin Drive,Telford,Telford And Wrekin,TF2 8DP,52.71807339999999,-2.4401299,Co-op location-services API,Food,True,Farm Lane  Donnington,,False,False
CG-107794-0000,Co-operative Group,107794-0000,7794.0,Acton - Horn Lane,The Co-operative Group,192-210 Horn Lane,London,Ealing,W3 6PL,51.5159526,-0.2677741,Co-op location-services API,Food,True,Acton,,False,False
CG-104150-0000,Co-operative Group,104150-0000,4150.0,Watford - Abbotswood Park,The Co-operative Group,Abbotswood Park,Watford,Hertfordshire,WD25 7LS,51.6947506,-0.4135535,Co-op location-services API,Food,True,Leavesden,,False,False
CG-105220-0000,Co-operative Group,105220-0000,5220.0,Leighton Buzzard - Stanbridge Road,The Co-operative Group,400 Stanbridge Road,Leighton Buzzard,Central Bedfordshire,LU7 4DF,51.9115268,-0.6368584,Co-op location-services API,Food,True,,,False,False
CG-103679-0000,Co-operative Group,103679-0000,3679.0,Wembley - Caldon Boulevard,The Co-operative Group,6 Caldon Boulevard,London,Brent,HA0 1EX,51.54056497182084,-0.2842477,Co-op location-services API,Food,True,Wembley,,False,False
CG-109853-0000,Co-operative Group,109853-0000,9853.0,Carshalton - High Street,The Co-operative Group,42-44 High Street,Carshalton,Sutton,SM5 3AG,51.3652187,-0.1610456,Co-op location-services API,Food,True,,,False,False
CG-105939-0000,Co-operative Group,105939-0000,5939.0,Bletchley - Water Eaton Road,The Co-operative Group,198 Water Eaton Road,Milton Keynes,Milton Keynes,MK2 3AQ,51.98916579999999,-0.7228599,Co-op location-services API,Food,True,Bletchley,,False,False
CG-104130-0000,Co-operative Group,104130-0000,4130.0,Newhaven - Fort Road,The Co-operative Group,Fort Road,Newhaven,East Sussex,BN9 9EL,50.7871453,0.0513813,Co-op location-services API,Lunar,True,,,False,False
CG-108851-0000,Co-operative Group,108851-0000,8851.0,Wimbledon - Arthur Road,The Co-operative Group,177-187 Arthur Road,London,Merton,SW19 8AE,51.4350685,-0.1976665,Co-op location-services API,Food,True,Wimbledon Park  Wimbledon,,False,False
CG-156174-0000,Co-operative Group,156174-0000,6174.0,Askew Road,The Co-operative Group,98 Askew Road,London,Hammersmith And Fulham,W12 9BL,51.5033230040228,-0.243422087,Co-op location-services API,Food,True,Shepherds Bush,,False,False
CG-105431-0000,Co-operative Group,105431-0000,5431.0,Wimbledon - Haydons Road,The Co-operative Group,298 Haydons Road,London,Merton,SW19 8JZ,51.4267,-0.190665,Co-op location-services API,Lunar,True,Wimbledon,,False,False
CG-105150-0000,Co-operative Group,105150-0000,5150.0,London - Goldhawk Road,The Co-operative Group,260 Goldhawk Road,London,Hammersmith And Fulham,W12 9PE,51.499997,-0.238873,Co-op location-services API,Food,True,Shepherds Bush,,False,False
CG-109880-0000,Co-operative Group,109880-0000,9880.0,Putney - South Circular Road,The Co-operative Group,73-75 Upper Richmond Road,London,Wandsworth,SW15 2SR,51.45886700000001,-0.2101183,Co-op location-services API,Food,True,Putney,,False,False
CG-104559-0000,Co-operative Group,104559-0000,4559.0,Hemel Hempstead - Queens Square,The Co-operative Group,46-48 The Queens Square,Hemel Hempstead,Hertfordshire,HP2 4EW,51.7555358,-0.4513906,Co-op location-services API,Food,True,Adeyfield,,False,False
CG-105313-0000,Co-operative Group,105313-0000,5313.0,Watford - York Way,The Co-operative Group,174 York Way,Watford,Hertfordshire,WD25 9EA,51.680372222222,-0.379791111111,Co-op location-services API,Food,True,,,False,False
CG-105549-0000,Co-operative Group,105549-0000,5549.0,Wembley - Olympic Way,The Co-operative Group,25 Olympic Way,Wembley,Brent,HA9 0FR,51.559484,-0.279229,Co-op location-services API,Food,True,,,False,False
CG-106759-0000,Co-operative Group,106759-0000,6759.0,Shepherds Bush - 187-89 Uxbridge Rd,The Co-operative Group,187-189 Uxbridge Road,London,Hammersmith And Fulham,W12 9RA,51.5062615,-0.2380255,Co-op location-services API,Food,True,Shepherds Bush,,False,False
CG-105473-0000,Co-operative Group,105473-0000,5473.0,Colliers Wood - Christchurch Road,The Co-operative Group,Christchurch Road,London,Merton,SW19 2FA,51.41776,-0.17803,Co-op location-services API,Lunar,True,Colliers Wood,,False,False
CG-105380-0000,Co-operative Group,105380-0000,5380.0,London - Fulham Palace Road,The Co-operative Group,108-114 Fulham Palace Road,London,Hammersmith And Fulham,W6 9PL,51.48801,-0.22307,Co-op location-services API,Food,True,,,False,False
CG-104164-0000,Co-operative Group,104164-0000,4164.0,Rugby - Gerard Road,The Co-operative Group,Gerard Road,Rugby,Warwickshire,CV22 7GU,52.3604186,-1.3033129,Co-op location-services API,Food,True,Cawston,,False,False
CG-105426-0000,Co-operative Group,105426-0000,5426.0,Colliers Wood - High Street,The Co-operative Group,62 High Street,London,Merton,SW19 2BY,51.42064,-0.17575,Co-op location-services API,Lunar,True,Colliers Wood,,False,False
CG-107944-0000,Co-operative Group,107944-0000,7944.0,Wallington - Mollison Drive,The Co-operative Group,Mollison Drive,Wallington,Sutton,SM6 9DA,51.353302,-0.1343738,Co-op location-services API,Food,True,Roundshaw,,False,False
CG-105309-0000,Co-operative Group,105309-0000,5309.0,Fulham - Munster Road,The Co-operative Group,227-233 Munster Road,London,Hammersmith And Fulham,SW6 6BT,51.480294,-0.21231,Co-op location-services API,Food,True,Fulham,,False,False
CG-107902-0000,Co-operative Group,107902-0000,7902.0,Walsgrave on Sowe - Woodway Lane,The Co-operative Group,Woodway Lane,Coventry,Coventry,CV2 2HX,52.4301046,-1.4475192,Co-op location-services API,Food,True,Walsgrave,,False,False
CG-104191-0000,Co-operative Group,104191-0000,4191.0,Fulham - Lillie Road,The Co-operative Group,314 Lillie Road,London,Hammersmith And Fulham,SW6 7PS,51.4827792,-0.2132802,Co-op location-services API,Food,True,Fulham,,False,False
CG-108976-0000,Co-operative Group,108976-0000,8976.0,Wandsworth - Garratt Lane,The Co-operative Group,130-138 Garratt Lane,London,Wandsworth,SW18 4EE,51.4503488,-0.1901177,Co-op location-services API,Lunar,True,Wandsworth,,False,False
CG-105514-0000,Co-operative Group,105514-0000,5514.0,Fulham - New Kings Road,The Co-operative Group,100 New Kings Road,London,Hammersmith And Fulham,SW6 4LX,51.472254,-0.203327,Co-op location-services API,Food,True,Fulham,,False,False
CG-104682-0000,Co-operative Group,104682-0000,4682.0,Bradwell - High Street,The Co-operative Group,42 High Street,Milton Keynes,Milton Keynes,MK13 0BT,52.06489810000001,-0.7913580000000001,Co-op location-services API,Food,True,New Bradwell,,False,False
CG-104932-0000,Co-operative Group,104932-0000,4932.0,Netherfield - Farthing Grove,The Co-operative Group,19 Farthing Grove,Milton Keynes,Milton Keynes,MK6 4JH,52.0227374,-0.7342245000000001,Co-op location-services API,Food,True,Netherfield,,False,False
CG-104228-0000,Co-operative Group,104228-0000,4228.0,Caterham - Townend,The Co-operative Group,Townend Road,Caterham,Surrey,CR3 5UG,51.2880434,-0.0894542,Co-op location-services API,Food,True,,,False,False
CG-106949-0000,Co-operative Group,106949-0000,6949.0,Parsons Green - Parsons Green Lane,The Co-operative Group,60 Parsons Green Lane,London,Hammersmith And Fulham,SW6 4HU,51.474874,-0.200863,Co-op location-services API,Food,True,Parson Green   Fulham,,False,False
CG-104943-0000,Co-operative Group,104943-0000,4943.0,Fishermead - Fishermead Blvd,The Co-operative Group,69 Fishermead Boulevard,Milton Keynes,Milton Keynes,MK6 2AD,52.03662199999999,-0.7463689000000001,Co-op location-services API,Food,True,Fishermead,,False,False
CG-104089-0000,Co-operative Group,104089-0000,4089.0,Wandsworth - East Hill,The Co-operative Group,55-57 East Hill,London,Wandsworth,SW18 2QE,51.4576325,-0.184499,Co-op location-services API,Food,True,Wandsworth,,False,False
CG-105816-0000,Co-operative Group,105816-0000,5816.0,Kenley - Godstone Road,The Co-operative Group,60 Godstone Road,Kenley,Croydon,CR8 5AA,51.3257783,-0.1011935,Co-op location-services API,Food,True,,,False,False
CG-105472-0000,Co-operative Group,105472-0000,5472.0,Kensal Green - Harrow Road,The Co-operative Group,765-767 Harrow Road,London,Brent,NW10 5NY,51.531434,-0.231637,Co-op location-services API,Food,True,Kensal Green,,False,False
CG-104358-0000,Co-operative Group,104358-0000,4358.0,Notting Hill - St Ann's Road,The Co-operative Group,104 St Anns Road,London,Kensington And Chelsea,W11 4BU,51.5106964,-0.2164854,Co-op location-services API,Food,True,Notting Hill,,False,False
CG-105417-0000,Co-operative Group,105417-0000,5417.0,London - Bramley Road,The Co-operative Group,Bramley Road,London,Kensington And Chelsea,W10 6SZ,51.5136465,-0.2179523,Co-op location-services API,Food,True,,,False,False
CG-105839-0000,Co-operative Group,105839-0000,5839.0,Kingsbury - Church Lane,The Co-operative Group,171 Church Lane,London,Brent,NW9 8JS,51.57376300000001,-0.2624133,Co-op location-services API,Food,True,Kingsbury,,False,False
CG-104058-0000,Co-operative Group,104058-0000,4058.0,Aldridge - Walsall Wood Road,The Co-operative Group,198 Walsall Wood Road,Walsall,Walsall,WS9 8HB,52.6160875,-1.9145551,Co-op location-services API,Food,True,Aldridge,,False,False
CG-104253-0000,Co-operative Group,104253-0000,4253.0,Battersea - Chatfield Road,The Co-operative Group,8-40 Chatfield Road,London,Wandsworth,SW11 3SE,51.46563020000001,-0.1814907,Co-op location-services API,Food,True,Battersea,,False,False
CG-105172-0000,Co-operative Group,105172-0000,5172.0,Sutton Coldfield - Clarence Road,The Co-operative Group,316 Clarence Road,Sutton Coldfield,Birmingham,B74 4LU,52.59973,-1.84868,Co-op location-services API,Lunar,True,Four Oaks,,False,False
CG-109886-0000,Co-operative Group,109886-0000,9886.0,London - Earls Court Road,The Co-operative Group,210-212 Earls Court Road,London,Kensington And Chelsea,SW5 9QB,51.4923198,-0.1935305,Co-op location-services API,Food,True,Earls Court  Kensington,,False,False
CG-107515-0000,Co-operative Group,107515-0000,7515.0,Lingfield - High Street,The Co-operative Group,1-3 High Street,Lingfield,Surrey,RH7 6AA,51.1745338,-0.0165745,Co-op location-services API,Food,True,,,False,False
CG-105477-0000,Co-operative Group,105477-0000,5477.0,Mitcham - South Lodge Avenue,The Co-operative Group,32 South Lodge Avenue,Mitcham,Merton,CR4 1LU,51.399811,-0.1322,Co-op location-services API,Food,True,,,False,False
CG-106842-0000,Co-operative Group,106842-0000,6842.0,London - Streatham Vale,The Co-operative Group,107-109 Streatham Vale,London,Lambeth,SW16 5SQ,51.4154104,-0.1393683,Co-op location-services API,Food,True,Streatham,,False,False
CG-105192-0000,Co-operative Group,105192-0000,5192.0,Sutton Coldfield - Slade Road,The Co-operative Group,Slade Road,Sutton Coldfield,Birmingham,B75 5PF,52.58944,-1.80819,Co-op location-services API,Food,True,,,False,False
CG-109874-0000,Co-operative Group,109874-0000,9874.0,Chelsea - King's Road,The Co-operative Group,471-487 Kings Road,London,Kensington And Chelsea,SW10 0LU,51.4815796,-0.1810397,Co-op location-services API,Food,True,Worlds End  Chelsea,,False,False
CG-105112-0000,Co-operative Group,105112-0000,5112.0,Seaford - Princess Drive,The Co-operative Group,123 Princess Drive,Seaford,East Sussex,BN25 2TZ,50.78362720000001,0.0987441999999999,Co-op location-services API,Food,True,,,False,False
CG-105368-0000,Co-operative Group,105368-0000,5368.0,Balham - Balham High Road,The Co-operative Group,193 Balham High Road,London,Wandsworth,SW12 9BE,51.44165,-0.15431,Co-op location-services API,Food,True,Balham,,False,False
CG-106743-0000,Co-operative Group,106743-0000,6743.0,Seaford - Broad Street,The Co-operative Group,1 Shepway Parade,Seaford,East Sussex,BN25 1LZ,50.7717788,0.1028943,Co-op location-services API,Food,True,Broadstreet,,False,False
CG-108893-0000,Co-operative Group,108893-0000,8893.0,Dunstable - Westfield Road,The Co-operative Group,121 Westfield Road,Dunstable,Central Bedfordshire,LU6 1DP,51.8884282,-0.5367578,Co-op location-services API,Food,True,,,False,False
CG-109369-0000,Co-operative Group,109369-0000,9369.0,Great Wyrley - Wardles Lane,The Co-operative Group,Wardles Lane,Walsall,Staffordshire,WS6 6DY,52.6576727,-2.0183749,Co-op location-services API,Food,True,Great Wyrley,,False,False
CG-107564-0000,Co-operative Group,107564-0000,7564.0,Neath Hill - Tower Crescent,The Co-operative Group,6A Tower Crescent,Milton Keynes,Milton Keynes,MK14 6JY,52.06025389999999,-0.7469852,Co-op location-services API,Food,True,Neath Hill,,False,False
CG-104352-0000,Co-operative Group,104352-0000,4352.0,Milton Keynes - Plaistow Crescent,The Co-operative Group,Plaistow Crescent,Milton Keynes,Milton Keynes,MK10 9PN,52.0340719,-0.710293,Co-op location-services API,Food,True,,,False,False
CG-109889-0000,Co-operative Group,109889-0000,9889.0,Paddington - Harrow Road,The Co-operative Group,504-506 Harrow Road,London,Westminster,W9 3QA,51.52493,-0.2026830999999999,Co-op location-services API,Food,True,Paddington,,False,False
CG-106079-0000,Co-operative Group,106079-0000,6079.0,Willesden Green - Walm Lane,The Co-operative Group,57-59 Walm Lane,London,Brent,NW2 4QR,51.549748,-0.220575,Co-op location-services API,Food,True,Willesden Green,,False,False
CG-105578-0000,Co-operative Group,105578-0000,5578.0,Croydon - South End,The Co-operative Group,40-42 South End,Croydon,Croydon,CR0 1DP,51.36565,-0.09908,Co-op location-services API,Food,True,,,False,False
CG-108804-0000,Co-operative Group,108804-0000,8804.0,Battersea - Battersea Bridge Road,The Co-operative Group,27-35 Battersea Bridge Road,London,Wandsworth,SW11 3BA,51.47888519999999,-0.1700307,Co-op location-services API,Food,True,Battersea,,False,False
CG-107527-0000,Co-operative Group,107527-0000,7527.0,Dunstable - Lowther Road,The Co-operative Group,59-61 Lowther Road,Dunstable,Central Bedfordshire,LU6 3NL,51.8740125,-0.5139975999999999,Co-op location-services API,Food,True,,,False,False
CG-105643-0000,Co-operative Group,105643-0000,5643.0,Hendon - West Hendon Broadway,The Co-operative Group,West Hendon Broadway,London,Barnet,NW9 7ED,51.577777777778,-0.240083333333,Co-op location-services API,Food,True,,,False,False
CG-103688-0000,Co-operative Group,103688-0000,3688.0,Rugby - Clifton Road,The Co-operative Group,31B Clifton Road,Rugby,Warwickshire,CV21 3PY,52.37215637480346,-1.2568296849976226,Co-op location-services API,Food,True,,,False,False
CG-105428-0000,Co-operative Group,105428-0000,5428.0,Wandsworth - Balham Hill Road,The Co-operative Group,40 Balham Hill,London,Wandsworth,SW12 9EL,51.448564,-0.148328,Co-op location-services API,Food,True,Wandsworth,,False,False
CG-105662-0000,Co-operative Group,105662-0000,5662.0,Norbury - London Road,The Co-operative Group,1485-1489 London Road,London,Croydon,SW16 4AE,51.4111062636497,-0.1232916366384163,Co-op location-services API,Food,True,Norbury,,False,False
CG-105120-0000,Co-operative Group,105120-0000,5120.0,Colindale - Colindale Avenue,The Co-operative Group,130 Colindale Avenue,London,Barnet,NW9 5HE,51.59509,-0.25013,Co-op location-services API,Food,True,Colindale,,False,False
CG-105613-0000,Co-operative Group,105613-0000,5613.0,Queens Park - Salusbury Road,The Co-operative Group,"105-109, Salusbury Road",London,Brent,NW6 6RG,51.537138888889,-0.206277777778,Co-op location-services API,Food,True,Queens Park,,False,False
CG-156153-0000,Co-operative Group,156153-0000,6153.0,Northolt - Church Road,The Co-operative Group,52-58 Church Road,Northolt,Hertfordshire,UB5 5AB,51.71598613,-0.351075446,Co-op location-services API,Food,True,,,False,False
CG-105386-0000,Co-operative Group,105386-0000,5386.0,St Albans - Watford Road,The Co-operative Group,212 Watford Road,St. Albans,Hertfordshire,AL2 3EA,51.72813,-0.359965,Co-op location-services API,Food,True,,,False,False
CG-104168-0000,Co-operative Group,104168-0000,4168.0,Forest Row - Hartfield Road,The Co-operative Group,19 Hartfield Road,Forest Row,East Sussex,RH18 5DN,51.097116,0.034869,Co-op location-services API,Food,True,,,False,False
CG-105670-0000,Co-operative Group,105670-0000,5670.0,Wandsworth - Lavender Hill,The Co-operative Group,47-53 Lavender Hill,London,Wandsworth,SW11 5NQ,51.466056,-0.153043,Co-op location-services API,Food,True,Wandsworth,,False,False
CG-107572-0000,Co-operative Group,107572-0000,7572.0,Newbold on Avon - Main Street,The Co-operative Group,19 Main Street,Rugby,Warwickshire,CV21 1HH,52.39067319999999,-1.2831834,Co-op location-services API,Food,True,Newbold-on-Avon,,False,False
CG-105718-0000,Co-operative Group,105718-0000,5718.0,Hamsey Green - Limpsfield Road,The Co-operative Group,351 Limpsfield Road,South Croydon,Croydon,CR2 9BY,51.3197132,-0.0644257,Co-op location-services API,Food,True,Hamsey Green,,False,False
CG-107932-0000,Co-operative Group,107932-0000,7932.0,St Albans - How Wood,The Co-operative Group,24-26 How Wood,St. Albans,Hertfordshire,AL2 2RA,51.71972599999999,-0.3503019,Co-op location-services API,Food,True,Park Street,,False,False
CG-105400-0000,Co-operative Group,105400-0000,5400.0,Croydon - Lansdowne Road,The Co-operative Group,6/6A Lansdowne Road,Croydon,Croydon,CR0 2BX,51.376703,-0.0961,Co-op location-services API,Food,True,,,False,False
CG-156190-0000,Co-operative Group,156190-0000,6190.0,Edgware - Deansbrook Road,The Co-operative Group,243 Deansbrook Road,Edgware,Barnet,HA8 9BX,51.61049682996175,-0.2566388657656751,Co-op location-services API,Food,True,,,False,False
CG-109890-0000,Co-operative Group,109890-0000,9890.0,Cricklewood - Cricklewood Lane,The Co-operative Group,Cricklewood Lane,London,Barnet,NW2 1ET,51.5572018,-0.2149708,Co-op location-services API,Food,True,Cricklewood,,False,False
CG-105636-0000,Co-operative Group,105636-0000,5636.0,Edgeware - Hale Lane,The Co-operative Group,157-161 Hale Lane,Edgware,Barnet,HA8 9QW,51.61693,-0.261183,Co-op location-services API,Food,True,,,False,False
CG-104373-0000,Co-operative Group,104373-0000,4373.0,Cricklewood - Cricklewood Broadway,The Co-operative Group,22-26 Cricklewood Broadway,London,Camden,NW2 3HD,51.5528501,-0.2103863,Co-op location-services API,Food,True,Cricklewood,,False,False
CG-108891-0000,Co-operative Group,108891-0000,8891.0,Oswestry - Victoria Road,The Co-operative Group,Victoria Road,Oswestry,Shropshire,SY11 2HR,52.8554454,-3.0540766,Co-op location-services API,Food,True,,,False,False
CG-104158-0000,Co-operative Group,104158-0000,4158.0,Clapham - Abbeville Road,The Co-operative Group,56-58 Abbeville Road,London,Lambeth,SW4 9NF,51.45479919999999,-0.1392518,Co-op location-services API,Food,True,Clapham,,False,False
CG-103056-0000,Co-operative Group,103056-0000,3056.0,Brent Cross - Aviator Drive,The Co-operative Group,8 Aviator Drive,London,Barnet,NW2 8AA,51.57121490120397,-0.220762828782144,Co-op location-services API,Food,True,,,False,False
CG-109900-0000,Co-operative Group,109900-0000,9900.0,Streatham- Streatham Hill,The Co-operative Group,176-178 Streatham Hill,London,Lambeth,SW2 4RU,51.4385336,-0.1269875,Co-op location-services API,Food,True,Streatham,,False,False
CG-153778-0000,Co-operative Group,153778-0000,3778.0,Thornton Heath,The Co-operative Group,26-28 Green Lane,Thornton Heath,Croydon,CR7 8BB,51.40886979,-0.105847216,Co-op location-services API,Food,True,,,False,False
CG-105421-0000,Co-operative Group,105421-0000,5421.0,Cricklewood - 140 Cricklewood Lane,The Co-operative Group,140 Cricklewood Lane,London,Barnet,NW2 2DT,51.5605,-0.2078,Co-op location-services API,Food,True,Cricklewood,,False,False
CG-107271-0000,Co-operative Group,107271-0000,7271.0,Borehamwood - Organ Hall Road,The Co-operative Group,28 Organ Hall Road,Borehamwood,Hertfordshire,WD6 4TH,51.6656999,-0.2915024000000001,Co-op location-services API,Food,True,,,False,False
CG-107868-0000,Co-operative Group,107868-0000,7868.0,Croydon - Lower Addiscombe Rd,The Co-operative Group,61 Lower Addiscombe Road,Croydon,Croydon,CR0 6PQ,51.3804544,-0.0865331,Co-op location-services API,Food,True,Addiscombe,,False,False
CG-104351-0000,Co-operative Group,104351-0000,4351.0,Broughton - Tanfield Lane,The Co-operative Group,54 Tanfield Lane,Milton Keynes,Milton Keynes,MK10 9NY,52.0476061,-0.6988701,Co-op location-services API,Lunar,True,Broughton,,False,False
CG-104201-0000,Co-operative Group,104201-0000,4201.0,Hendon - Church Road,The Co-operative Group,15-17 Church Road,London,Barnet,NW4 4EB,51.5898698,-0.2256891,Co-op location-services API,Food,True,Hendon,,False,False
CG-104824-0000,Co-operative Group,104824-0000,4824.0,Woburn Sands - High Street,The Co-operative Group,25-27 High Street,Milton Keynes,Milton Keynes,MK17 8RF,52.0113294,-0.6468336,Co-op location-services API,Food,True,Woburn Sands,,False,False
CG-104306-0000,Co-operative Group,104306-0000,4306.0,Broughton - Bodmin Place,The Co-operative Group,Bodmin Place,Milton Keynes,Milton Keynes,MK10 7DP,52.0435408,-0.6848925,Co-op location-services API,Lunar,True,Broughton,,False,False
CG-106097-0000,Co-operative Group,106097-0000,6097.0,Cannock - Longford Road,The Co-operative Group,Longford Road,Cannock,Staffordshire,WS11 1NE,52.686279,-2.04327,Co-op location-services API,Food,True,,,False,False
CG-104721-0000,Co-operative Group,104721-0000,4721.0,Newport Pagnell - Wordsworth Avenue,The Co-operative Group,Wordsworth Avenue,Newport Pagnell,Milton Keynes,MK16 8SB,52.0875221,-0.7436584,Co-op location-services API,Food,True,,,False,False
CG-104666-0000,Co-operative Group,104666-0000,4666.0,Borehamwood - Leeming Road,The Co-operative Group,7-9 Leeming Road,Borehamwood,Hertfordshire,WD6 4EB,51.6679918,-0.2828281,Co-op location-services API,Food,True,,,False,False
CG-156461-0000,Co-operative Group,156461-0000,6461.0,Uckfield,The Co-operative Group,Eastbourne Road,Uckfield,East Sussex,TN22 5SP,50.96088163284546,0.0995528550925901,Co-op location-services API,Food,True,Ridgewood,,False,False
CG-104287-0000,Co-operative Group,104287-0000,4287.0,Childs Hill - Finchley Road,The Co-operative Group,713 Finchley Road,Brent,Barnet,NW11 8AT,51.563164,-0.19728,Co-op location-services API,Food,True,Childs Hill,,False,False
CG-109747-0000,Co-operative Group,109747-0000,9747.0,Dunstable - Katherine Drive,The Co-operative Group,37-43 Katherine Drive,Dunstable,Central Bedfordshire,LU5 4NP,51.8925059,-0.4984954,Co-op location-services API,Lunar,True,,,False,False
CG-105923-0000,Co-operative Group,105923-0000,5923.0,Long Buckby - High Street,The Co-operative Group,High Street,Northampton,Northamptonshire,NN6 7RE,52.3033359,-1.0797789,Co-op location-services API,Food,True,Long Buckby,,False,False
CG-105302-0000,Co-operative Group,105302-0000,5302.0,Northampton - Williams Way,The Co-operative Group,Williams Way,Northampton,Northamptonshire,NN4 5DY,52.1890852,-0.887451,Co-op location-services API,Food,True,Grange Park,,False,False
CG-105125-0000,Co-operative Group,105125-0000,5125.0,Redbourn - High Street,The Co-operative Group,High Street,St. Albans,Hertfordshire,AL3 7LN,51.799016192997605,-0.3957468598687371,Co-op location-services API,Food,True,Redbourn,,False,False
CG-109902-0000,Co-operative Group,109902-0000,9902.0,West Norwood - Norwood Road,The Co-operative Group,539-541 Norwood Road,London,Lambeth,SE27 9DL,51.43432989999999,-0.1035863,Co-op location-services API,Food,True,West Norwood,,False,False
CG-109899-0000,Co-operative Group,109899-0000,9899.0,Tulse Hill - Norwood Road,The Co-operative Group,178 Norwood Road,London,Lambeth,SE27 9AU,51.4399318,-0.1064656,Co-op location-services API,Food,True,Tulse Hill,,False,False
CG-104557-0000,Co-operative Group,104557-0000,4557.0,Croydon - Lower Addiscombe Road,The Co-operative Group,311 Lower Addiscombe Road,Croydon,Croydon,CR0 7AF,51.3819496,-0.0698527,Co-op location-services API,Food,True,Addiscombe,,False,False
CG-105626-0000,Co-operative Group,105626-0000,5626.0,Portman Square - Baker Street,The Co-operative Group,12 Baker Street,London,Westminster,W1U 3AA,51.51648,-0.15485,Co-op location-services API,Food,True,Westminster,,False,False
CG-104220-0000,Co-operative Group,104220-0000,4220.0,Regents Park - Park Road,The Co-operative Group,18-22 Park Road,London,Westminster,NW1 4SA,51.525217,-0.160139,Co-op location-services API,Food,True,Regents Park,,False,False
CG-105591-0000,Co-operative Group,105591-0000,5591.0,London - Baker Street Station,The Co-operative Group,190-192 Baker Street,London,Westminster,NW1 5RT,51.52331256359512,-0.1576895894523676,Co-op location-services API,Food,True,,,False,False
CG-104738-0000,Co-operative Group,104738-0000,4738.0,Luton - Manor Road,The Co-operative Group,9 Manor Road,Luton,Central Bedfordshire,LU1 4EE,51.8656181,-0.4573447,Co-op location-services API,Food,True,Caddington,,False,False
CG-105895-0000,Co-operative Group,105895-0000,5895.0,Luton - St Dominics Square,The Co-operative Group,8-9 St. Dominics Square,Luton,Luton,LU4 0UN,51.90158839999999,-0.4964342999999999,Co-op location-services API,Lunar,True,Lewsey Farm,,False,False
CG-106573-0000,Co-operative Group,106573-0000,6573.0,Newport Pagnell - High Street,The Co-operative Group,75-77 High Street,Newport Pagnell,Milton Keynes,MK16 8AB,52.08652790000001,-0.7236091,Co-op location-services API,Food,True,Newport Pagnell,,False,False
CG-106010-0000,Co-operative Group,106010-0000,6010.0,Lambeth - Stockwell Road,The Co-operative Group,145 Stockwell Road,London,Lambeth,SW9 9TN,51.46662538984514,-0.11686924,Co-op location-services API,Food,True,,,False,False
CG-105371-0000,Co-operative Group,105371-0000,5371.0,London - South Lambeth Road,The Co-operative Group,173-175 South Lambeth Road,London,Lambeth,SW8 1XW,51.477335,-0.123004,Co-op location-services API,Food,True,,,False,False
CG-105364-0000,Co-operative Group,105364-0000,5364.0,Upton - High Street,The Co-operative Group,Upton Place - High Street,Northampton,Northamptonshire,NN5 4UX,52.2360375,-0.9456,Co-op location-services API,Food,True,Upton,,False,False
CG-109343-0000,Co-operative Group,109343-0000,9343.0,Penkridge - Wolverhampton Road,The Co-operative Group,Wolverhampton Road,Stafford,Staffordshire,ST19 5NS,52.7171419,-2.1178079,Co-op location-services API,Food,True,Penkridge,,False,False
CG-103706-0000,Co-operative Group,103706-0000,3706.0,St Albans - London Road,The Co-operative Group,40-42 London Road,St Albans,Hertfordshire,AL1 1NG,51.750286,-0.338262,Co-op location-services API,Food,True,,,False,False
CG-105347-0000,Co-operative Group,105347-0000,5347.0,Stockwell - Brixton Road,The Co-operative Group,245 Brixton Road,Stockwell,Lambeth,SW9 6LJ,51.47161,-0.112268,Co-op location-services API,Food,True,,,False,False
CG-109848-0000,Co-operative Group,109848-0000,9848.0,Addington - Featherbed Lane,The Co-operative Group,Featherbed Lane,Croydon,Croydon,CR0 9AS,51.350941,-0.0380546,Co-op location-services API,Food,True,Addington,,False,False
CG-105186-0000,Co-operative Group,105186-0000,5186.0,Soho - Berwick Street,The Co-operative Group,104-105 Berwick Street,London,Westminster,W1F 0QS,51.51282012901429,-0.1344774336786834,Co-op location-services API,Food,True,Soho,,False,False
CG-107905-0000,Co-operative Group,107905-0000,7905.0,Wootton - Wootton Hope Drive,The Co-operative Group,Wootton Fields Centre,Northampton,Northamptonshire,NN4 6DY,52.2030915,-0.8765961000000001,Co-op location-services API,Food,True,Wootton Hope Drive  Wootton,,False,False
CG-106769-0000,Co-operative Group,106769-0000,6769.0,Shirley Oaks - Shirley Road,The Co-operative Group,225-227 Wickham Road,Croydon,Croydon,CR0 8TG,51.3753527,-0.0469354,Co-op location-services API,Food,True,Shirley,,False,False
CG-103646-0000,Co-operative Group,103646-0000,3646.0,Barnet - Millbrook Park,The Co-operative Group,24 Royal Engineers Way,London,Barnet,NW7 1NW,51.613083,-0.206677,Co-op location-services API,Food,True,Barnet,,False,False
CG-104316-0000,Co-operative Group,104316-0000,4316.0,Loughborough Jnctn - Coldharbour Ln,The Co-operative Group,201 Coldharbour Lane,London,Lambeth,SW9 8RZ,51.4663606,-0.1009699,Co-op location-services API,Food,True,Loughborough Junction  Brixton,,False,False
CG-106721-0000,Co-operative Group,106721-0000,6721.0,Far Cotton - Rothersthorpe Road,The Co-operative Group,5 Rothersthorpe Road,Northampton,Northamptonshire,NN4 8JA,52.2248541,-0.9063506,Co-op location-services API,Food,True,Far Cotton,,False,False
CG-105920-0000,Co-operative Group,105920-0000,5920.0,London Colney - Haseldine Road,The Co-operative Group,7-9 Haseldine Road,St. Albans,Hertfordshire,AL2 1RR,51.72324749999999,-0.2967759999999999,Co-op location-services API,Food,True,London Colney,,False,False
CG-108697-0000,Co-operative Group,108697-0000,8697.0,London - Strand,The Co-operative Group,456-459 Strand,London,Westminster,WC2R 0RG,51.5083074,-0.1264097,Co-op location-services API,Food,True,,,False,False
CG-105389-0000,Co-operative Group,105389-0000,5389.0,Falloden Way - Hampstead Garden,The Co-operative Group,"53-57 Market Place, Falloden Way",London,Barnet,NW11 6JT,51.58583,-0.18139,Co-op location-services API,Food,True,Hampstead Gardens,,False,False
CG-104031-0000,Co-operative Group,104031-0000,4031.0,Camden - Parkway,The Co-operative Group,73-74 Parkway,London,Camden,NW1 7AH,51.5377792,-0.145107,Co-op location-services API,Food,True,Camden Town,,False,False
CG-104766-0000,Co-operative Group,104766-0000,4766.0,St Albans - Cell Barnes Lane,The Co-operative Group,199-201 Cell Barnes Lane,St. Albans,Hertfordshire,AL1 5PX,51.74359639999999,-0.3124206999999999,Co-op location-services API,Food,True,,,False,False
CG-109251-0000,Co-operative Group,109251-0000,9251.0,Bala - High Street,The Co-operative Group,78-86 Stryd Fawr,Bala,Gwynedd,LL23 7AD,52.9096331,-3.5995977,Co-op location-services API,Food,True,,,False,False
CG-104915-0000,Co-operative Group,104915-0000,4915.0,Anerley - Elmers End Road,The Co-operative Group,70-72 Elmers End Road,London,Bromley,SE20 7UX,51.4062741,-0.0577667999999999,Co-op location-services API,Food,True,Elmers End  Anerley,,False,False
CG-104742-0000,Co-operative Group,104742-0000,4742.0,Camberwell - Camberwell New Road,The Co-operative Group,177-183 Camberwell New Road,London,Southwark,SE5 0TJ,51.4781967,-0.1028752,Co-op location-services API,Food,True,Camberwell,,False,False
CG-107988-0000,Co-operative Group,107988-0000,7988.0,Luton - Market Square,The Co-operative Group,13-15 Market Sq,Luton,Luton,LU1 5RD,51.8754865,-0.4389321,Co-op location-services API,Food,True,Whipperly Ring,,False,False
CG-104086-0000,Co-operative Group,104086-0000,4086.0,Lambeth - Lower Marsh,The Co-operative Group,1 Lower Marsh,London,Lambeth,SE1 7NT,51.499855,-0.114235,Co-op location-services API,Food,True,Lambeth,,False,False
CG-106555-0000,Co-operative Group,106555-0000,6555.0,New Addington - Central Parade,The Co-operative Group,7-10 Central Parade,Croydon,Croydon,CR0 0JB,51.34235690000001,-0.0162329,Co-op location-services API,Food,True,New Addington,,False,False
CG-104115-0000,Co-operative Group,104115-0000,4115.0,Huntington - Stafford Road,The Co-operative Group,Stafford Road,Cannock,Staffordshire,WS12 4NU,52.71292,-2.0407697,Co-op location-services API,Food,True,Huntington,,False,False
CG-109901-0000,Co-operative Group,109901-0000,9901.0,Camberwell - Denmark Hill,The Co-operative Group,28-32 Denmark Hill,London,Southwark,SE5 8RZ,51.4734495,-0.0933406,Co-op location-services API,Food,True,Camberwell,,False,False
CG-104365-0000,Co-operative Group,104365-0000,4365.0,Holborn - Kingsway,The Co-operative Group,18 Kingsway,London,Westminster,WC2B 6LH,51.513991,-0.117731,Co-op location-services API,Food,True,Holborn,,False,False
CG-107877-0000,Co-operative Group,107877-0000,7877.0,Burntwood - Morley Road,The Co-operative Group,Morley Road,Burntwood,Staffordshire,WS7 9AZ,52.6810281,-1.920083099999999,Co-op location-services API,Food,True,Chase Terrace,,False,False
CG-109407-0000,Co-operative Group,109407-0000,9407.0,Burntwood Green - Chase Road,The Co-operative Group,Swan Corner Shopping Precinct,Burntwood,Staffordshire,WS7 0DW,52.6776965,-1.9067798,Co-op location-services API,Food,True,Chase Rd,,False,False
CG-104178-0000,Co-operative Group,104178-0000,4178.0,Beckenham - Upper Elmers End Road,The Co-operative Group,166 Upper Elmers End Road,Beckenham,Bromley,BR3 3DY,51.391648,-0.038286,Co-op location-services API,Food,True,Eden Park,,False,False
CG-104343-0000,Co-operative Group,104343-0000,4343.0,Kentish Town - Fortess Road,The Co-operative Group,9 Fortess Road,London,Camden,NW5 1AS,51.54953399999999,-0.1407609,Co-op location-services API,Food,True,Kentish Town,,False,False
CG-105818-0000,Co-operative Group,105818-0000,5818.0,Kentish Town - Kentish Town Road,The Co-operative Group,250-254 Kentish Town Road,London,Camden,NW5 2AB,51.54953399999999,-0.1407609,Co-op location-services API,Food,True,Kentish Town,,False,False
CG-104203-0000,Co-operative Group,104203-0000,4203.0,Camden - Camley Street,The Co-operative Group,Unit 1 103a Camley Street,London,Camden,N1C 4PF,51.537701,-0.1305233,Co-op location-services API,Food,True,Camden,,False,False
CG-108226-0000,Co-operative Group,108226-0000,8226.0,Gobowen - The Cross,The Co-operative Group,The Cross,Oswestry,Shropshire,SY11 3JR,52.894585,-3.037941,Co-op location-services API,Food,True,Gobowen,,False,False
CG-109897-0000,Co-operative Group,109897-0000,9897.0,Dulwich - Lordship Lane,The Co-operative Group,56-62 Lordship Lane,London,Southwark,SE22 8HJ,51.4587737,-0.0751266999999999,Co-op location-services API,Food,True,Dulwich,,False,False
CG-106921-0000,Co-operative Group,106921-0000,6921.0,Southwark - Southwark Bridge Road,The Co-operative Group,136 Southwark Bridge Road,London,Southwark,SE1 0DG,51.5004511,-0.0992356999999999,Co-op location-services API,Food,True,Southwark,,False,False
CG-103692-0000,Co-operative Group,103692-0000,3692.0,Cannock - Pye Green Road,The Co-operative Group,Noble Road,Hednesford,Staffordshire,WS12 4RW,52.71617405956989,-2.02278839528998,Co-op location-services API,Lunar,True,,,False,False
CG-108969-0000,Co-operative Group,108969-0000,8969.0,London - 39-43 Grays Inn Road,The Co-operative Group,39-43 Grays Inn Road,London,Camden,WC1X 8PR,51.5220174,-0.1139195,Co-op location-services API,Food,True,,,False,False
CG-105062-0000,Co-operative Group,105062-0000,5062.0,London - Sumner Street,The Co-operative Group,3 Sumner Street,London,Southwark,SE1 9RE,51.5062418,-0.1010321,Co-op location-services API,Food,True,,,False,False
CG-107324-0000,Co-operative Group,107324-0000,7324.0,Barnet - Mays Lane,The Co-operative Group,187 Mays Lane,Barnet,Barnet,EN5 2DY,51.6456994,-0.2033114,Co-op location-services API,Food,True,,,False,False
CG-107375-0000,Co-operative Group,107375-0000,7375.0,Dulwich - Forest Hill Road,The Co-operative Group,26 Forest Hill Road,London,Southwark,SE22 0RR,51.4535582,-0.0622632,Co-op location-services API,Food,True,Dulwich,,False,False
CG-109751-0000,Co-operative Group,109751-0000,9751.0,Harpenden - Southdown Road,The Co-operative Group,130 Southdown Road,Harpenden,Hertfordshire,AL5 1PU,51.80713129999999,-0.3432627999999999,Co-op location-services API,Food,True,,,False,False
CG-104651-0000,Co-operative Group,104651-0000,4651.0,Luton - Biscot Road,The Co-operative Group,151-153 Biscot Road,Luton,Luton,LU3 1AW,51.8922255,-0.4299571,Co-op location-services API,Food,True,,,False,False
CG-103612-0000,Co-operative Group,103612-0000,3612.0,Farringdon - Turnmill Street,The Co-operative Group,94-98 Turnmill Street,London,Islington,EC1M 5QP,51.520369,-0.10438,Co-op location-services API,Food,True,,,False,False
CG-105312-0000,Co-operative Group,105312-0000,5312.0,Finsbury - Tysoe Street,The Co-operative Group,1-7 Tysoe Street,London,Islington,EC1R 4SA,51.52649,-0.10862,Co-op location-services API,Food,True,Finsbury,,False,False
CG-106750-0000,Co-operative Group,106750-0000,6750.0,Semilong - Semilong Road,The Co-operative Group,31-33 Semilong Road,Northampton,Northamptonshire,NN2 6BH,52.246776,-0.9001496999999997,Co-op location-services API,Food,True,Semilong,,False,False
CG-105832-0000,Co-operative Group,105832-0000,5832.0,Islington - Caledonian Road,The Co-operative Group,303-311 Caledonian Road,London,Islington,N1 1DT,51.54103519999999,-0.1173744,Co-op location-services API,Food,True,Islington,,False,False
CG-104582-0000,Co-operative Group,104582-0000,4582.0,Archway - Junction Road,The Co-operative Group,11-19 Junction Road,London,Islington,N19 5QT,51.5650094,-0.1346146,Co-op location-services API,Food,True,Archway  Highgate,,False,False
CG-105333-0000,Co-operative Group,105333-0000,5333.0,Highgate - Archway Road,The Co-operative Group,191-201 Archway Road,London,Islington,N6 5BW,51.564972,-0.134587,Co-op location-services API,Food,True,Highgate,,False,False
CG-104181-0000,Co-operative Group,104181-0000,4181.0,St Paul's - Cheapside,The Co-operative Group,5 Cheapside,London,City Of London,EC2V 6AA,51.5147273,-0.0973011999999999,Co-op location-services API,Food,True,St Paul's,,False,False
CG-105058-0000,Co-operative Group,105058-0000,5058.0,Biggin Hill - Rosehill Road,The Co-operative Group,16-18 Rosehill Road,Westerham,Bromley,TN16 3NF,51.310313,0.026633,Co-op location-services API,Food,True,Biggin Hill,,False,False
CG-103611-0000,Co-operative Group,103611-0000,3611.0,Forest Hill - Stanstead Road,The Co-operative Group,107-113 Stanstead Road,London,Lewisham,SE23 1HH,51.442389,-0.048039,Co-op location-services API,Food,True,,,False,False
CG-106104-0000,Co-operative Group,106104-0000,6104.0,Bermondsey - Crimscott Street,The Co-operative Group,36 Crimscott Street,London,Southwark,SE1 5YQ,51.494748564577456,-0.0791951497851216,Co-op location-services API,Food,True,,,False,False
CG-109404-0000,Co-operative Group,109404-0000,9404.0,Nuneaton - Camborne Drive,The Co-operative Group,Cambourne Drive,Nuneaton,Warwickshire,CV11 6GU,52.5268655,-1.4391161,Co-op location-services API,Food,True,Horeston Grange,,False,False
CG-103649-0000,Co-operative Group,103649-0000,3649.0,Beckenham - Albermarle Road,The Co-operative Group,Albemarle Road,London,Bromley,BR3 5HZ,51.410912,-0.025871,Co-op location-services API,Lunar,True,Beckenham,,False,False
CG-106065-0000,Co-operative Group,106065-0000,6065.0,Archway - Holloway Road,The Co-operative Group,640-650 Holloway Road,London,Islington,N19 3NU,51.562351111111,-0.125763888889,Co-op location-services API,Food,True,Islington,,False,False
CG-104813-0000,Co-operative Group,104813-0000,4813.0,Coney Hall - Croydon Road,The Co-operative Group,42-46 Croydon Road,West Wickham,Bromley,BR4 9HU,51.3697179,0.0009746,Co-op location-services API,Food,True,Coney Hall,,False,False
CG-103614-0000,Co-operative Group,103614-0000,3614.0,London - Moorgate,The Co-operative Group,17 Moorgate,London,City Of London,EC2R 6AR,51.515599,-0.089618,Co-op location-services API,Food,True,,,False,False
CG-104650-0000,Co-operative Group,104650-0000,4650.0,Luton - Birdsfoot Lane,The Co-operative Group,259 Birdsfoot Lane,Luton,Luton,LU3 2HX,51.908879,-0.4345024,Co-op location-services API,Lunar,True,,,False,False
CG-104622-0000,Co-operative Group,104622-0000,4622.0,Finchley - Woodhouse Road,The Co-operative Group,Woodhouse Road,London,Barnet,N12 0LH,51.6121853,-0.1595281,Co-op location-services API,Food,True,Finchley,,False,False
CG-103618-0000,Co-operative Group,103618-0000,3618.0,Nunhead - Evelina Road,The Co-operative Group,88-96 Evelina Road,London,Southwark,SE15 3HL,51.466570616180086,-0.0563724236109063,Co-op location-services API,Food,True,Nunhead,,False,False
CG-104098-0000,Co-operative Group,104098-0000,4098.0,London - City Road,The Co-operative Group,271-273 City Road,London,Islington,EC1V 1LA,51.5304134,-0.0991793999999999,Co-op location-services API,Food,True,Islington,,False,False
CG-104616-0000,Co-operative Group,104616-0000,4616.0,Northampton - Barry Road,The Co-operative Group,Barry Road,Northampton,Northamptonshire,NN1 5JS,52.2423554,-0.8738761,Co-op location-services API,Food,True,,,False,False
CG-156159-SPET,Co-operative Group,156159-SPET,6159.0,The Angel,The Co-operative Group,257 City Road,London,Hackney,EC1V 1JQ,51.52945787,-0.094672916,Co-op location-services API,Food/Petrol,True,,,False,False
CG-107247-0000,Co-operative Group,107247-0000,7247.0,Harpenden - Lower Luton Road,The Co-operative Group,138-144 Lower Luton Road,Harpenden,Hertfordshire,AL5 5HA,51.8257748,-0.3418366,Co-op location-services API,Food,True,Batford,,False,False
CG-108994-0000,Co-operative Group,108994-0000,8994.0,London - Mill Street,The Co-operative Group,Unit 1-3 Mill Street,London,Southwark,SE1 2DE,51.5004198,-0.07317,Co-op location-services API,Food,True,Southwark,,False,False
CG-109888-0000,Co-operative Group,109888-0000,9888.0,London - Old Street,The Co-operative Group,185 Old Street,London,Islington,EC1V 9NP,51.5256103,-0.0902183,Co-op location-services API,Food,True,Shoreditch,,False,False
CG-105053-0000,Co-operative Group,105053-0000,5053.0,Highbury - Queensland Terrace,The Co-operative Group,54 Benwell Road,London,Islington,N7 7BA,51.553312,-0.1095518,Co-op location-services API,Food,True,Islington,,False,False
CG-105528-0000,Co-operative Group,105528-0000,5528.0,London - Fenchurch Street,The Co-operative Group,94-95 Fenchurch Street,London,City Of London,EC3A 2DB,51.51233,-0.07977,Co-op location-services API,Food,True,,,False,False
CG-108781-0000,Co-operative Group,108781-0000,8781.0,Brockley - St Norbert Road,The Co-operative Group,100 St Norbert Road,London,Lewisham,SE4 2BN,51.4587928,-0.0439184,Co-op location-services API,Food,True,Brockley,,False,False
CG-103766-0000,Co-operative Group,103766-0000,3766.0,Muswell Hill - Priory Road,The Co-operative Group,171-173 Priory Road,Muswell Hill,Haringey,N8 8NB,51.5874118479073,-0.132759213,Co-op location-services API,Food,True,,,False,False
CG-156167-0000,Co-operative Group,156167-0000,6167.0,Spa Road,The Co-operative Group,150 Spa Road,Bermondsey,Southwark,SE16 4AU,51.49646502,-0.067777374,Co-op location-services API,Food,True,,,False,False
CG-105541-0000,Co-operative Group,105541-0000,5541.0,London - Minories,The Co-operative Group,109 Minories,London,City Of London,EC3N 2LU,51.51111,-0.07516,Co-op location-services API,Food,True,,,False,False
CG-106216-0000,Co-operative Group,106216-0000,6216.0,Cranfield - High Street,The Co-operative Group,57-67 High Street,Bedford,Central Bedfordshire,MK43 0DP,52.067697688757846,-0.610446946391857,Co-op location-services API,Food,True,Cranfield,,False,False
CG-105863-0000,Co-operative Group,105863-0000,5863.0,Crofton Park - Brockley Road,The Co-operative Group,383 Brockley Road,London,Lewisham,SE4 2PH,51.45483929999999,-0.0369437999999999,Co-op location-services API,Food,True,Crofton Park,,False,False
CG-105942-0000,Co-operative Group,105942-0000,5942.0,Gainsborough Studios - New N Road,The Co-operative Group,136 New North Road,London,Hackney,N1 6SU,51.5356819,-0.0891436,Co-op location-services API,Food,True,Islington,,False,False
CG-104629-0000,Co-operative Group,104629-0000,4629.0,Bellingham - Randlesdown Road,The Co-operative Group,38-40 Randlesdown Road,London,Lewisham,SE6 3BT,51.4323984,-0.021136,Co-op location-services API,Food,True,Bellingham,,False,False
CG-107976-0000,Co-operative Group,107976-0000,7976.0,Westerham - High Street,The Co-operative Group,6 The Grange,Westerham,Kent,TN16 1RF,51.2669341,0.0695851,Co-op location-services API,Food,True,High St,,False,False
CG-105346-0000,Co-operative Group,105346-0000,5346.0,Brockley - Brockley Road,The Co-operative Group,294-296 Brockley Road,Brockley,Lewisham,SE4 2RA,51.459091,-0.034047,Co-op location-services API,Food,True,,,False,False
CG-104320-0000,Co-operative Group,104320-0000,4320.0,Friern Barnet - Friern Barnet Rd,The Co-operative Group,43 Friern Barnet Road,London,Barnet,N11 1NE,51.6159136,-0.1439192,Co-op location-services API,Food,True,New Southgate,,False,False
CG-105305-0000,Co-operative Group,105305-0000,5305.0,East Barnet - East Barnet Road,The Co-operative Group,233 East Barnet Road,Barnet,Barnet,EN4 8SS,51.643183,-0.164689,Co-op location-services API,Food,True,,,False,False
CG-106206-0000,Co-operative Group,106206-0000,6206.0,Wood Green - Clarendon Road,The Co-operative Group,3 Brook Road,London,Haringey,N8 0FY,51.58943511154763,-0.12273741,Co-op location-services API,Food,True,Wood Green,,False,False
CG-104347-0000,Co-operative Group,104347-0000,4347.0,Luton - Hancock Drive,The Co-operative Group,Hancock Drive,Luton,Luton,LU2 7SF,51.908255,-0.411448,Co-op location-services API,Food,True,,,False,False
CG-104647-0000,Co-operative Group,104647-0000,4647.0,Northampton - Birchfield Road East,The Co-operative Group,231 Birchfield Road East,Northampton,Northamptonshire,NN3 2HG,52.25242739999999,-0.8653534999999999,Co-op location-services API,Lunar,True,,,False,False
CG-156158-SPET,Co-operative Group,156158-SPET,6158.0,St Kathrines,The Co-operative Group,77-101 The Highway,London,Tower Hamlets,E1W 2BN,51.50969489,-0.063473247,Co-op location-services API,Food/Petrol,True,,,False,False
CG-104911-0000,Co-operative Group,104911-0000,4911.0,Ellesmere - Cross Street,The Co-operative Group,25-29 Cross Street,Ellesmere,Shropshire,SY12 0AW,52.9081921,-2.8932764,Co-op location-services API,Food,True,,,False,False
CG-109748-0000,Co-operative Group,109748-0000,9748.0,Luton - Hitchin Road,The Co-operative Group,628 Hitchin Road,Luton,Luton,LU2 7UG,51.9020603,-0.3966956,Co-op location-services API,Food,True,Stopsley,,False,False
CG-107999-0000,Co-operative Group,107999-0000,7999.0,Luton - Wigmore Lane,The Co-operative Group,78-80 Wigmore Lane,Luton,Luton,LU2 8AB,51.8976805,-0.3893099,Co-op location-services API,Food,True,,,False,False
CG-105620-0000,Co-operative Group,105620-0000,5620.0,Finsbury Park - Green Lanes,The Co-operative Group,Green Lanes,London,Hackney,N4 2LX,51.56967881879068,-0.0969128294515454,Co-op location-services API,Food,True,,,False,False
CG-106606-0000,Co-operative Group,106606-0000,6606.0,Olney - Weston Road,The Co-operative Group,Stanley Court,Olney,Milton Keynes,MK46 5NH,52.1526531,-0.7031501,Co-op location-services API,Food,True,Weston Road,,False,False
CG-104764-0000,Co-operative Group,104764-0000,4764.0,Catford - Sangley Road,The Co-operative Group,308-312 Sangley Road,London,Lewisham,SE6 2JT,51.4421198,-0.0104169,Co-op location-services API,Food,True,Catford,,False,False
CG-106110-0000,Co-operative Group,106110-0000,6110.0,Bromley - London Road,The Co-operative Group,54 London Road,Bromley,Bromley,BR1 3RA,51.410864166667,0.010045277778,Co-op location-services API,Food,True,,,False,False
CG-105265-0000,Co-operative Group,105265-0000,5265.0,London - Yeoman Street,The Co-operative Group,Yeoman Street,London,Lewisham,SE8 5EN,51.490883,-0.039077,Co-op location-services API,Food,True,,,False,False
CG-108849-0000,Co-operative Group,108849-0000,8849.0,London - Dalston Lane,The Co-operative Group,Dalston Square,London,Hackney,E8 3FT,51.546126,-0.075086,Co-op location-services API,Food,True,Dalston Lane,,False,False
CG-105449-0000,Co-operative Group,105449-0000,5449.0,Dalston - Stoke Newington Road,The Co-operative Group,37-47 Stoke Newington Road,London,Hackney,N16 8BJ,51.552167,-0.075258,Co-op location-services API,Food,True,Dalston  Hackney,,False,False
CG-104735-0000,Co-operative Group,104735-0000,4735.0,Northampton - Bushland Road,The Co-operative Group,14 Bushland Road,Northampton,Northamptonshire,NN3 2NS,52.25938999999999,-0.8530874999999999,Co-op location-services API,Food,True,,,False,False
CG-107413-0000,Co-operative Group,107413-0000,7413.0,Flitwick - Conniston Road,The Co-operative Group,Conniston Road,Bedford,Central Bedfordshire,MK45 1QY,52.002729,-0.496271,Co-op location-services API,Food,True,Flitwick,,False,False
CG-105349-0000,Co-operative Group,105349-0000,5349.0,London - Deptford Bridge,The Co-operative Group,33-49 Deptford Bridge,London,Greenwich,SE8 4HH,51.474356,-0.021706,Co-op location-services API,Food,True,,,False,False
CG-105767-0000,Co-operative Group,105767-0000,5767.0,Hither Green - Hither Green Lane,The Co-operative Group,200-206 Hither Green Lane,London,Lewisham,SE13 6RT,51.4512672,-0.0063881,Co-op location-services API,Food,True,Hither Green,,False,False
CG-105230-0000,Co-operative Group,105230-0000,5230.0,London - Rotherhithe Street,The Co-operative Group,346 Rotherhithe Street,London,Southwark,SE16 5EF,51.506812777778,-0.041728333333,Co-op location-services API,Food,True,,,False,False
CG-107866-0000,Co-operative Group,107866-0000,7866.0,Hinckley - Trent Road,The Co-operative Group,47-49 Trent Road,Hinckley,Leicestershire,LE10 0YA,52.5388279,-1.391751,Co-op location-services API,Lunar,True,,,False,False
CG-107856-0000,Co-operative Group,107856-0000,7856.0,Hatfield - Bishops Rise,The Co-operative Group,Unit 1,Hatfield,Hertfordshire,AL10 9HE,51.75727209999999,-0.2373403,Co-op location-services API,Food,True,Roe Green Centre,,False,False
CG-105602-0000,Co-operative Group,105602-0000,5602.0,Hackney - Cambridge Heath Road,The Co-operative Group,228-232 Cambridge Heath Road,London,Tower Hamlets,E2 9NN,51.53211,-0.05688,Co-op location-services API,Food,True,Hackney,,False,False
CG-104881-0000,Co-operative Group,104881-0000,4881.0,Bromley - Downham Way,The Co-operative Group,431-435 Downham Way,Bromley,Lewisham,BR1 5HR,51.42689319999999,0.0123133,Co-op location-services API,Food,True,,,False,False
CG-107282-0000,Co-operative Group,107282-0000,7282.0,Hatfield - Bradmore Green,The Co-operative Group,37-39 Bradmore Green,Hatfield,Hertfordshire,AL9 7QR,51.72209399999999,-0.2016981,Co-op location-services API,Food,True,Brookmans Park,,False,False
CG-108986-0000,Co-operative Group,108986-0000,8986.0,Bethnal Green - Globe Road,The Co-operative Group,250a Globe Road,London,Tower Hamlets,E2 0LX,51.52782209999999,-0.0509989,Co-op location-services API,Food,True,Tower Hamlets,,False,False
CG-104700-0000,Co-operative Group,104700-0000,4700.0,Bromley Common - Chatterton Road,The Co-operative Group,2 Chatterton Road,Bromley,Bromley,BR2 9QN,51.3932806,0.0341117,Co-op location-services API,Food,True,Bromley Common,,False,False
CG-106675-0000,Co-operative Group,106675-0000,6675.0,Potters Bar - High Street,The Co-operative Group,59-61 High Street,Potters Bar,Hertfordshire,EN6 5AS,51.6947157,-0.1766958,Co-op location-services API,Food,True,,,False,False
CG-106654-0000,Co-operative Group,106654-0000,6654.0,Polegate - High Street,The Co-operative Group,7 The Centre,Polegate,East Sussex,BN26 6AQ,50.8214419,0.2446525999999999,Co-op location-services API,Food,True,High St,,False,False
CG-108228-0000,Co-operative Group,108228-0000,8228.0,Chirk - Holyhead Road,The Co-operative Group,Holyhead Road,Wrexham,Wrexham,LL14 5NA,52.9403812,-3.0584442,Co-op location-services API,Food,True,Chirk,,False,False
CG-105059-0000,Co-operative Group,105059-0000,5059.0,Isle of Dogs - Cassilis Road,The Co-operative Group,Cassilis Road,London,Tower Hamlets,E14 9LQ,51.498776,-0.021607,Co-op location-services API,Food,True,Isle of Dogs,,False,False
CG-104563-0000,Co-operative Group,104563-0000,4563.0,Eastbourne - Albert Parade,The Co-operative Group,1-3 Albert Parade,Eastbourne,East Sussex,BN21 1SD,50.777889,0.2562221000000001,Co-op location-services API,Food,True,,,False,False
CG-107544-0000,Co-operative Group,107544-0000,7544.0,Marston Moretaine - Station Road,The Co-operative Group,1 Station Road,Bedford,Central Bedfordshire,MK43 0PH,52.0630068,-0.5479638999999998,Co-op location-services API,Food,True,Marston Moretaine,,False,False
CG-105118-0000,Co-operative Group,105118-0000,5118.0,Lee - Burnt Ash Hill,The Co-operative Group,25-31 Burnt Ash Hill,London,Lewisham,SE12 9HT,51.4484791,0.0133359,Co-op location-services API,Food,True,Lee,,False,False
CG-105084-0000,Co-operative Group,105084-0000,5084.0,Bow - Mile End Road,The Co-operative Group,383-387 Mile End Road,London,Tower Hamlets,E3 4QS,51.5249681,-0.0355091,Co-op location-services API,Food,True,Bow,,False,False
CG-107790-0000,Co-operative Group,107790-0000,7790.0,Bellinge - Field Mill Road,The Co-operative Group,Field Mill Road,Northampton,Northamptonshire,NN3 9DG,52.2524941,-0.8137039,Co-op location-services API,Food,True,Bellinge,,False,False
CG-104315-0000,Co-operative Group,104315-0000,4315.0,Canary Wharf - Harbour Exchange Sq,The Co-operative Group,Harbour Exchange Square,London,Tower Hamlets,E14 9GE,51.4988172,-0.015811,Co-op location-services API,Food,True,Canary Wharf,,False,False
CG-104618-0000,Co-operative Group,104618-0000,4618.0,Barton-Le-Clay - Bedford Road,The Co-operative Group,85 Bedford Road,Bedford,Central Bedfordshire,MK45 4LL,51.9682921,-0.4279035,Co-op location-services API,Food,True,Barton le Clay,,False,False
CG-108998-0000,Co-operative Group,108998-0000,8998.0,Hackney - Homerton High Street,The Co-operative Group,112 Homerton High Street,London,Hackney,E9 6JF,51.5479049,-0.0458001,Co-op location-services API,Food,True,Hackney,,False,False
CG-104649-0000,Co-operative Group,104649-0000,4649.0,Hatfield - Homestead Road,The Co-operative Group,39 Homestead Road,Hatfield,Hertfordshire,AL10 0QN,51.77097549999999,-0.2242958,Co-op location-services API,Food,True,Birchwood,,False,False
CG-105422-0000,Co-operative Group,105422-0000,5422.0,Lower Clapton - Chatsworth Road,The Co-operative Group,21-23 Chatsworth Road,London,Hackney,E5 0LH,51.552389,-0.044292,Co-op location-services API,Food,True,Lower Clapton,,False,False
CG-107420-0000,Co-operative Group,107420-0000,7420.0,Eastbourne - Framfield Way,The Co-operative Group,18 Framfield Way,Eastbourne,East Sussex,BN21 2RB,50.7840716,0.2673541,Co-op location-services API,Lunar,True,,,False,False
CG-108999-0000,Co-operative Group,108999-0000,8999.0,Hackney - Theydon Road,The Co-operative Group,Theydon Road,London,Hackney,E5 9BQ,51.5640345,-0.0519949,Co-op location-services API,Food,True,Hackney,,False,False
CG-105068-0000,Co-operative Group,105068-0000,5068.0,Hailsham - Upper Horsebridge Road,The Co-operative Group,85 Upper Horsebridge Road,Hailsham,East Sussex,BN27 1NX,50.8788463,0.2532746,Co-op location-services API,Food,True,Hellingly,,False,False
CG-105964-0000,Co-operative Group,105964-0000,5964.0,Brereton - Redbrook Lane,The Co-operative Group,4-6 Redbrook Lane,Rugeley,Staffordshire,WS15 1AB,52.7479233,-1.925947,Co-op location-services API,Food,True,Brereton,,False,False
CG-105658-0000,Co-operative Group,105658-0000,5658.0,Greenwich - Banning Street,The Co-operative Group,51 Banning Street,London,Greenwich,SE10 0FE,51.487482,0.002672,Co-op location-services API,Food,True,Greenwich,,False,False
CG-105279-0000,Co-operative Group,105279-0000,5279.0,Horam - High Street,The Co-operative Group,High Street,Heathfield,East Sussex,TN21 0EL,50.9346299,0.2434207,Co-op location-services API,Food,True,Horam,,False,False
CG-105703-0000,Co-operative Group,105703-0000,5703.0,Greenwich - Trafalgar Road,The Co-operative Group,200-206 Trafalgar Road,London,Greenwich,SE10 9ER,51.4852946,0.0059292,Co-op location-services API,Food,True,Greenwich,,False,False
CG-107516-0000,Co-operative Group,107516-0000,7516.0,Mottingham - Kimmeridge Road,The Co-operative Group,60 Kimmeridge Road,London,Bromley,SE9 4EB,51.4269362,0.0456558,Co-op location-services API,Food,True,Mottingham,,False,False
CG-105164-0000,Co-operative Group,105164-0000,5164.0,Northampton - Olden Road,The Co-operative Group,Olden Road,Northampton,Northamptonshire,NN3 5DD,52.2684848,-0.8086273,Co-op location-services API,Food,True,,,False,False
CG-107594-0000,Co-operative Group,107594-0000,7594.0,Orpington - Crescent Way,The Co-operative Group,2-3 Crescent Way,Orpington,Bromley,BR6 9LP,51.3608805,0.0886546,Co-op location-services API,Food,True,,,False,False
CG-109252-0000,Co-operative Group,109252-0000,9252.0,Llangollen - Regent Street,The Co-operative Group,Regent Street,Llangollen,Denbighshire,LL20 8HN,52.9687545,-3.1669924,Co-op location-services API,Food,True,,,False,False
CG-109822-0000,Co-operative Group,109822-0000,9822.0,Eastbourne - Cornfield Road,The Co-operative Group,25-29 Cornfield Road,Eastbourne,East Sussex,BN21 4QD,50.767469,0.2846642,Co-op location-services API,Food,True,,,False,False
CG-105741-0000,Co-operative Group,105741-0000,5741.0,Heathfield - High Street,The Co-operative Group,110 High Street,Heathfield,East Sussex,TN21 8JD,50.9703768,0.2471043999999999,Co-op location-services API,Food,True,,,False,False
CG-103626-0000,Co-operative Group,103626-0000,3626.0,Greenwich Peninsula - Chandlers Ave,The Co-operative Group,40 Chandlers Avenue,London,Greenwich,SE10 0GE,51.496974,0.011784,Co-op location-services API,Food,True,Greenwich Peninsula,,False,False
CG-105632-0000,Co-operative Group,105632-0000,5632.0,Brixworth - Harborough Road,The Co-operative Group,134 Northampton Road,Northampton,Northamptonshire,NN6 9BU,52.33019056000148,-0.902937796739754,Co-op location-services API,Food,True,Brixworth,,False,False
CG-106122-0000,Co-operative Group,106122-0000,6122.0,Greenwich - Millennium Village,The Co-operative Group,1 Trathen Square,London,Greenwich,SE10 0BH,51.49171160392312,0.01654202,Co-op location-services API,Food,True,Greenwich,,False,False
CG-107981-0000,Co-operative Group,107981-0000,7981.0,London - Westhorne Avenue,The Co-operative Group,546-550 Westhorne Ave,London,Greenwich,SE9 6DR,51.4554912,0.0404258999999999,Co-op location-services API,Food,True,Eltham,,False,False
CG-105823-0000,Co-operative Group,105823-0000,5823.0,Blackheath - Shooters Hill Road,The Co-operative Group,196-200 Shooters Hill Road,London,Greenwich,SE3 8RP,51.4744972,0.035179,Co-op location-services API,Food,True,Kidbrooke Park,,False,False
CG-109914-0000,Co-operative Group,109914-0000,9914.0,Canning Town - Barking Road,The Co-operative Group,24 Barking Road,London,Newham,E16 1EQ,51.51610280000001,0.0092902,Co-op location-services API,Food,True,Canning Town,,False,False
CG-108696-0000,Co-operative Group,108696-0000,8696.0,Chislehurst - Belmont Lane,The Co-operative Group,76 Green Lane,Chislehurst,Bromley,BR7 6AZ,51.42110539999999,0.0690792,Co-op location-services API,Food,True,,,False,False
CG-105344-0000,Co-operative Group,105344-0000,5344.0,Walthamstow - Blackhorse Lane,The Co-operative Group,5A/ 5B Blackhorse Lane,Walthamstow,Waltham Forest,E17 6SX,51.587977,-0.040372,Co-op location-services API,Food,True,,,False,False
CG-107961-0000,Co-operative Group,107961-0000,7961.0,London - Well Hall Road,The Co-operative Group,158-170 Well Hall Road,London,Greenwich,SE9 6SR,51.4566802,0.0505937999999999,Co-op location-services API,Food,True,Well Hall,,False,False
CG-156306-0000,Co-operative Group,156306-0000,6306.0,Lavender Hill,The Co-operative Group,120a Lavender Hill,Enfield,Enfield,EN2 0QU,51.6638625,-0.093752777778,Co-op location-services API,Food,True,,,False,False
CG-104774-0000,Co-operative Group,104774-0000,4774.0,Charlton - The Village,The Co-operative Group,19-23 The Village,London,Greenwich,SE7 8UG,51.4820011,0.0370773,Co-op location-services API,Food,True,Charlton,,False,False
CG-107673-0000,Co-operative Group,107673-0000,7673.0,Langney - Milfoil Drive,The Co-operative Group,95-97 Milfoil Drive,Eastbourne,East Sussex,BN23 8BR,50.80840399999999,0.2949769,Co-op location-services API,Food,True,North Langney,,False,False
CG-105524-0000,Co-operative Group,105524-0000,5524.0,Silsoe - Mander Farm Road,The Co-operative Group,Mander Farm Road Barton Way,Bedford,Central Bedfordshire,MK45 4DS,52.006403,-0.425668,Co-op location-services API,Food,True,Silsoe,,False,False
CG-107678-0000,Co-operative Group,107678-0000,7678.0,London - Shooters Hill Road,The Co-operative Group,386 Shooters Hill Road,London,Greenwich,SE18 4LP,51.4727982,0.0459042,Co-op location-services API,Food,True,,,False,False
CG-105757-0000,Co-operative Group,105757-0000,5757.0,Walthamstow - Higham Hill Road,The Co-operative Group,323 Higham Hill Road,London,Waltham Forest,E17 5RG,51.59655189999999,-0.0352557,Co-op location-services API,Food,True,Walthamstow,,False,False
CG-109754-0000,Co-operative Group,109754-0000,9754.0,Welwyn Garden City - Cole Grn,The Co-operative Group,13-17 Cole Green Lane,Welwyn Garden City,Hertfordshire,AL7 3PP,51.791635,-0.1950976,Co-op location-services API,Food,True,,,False,False
CG-104732-0000,Co-operative Group,104732-0000,4732.0,New Eltham - Footscray Road,The Co-operative Group,370-380 Footscray Road,London,Greenwich,SE9 2AA,51.43844559999999,0.0709086,Co-op location-services API,Food,True,New Eltham,,False,False
CG-104733-0000,Co-operative Group,104733-0000,4733.0,Bush Hill Park - Leighton Road,The Co-operative Group,3-5 Leighton Road,Enfield,Enfield,EN1 1XH,51.6430824,-0.0661547,Co-op location-services API,Food,True,Bush Hill Park,,False,False
CG-105871-0000,Co-operative Group,105871-0000,5871.0,Enfield - Lancaster Road,The Co-operative Group,102 Lancaster Road,Enfield,Enfield,EN2 0JW,51.6638491,-0.0817768999999999,Co-op location-services API,Food,True,,,False,False
CG-107299-0000,Co-operative Group,107299-0000,7299.0,Orpington - Carlton Parade,The Co-operative Group,13-14 Carlton Parade,Orpington,Bromley,BR6 0JB,51.38243670000001,0.1072317,Co-op location-services API,Food,True,,,False,False
CG-105579-0000,Co-operative Group,105579-0000,5579.0,Plaistow - Plaistow Road,The Co-operative Group,Plaistow Road,London,Newham,E13 0DY,51.53112543098027,0.0186086773054559,Co-op location-services API,Food,True,Plaistow,,False,False
CG-105340-0000,Co-operative Group,105340-0000,5340.0,Walthamstow - Billet Road,The Co-operative Group,Billet Road,Walthamstow,Waltham Forest,E17 5DT,51.5997269,-0.0262998,Co-op location-services API,Food,True,,,False,False
CG-104393-0000,Co-operative Group,104393-0000,4393.0,Kings Bromley - Manor Road,The Co-operative Group,Manor Road,Burton upon Trent,Staffordshire,DE13 7HZ,52.7484637,-1.8213765,Co-op location-services API,Food,True,Kings Bromley,,False,False
CG-105714-0000,Co-operative Group,105714-0000,5714.0,Welwyn Garden City - Ludwick,The Co-operative Group,8 Hall Grove,Welwyn Garden City,Hertfordshire,AL7 4PH,51.78891389999999,-0.1794075,Co-op location-services API,Food,True,Ludwick,,False,False
CG-107385-0000,Co-operative Group,107385-0000,7385.0,Knightsfield - Shoplands Parade,The Co-operative Group,1-5 Shoplands Parade,Welwyn Garden City,Hertfordshire,AL8 7RH,51.815277,-0.202932,Co-op location-services API,Food,True,Knightsfield,,False,False
CG-104897-0000,Co-operative Group,104897-0000,4897.0,Earls Barton - High Street,The Co-operative Group,12 High Street,Northampton,Northamptonshire,NN6 0JJ,52.265748,-0.751686,Co-op location-services API,Food,True,Earls Barton,,False,False
CG-104657-0000,Co-operative Group,104657-0000,4657.0,Blaenau Ffestiniog - High Street,The Co-operative Group,High Street,Blaenau Ffestiniog,Gwynedd,LL41 3AG,52.9947524,-3.9342562,Co-op location-services API,Food,True,Blaenau Ffestiniog,,False,False
CG-106818-0000,Co-operative Group,106818-0000,6818.0,St Paul's Cray - Cotmandene Crscnt,The Co-operative Group,97-101 Cotmandene Crescent,Orpington,Bromley,BR5 2RB,51.4038969,0.1056878,Co-op location-services API,Food,True,St Pauls Cray,,False,False
CG-107836-0000,Co-operative Group,107836-0000,7836.0,Sidcup - Halfway Street,The Co-operative Group,188a Halfway St,Sidcup,Bexley,DA15 8DJ,51.441248,0.0869487999999999,Co-op location-services API,Food,True,Valliers Wood,,False,False
CG-105481-0000,Co-operative Group,105481-0000,5481.0,Walthamstow - Troubridge Square,The Co-operative Group,Troubridge Square,London,Waltham Forest,E17 3GN,51.58777,-0.00384,Co-op location-services API,Food,True,Walthamstow,,False,False
CG-109913-0000,Co-operative Group,109913-0000,9913.0,Forest Gate - Woodgrange Road,The Co-operative Group,67-73 Woodgrange Road,London,Newham,E7 0EL,51.5491639,0.0244353,Co-op location-services API,Food,True,Forest Gate,,False,False
CG-105746-0000,Co-operative Group,105746-0000,5746.0,Woolwich - Herbert Road,The Co-operative Group,9-15 Herbert Road,London,Greenwich,SE18 3TB,51.48127299999999,0.0697764999999999,Co-op location-services API,Food,True,Plumstead,,False,False
CG-104896-0000,Co-operative Group,104896-0000,4896.0,Earl Shilton - Wood Street,The Co-operative Group,Wood Street,Earl Shilton,Leicestershire,LE9 7ND,52.5748878,-1.3175078,Co-op location-services API,Food,True,,,False,False
CG-105749-0000,Co-operative Group,105749-0000,5749.0,Enfield - Hertford Road,The Co-operative Group,139 Hertford Road,Enfield,Enfield,EN3 5JG,51.65725099999999,-0.047075,Co-op location-services API,Food,True,,,False,False
CG-104927-0000,Co-operative Group,104927-0000,4927.0,Welling - Falconwood Park,The Co-operative Group,21-23 Falconwood Park,Welling,Bexley,DA16 2PQ,51.4573913,0.093389,Co-op location-services API,Food,True,,,False,False
CG-104981-0000,Co-operative Group,104981-0000,4981.0,Goffs Oak - Goffs Lane,The Co-operative Group,696 Goffs Lane,Waltham Cross,Hertfordshire,EN7 5ET,51.7102247,-0.0865760999999999,Co-op location-services API,Food,True,Goffs Oak,,False,False
CG-105898-0000,Co-operative Group,105898-0000,5898.0,Plumstead - Plumstead Common Road,The Co-operative Group,196-212 Plumstead Common Road,London,Greenwich,SE18 2RS,51.480588,0.0808490999999999,Co-op location-services API,Food,True,Plumstead  Links,,False,False
CG-109950-0000,Co-operative Group,109950-0000,9950.0,Blackfen - Westwood Lane,The Co-operative Group,Westwood Lane,Sidcup,Bexley,DA15 9PS,51.4510723,0.1044794,Co-op location-services API,Food,True,Blackfen,,False,False
CG-107486-0000,Co-operative Group,107486-0000,7486.0,Bedford - St Johns Street,The Co-operative Group,12-14 St. Johns Street,Bedford,Bedford,MK42 8EP,52.1154957,-0.4998587,Co-op location-services API,Food,True,Kempston,,False,False
CG-109926-0000,Co-operative Group,109926-0000,9926.0,Wanstead - High Street,The Co-operative Group,87 High Street,London,Redbridge,E11 2AE,51.5774969,0.0268492,Co-op location-services API,Food,True,Wanstead,,False,False
CG-105616-0000,Co-operative Group,105616-0000,5616.0,Beckton - Atlantis Avenue,The Co-operative Group,Royal Albert Way,London,Newham,E6 7AB,51.509307,0.073799,Co-op location-services API,Food,True,Royal Albert Wharf,,False,False
CG-107449-0000,Co-operative Group,107449-0000,7449.0,Harrold - High Street,The Co-operative Group,66 High Street,Bedford,Bedford,MK43 7DA,52.2013203,-0.6092081,Co-op location-services API,Food,True,Harrold,,False,False
CG-109245-0000,Co-operative Group,109245-0000,9245.0,Johnstown - Ruabon Road,The Co-operative Group,Ruabon Road,Rhosllannerchrugog,Wrexham,LL14 6PU,53.0046046,-3.0438848,Co-op location-services API,Food,True,Johnstown,,False,False
CG-107208-0000,Co-operative Group,107208-0000,7208.0,Bexley - Steynton Avenue,The Co-operative Group,26 Steynton Avenue,Bexley,Bexley,DA5 3HP,51.4359171,0.1257009,Co-op location-services API,Food,True,Albany Park,,False,False
CG-105730-0000,Co-operative Group,105730-0000,5730.0,Chingford - Hatch Lane,The Co-operative Group,16 Hatch Lane,London,Waltham Forest,E4 6LQ,51.6190307,0.0056115,Co-op location-services API,Food,True,Chingford,,False,False
CG-107263-0000,Co-operative Group,107263-0000,7263.0,Bexley - Blendon Road,The Co-operative Group,147-149 Blendon Road,Bexley,Bexley,DA5 1BT,51.4480076,0.1213669,Co-op location-services API,Lunar,True,,,False,False
CG-105269-0000,Co-operative Group,105269-0000,5269.0,Woodford - George Lane,The Co-operative Group,55-57 George Lane,South Woodford,Redbridge,E18 1JJ,51.591348,0.028678,Co-op location-services API,Food,True,Redbridge,,False,False
CG-108016-0000,Co-operative Group,108016-0000,8016.0,Loggerheads - Eccleshall Road,The Co-operative Group,Eccleshall Road,Market Drayton,Staffordshire,TF9 4NX,52.9194572,-2.3893267,Co-op location-services API,Food,True,Loggerheads,,False,False
CG-104782-0000,Co-operative Group,104782-0000,4782.0,Chingford - Station Road,The Co-operative Group,1 Station Road,London,Waltham Forest,E4 7BJ,51.6307993,0.0022919,Co-op location-services API,Food,True,Chingford,,False,False
CG-106704-0000,Co-operative Group,106704-0000,6704.0,Rhosllanerchrugog - Market Street,The Co-operative Group,Market Street,Rhosllannerchrugog,Wrexham,LL14 1AF,53.0101995,-3.0578556,Co-op location-services API,Food,True,,,False,False
CG-105913-0000,Co-operative Group,105913-0000,5913.0,Wollaston - Newton Road,The Co-operative Group,Newton Road,Wellingborough,Northamptonshire,NN29 7QN,52.2545133,-0.671339,Co-op location-services API,Food,True,Wollaston  Woodhatch,,False,False
CG-106777-0000,Co-operative Group,106777-0000,6777.0,Tunbridge Wells - Silverdale Road,The Co-operative Group,151 Silverdale Road,Tunbridge Wells,Kent,TN4 9HX,51.1467244,0.2720447,Co-op location-services API,Food,True,,,False,False
CG-105628-0000,Co-operative Group,105628-0000,5628.0,Hixon - Lea Road,The Co-operative Group,Lea Road,Hixon,Staffordshire,ST18 0NR,52.83328347894468,-1.989152046972356,Co-op location-services API,Lunar,True,,,False,False
CG-104311-0000,Co-operative Group,104311-0000,4311.0,Cosby - Main Street,The Co-operative Group,Main Street,Leicester,Leicestershire,LE9 1UU,52.5495311,-1.1929435,Co-op location-services API,Lunar,True,Cosby,,False,False
CG-104788-0000,Co-operative Group,104788-0000,4788.0,Cheshunt - Church Lane,The Co-operative Group,136-138 Church Lane,Waltham Cross,Hertfordshire,EN8 0EA,51.7093436,-0.0486341,Co-op location-services API,Food,True,Cheshunt,,False,False
CG-106090-0000,Co-operative Group,106090-0000,6090.0,Welling - Wrotham Road,The Co-operative Group,21 Wrotham Road,Welling,Bexley,DA16 1LS,51.469046419905375,0.1223601122157246,Co-op location-services API,Food,True,,,False,False
CG-105860-0000,Co-operative Group,105860-0000,5860.0,Knebworth - London Road,The Co-operative Group,119 London Road,Knebworth,Hertfordshire,SG3 6EX,51.8660696,-0.1831227,Co-op location-services API,Food,True,,,False,False
CG-106646-0000,Co-operative Group,106646-0000,6646.0,Bexleyheath - Pickford Lane,The Co-operative Group,4-12 Pickford Lane,Bexleyheath,Bexley,DA7 4QW,51.4640359,0.1329157,Co-op location-services API,Food,True,,,False,False
CG-109919-0000,Co-operative Group,109919-0000,9919.0,Cheshunt - High Street,The Co-operative Group,9 High Street,Waltham Cross,Hertfordshire,EN8 0BX,51.7084376,-0.0374916,Co-op location-services API,Lunar,True,Cheshunt,,False,False
CG-104790-0000,Co-operative Group,104790-0000,4790.0,Wellingborough - Olympic Way,The Co-operative Group,10 Olympic Way,Wellingborough,Northamptonshire,NN8 3QE,52.30542879999999,-0.7175017,Co-op location-services API,Lunar,True,,,False,False
CG-153780-0000,Co-operative Group,153780-0000,3780.0,Minter Road,The Co-operative Group,21 Minter Road,Barking,Barking And Dagenham,IG11 0TH,51.520874,0.108117,Co-op location-services API,Food,True,,,False,False
CG-104839-0000,Co-operative Group,104839-0000,4839.0,Cross Lanes - Bedwell Road,The Co-operative Group,Bedwell Road,Wrexham,Wrexham,LL13 0TR,53.016991,-2.930605,Co-op location-services API,Food,True,Cross Lanes,,False,False
CG-104926-0000,Co-operative Group,104926-0000,4926.0,Barking - Faircross Parade,The Co-operative Group,34-36 Faircross Parade,Barking,Barking And Dagenham,IG11 8UW,51.5460813,0.0949548999999999,Co-op location-services API,Food,True,Longbridge Road,,False,False
CG-105926-0000,Co-operative Group,105926-0000,5926.0,Bexleyheath - Long Lane,The Co-operative Group,131-135 Long Lane,Bexleyheath,Bexley,DA7 5AE,51.4654178,0.1465719,Co-op location-services API,Food,True,,,False,False
CG-109921-0000,Co-operative Group,109921-0000,9921.0,Woodford - Chigwell Road,The Co-operative Group,686 Chigwell Road,Woodford Green,Redbridge,IG8 8AQ,51.6061195,0.0540866,Co-op location-services API,Food,True,,,False,False
CG-104697-0000,Co-operative Group,104697-0000,4697.0,Stevenage - Broadwater Cres,The Co-operative Group,247 Broadwater Crescent,Stevenage,Hertfordshire,SG2 8ET,51.8818391,-0.1787715,Co-op location-services API,Food,True,,,False,False
CG-104946-0000,Co-operative Group,104946-0000,4946.0,Hertford - Fleming Crescent,The Co-operative Group,26-30 Fleming Crescent,Hertford,Hertfordshire,SG14 2DJ,51.8002422,-0.1016483,Co-op location-services API,Food,True,,,False,False
CG-105435-0000,Co-operative Group,105435-0000,5435.0,Ilford - Longwood Gardens,The Co-operative Group,175 Longwood Gardens,Ilford,Redbridge,IG5 0EN,51.587455,0.069661,Co-op location-services API,Lunar,True,,,False,False
CG-107896-0000,Co-operative Group,107896-0000,7896.0,Waltham Abbey - Sun Street,The Co-operative Group,7-9 Sun Street,Waltham Abbey,Essex,EN9 1ER,51.6865944,-0.0017739,Co-op location-services API,Food,True,,,False,False
CG-109958-0000,Co-operative Group,109958-0000,9958.0,Tonbridge - York Parade,The Co-operative Group,11 York Parade,Tonbridge,Kent,TN10 3NP,51.2160968,0.2809971,Co-op location-services API,Lunar,True,,,False,False
CG-108693-0000,Co-operative Group,108693-0000,8693.0,Belvedere - Nuxley Road,The Co-operative Group,56 Nuxley Road,Upper Belvedere,Bexley,DA17 5JG,51.4819756,0.1451472,Co-op location-services API,Lunar,True,,,False,False
CG-104292-0000,Co-operative Group,104292-0000,4292.0,Whetstone - Warwick Road,The Co-operative Group,Cambridge Road,Blaby,Leicestershire,LE8 6LF,52.56687,-1.1785896,Co-op location-services API,Food,True,Whetstone,,False,False
CG-105492-0000,Co-operative Group,105492-0000,5492.0,Shefford - Old Bridge Way,The Co-operative Group,Old Bridge Way,Shefford,Central Bedfordshire,SG17 5AX,52.037721,-0.336418,Co-op location-services API,Lunar,True,,,False,False
CG-106139-0000,Co-operative Group,106139-0000,6139.0,Erith - Parsonage Manorway,The Co-operative Group,"94, 96 & 98 Parsonage Manorway",Belvedere,Bexley,DA17 6LY,51.4778970986854,0.14836021,Co-op location-services API,Food,True,Erith,,False,False
CG-109359-0000,Co-operative Group,109359-0000,9359.0,Stone - Eccleshall Road,The Co-operative Group,50 Eccleshall Road,Stone,Staffordshire,ST15 0HN,52.8950544,-2.1510388,Co-op location-services API,Food,True,Walton,,False,False
CG-103636-0000,Co-operative Group,103636-0000,3636.0,Barking - Riverside North,The Co-operative Group,Hugget Road,Barking,Barking And Dagenham,IG11 0ZH,51.52350260536274,0.1249838142057608,Co-op location-services API,Food,True,,,False,False
CG-106666-0000,Co-operative Group,106666-0000,6666.0,Dagenham - Porters Avenue,The Co-operative Group,455 Porters Avenue,Dagenham,Barking And Dagenham,RM9 4ND,51.5411921,0.1135706,Co-op location-services API,Food,True,,,False,False
CG-107922-0000,Co-operative Group,107922-0000,7922.0,Wellingborough - Northern Way,The Co-operative Group,Unit 5 Neighboroughood Centre,Wellingborough,Northamptonshire,NN8 4UF,52.3174882,-0.7042653,Co-op location-services API,Food,True,Northern Way,,False,False
CG-109416-0000,Co-operative Group,109416-0000,9416.0,Enderby - Cross Street,The Co-operative Group,19 Cross Street,Leicester,Leicestershire,LE19 4NJ,52.58846949999999,-1.2098697,Co-op location-services API,Food,True,Enderby,,False,False
CG-105758-0000,Co-operative Group,105758-0000,5758.0,Tonbridge - Martin Hardie Way,The Co-operative Group,17 Martin Hardie Way,Tonbridge,Kent,TN10 4AE,51.2114516,0.2934292,Co-op location-services API,Food,True,Higham Lane,,False,False
CG-106758-0000,Co-operative Group,106758-0000,6758.0,Stevenage - The Hyde,The Co-operative Group,14 The Hyde,Stevenage,Hertfordshire,SG2 9SE,51.8927741,-0.1694343,Co-op location-services API,Food,True,Shephall,,False,False
CG-105804-0000,Co-operative Group,105804-0000,5804.0,Irchester - High Street,The Co-operative Group,High Street,Wellingborough,Northamptonshire,NN29 7AA,52.2810119,-0.6448659,Co-op location-services API,Food,True,Irchester,,False,False
CG-104634-0000,Co-operative Group,104634-0000,4634.0,Hertford - Bengeo Street,The Co-operative Group,Bengeo Street,Hertford,Hertfordshire,SG14 3ES,51.804313,-0.081812,Co-op location-services API,Food,True,Bengeo,,False,False
CG-104935-0000,Co-operative Group,104935-0000,4935.0,Ilford - Fencepiece Road,The Co-operative Group,111-113 Fencepiece Road,Ilford,Redbridge,IG6 2LD,51.60209159999999,0.0840558,Co-op location-services API,Food,True,,,False,False
CG-104961-0000,Co-operative Group,104961-0000,4961.0,Dagenham - Gale Street,The Co-operative Group,527 Gale Street,Dagenham,Barking And Dagenham,RM9 4TP,51.53928699999999,0.1278117,Co-op location-services API,Food,True,,,False,False
CG-108149-0000,Co-operative Group,108149-0000,8149.0,Wrexham - Poplar Road,The Co-operative Group,21 Poplar Road,Wrexham,Wrexham,LL13 7DG,53.04176760000001,-2.9944023,Co-op location-services API,Food,True,,,False,False
CG-104775-0000,Co-operative Group,104775-0000,4775.0,Dartford - Chastilian Road,The Co-operative Group,36-38 Chastilian Road,Dartford,Kent,DA1 3JJ,51.44377859999999,0.1912978,Co-op location-services API,Food,True,,,False,False
CG-109745-0000,Co-operative Group,109745-0000,9745.0,Stevenage - The Oval,The Co-operative Group,14-18 The Oval,Stevenage,Hertfordshire,SG1 5RB,51.918227,-0.1792494,Co-op location-services API,Food,True,Pin Green,,False,False
CG-103638-0000,Co-operative Group,103638-0000,3638.0,Wrexham - Prince Charles Road,The Co-operative Group,Prince Charles Road,Wrexham,Wrexham,LL13 8TG,53.04153842286552,-2.9719930022416543,Co-op location-services API,Food,True,,,False,False
CG-105682-0000,Co-operative Group,105682-0000,5682.0,Malpas - Old Hall Street,The Co-operative Group,Old Hall Street,Malpas,Cheshire West And Chester,SY14 8NE,53.01910377283045,-2.764796898100298,Co-op location-services API,Food,True,,,False,False
CG-106754-0000,Co-operative Group,106754-0000,6754.0,Sharnbrook - High Street,The Co-operative Group,46 High St,Bedford,Bedford,MK44 1PF,52.2257709,-0.5437077000000001,Co-op location-services API,Food,True,Sharnbrook,,False,False
CG-105165-0000,Co-operative Group,105165-0000,5165.0,Bedford - Queens Drive,The Co-operative Group,120 Queens Drive,Bedford,Bedford,MK41 9JF,52.1486908,-0.438609,Co-op location-services API,Lunar,True,,,False,False
CG-107833-0000,Co-operative Group,107833-0000,7833.0,Upshire - Upshire Road,The Co-operative Group,113-117 Upshire Road,Waltham Abbey,Essex,EN9 3PE,51.68938099999999,0.0308306999999999,Co-op location-services API,Food,True,Upshire,,False,False
CG-103683-0000,Co-operative Group,103683-0000,3683.0,Wrexham - Lord Street,The Co-operative Group,5 Lord Street,Wrexham,Wrexham,LL11 1LG,53.04744793396021,-2.996560613531367,Co-op location-services API,Food,True,,,False,False
CG-105083-0000,Co-operative Group,105083-0000,5083.0,Moira - Shortheath Road,The Co-operative Group,Shortheath Road,Swadlincote,Leicestershire,DE12 6AL,52.735439,-1.5369867,Co-op location-services API,Food,True,Moira,,False,False
CG-108296-0000,Co-operative Group,108296-0000,8296.0,Audlem - Shropshire Street,The Co-operative Group,Shropshire Street,Crewe,Cheshire East,CW3 0DX,52.9882523,-2.5090609,Co-op location-services API,Food,True,Audlem,,False,False
CG-106128-0000,Co-operative Group,106128-0000,6128.0,West Kingsdown - Hever Road,The Co-operative Group,Hever Road,Sevenoaks,Kent,TN15 6HD,51.3507,0.257461944444,Co-op location-services API,Food,True,West Kingsdown,,False,False
CG-105367-0000,Co-operative Group,105367-0000,5367.0,Rushden - Grangeway,The Co-operative Group,Grangeway,Rushden,Northamptonshire,NN10 9JE,52.281831,-0.609072,Co-op location-services API,Food,True,,,False,False
CG-105735-0000,Co-operative Group,105735-0000,5735.0,Dartford - Hawley Road,The Co-operative Group,5-7 Hawley Road,Dartford,Kent,DA1 1NP,51.43437069999999,0.2156673,Co-op location-services API,Food,True,Wilmington,,False,False
CG-107846-0000,Co-operative Group,107846-0000,7846.0,Bedford - Church Lane,The Co-operative Group,109 Church Lane,Bedford,Bedford,MK41 0PW,52.1526407,-0.4274001,Co-op location-services API,Lunar,True,Goldington,,False,False
CG-109414-0000,Co-operative Group,109414-0000,9414.0,Glen Parva - Hillsborough Road,The Co-operative Group,Hillsborough Road,Leicester,Leicester,LE2 9PT,52.5853127,-1.1512409,Co-op location-services API,Food,True,Glen Parva,,False,False
CG-105475-0000,Co-operative Group,105475-0000,5475.0,Market Harborough - Leicester Road,The Co-operative Group,Leicester Road,Market Harborough,Leicestershire,LE16 7AY,52.4818,-0.92528,Co-op location-services API,Food,True,,,False,False
CG-108940-0000,Co-operative Group,108940-0000,8940.0,Horton Kirby - Esparto Way,The Co-operative Group,The Mill,Dartford,Kent,DA4 9BD,51.4033548,0.2460367,Co-op location-services API,Food,True,Horton Kirby  South Darenth,,False,False
CG-109255-0000,Co-operative Group,109255-0000,9255.0,Wrexham - Borras Park Road,The Co-operative Group,"Borras Park Road, Borras Park",Wrexham,Wrexham,LL12 7TH,53.0596973,-2.9712643,Co-op location-services API,Food,True,,,False,False
CG-105603-0000,Co-operative Group,105603-0000,5603.0,Dartford - Oldfield Place,The Co-operative Group,2 Oldfield Place,Dartford,Kent,DA1 5WJ,51.448166388889,0.221463611111,Co-op location-services API,Lunar,True,,,False,False
CG-156175-0000,Co-operative Group,156175-0000,6175.0,Rose Lane,The Co-operative Group,101 - 107 Rose Lane,Dagenham,Barking And Dagenham,RM6 5NR,51.58436,0.13558,Co-op location-services API,Food,True,,,False,False
CG-105366-0000,Co-operative Group,105366-0000,5366.0,Penygroes - Water Street,The Co-operative Group,Water Street,Caernarfon,Gwynedd,LL54 6LR,53.053136,-4.283323,Co-op location-services API,Food,True,Pen Y Groes,,False,False
CG-104668-0000,Co-operative Group,104668-0000,4668.0,Borough Green - Station Approach,The Co-operative Group,Station Approach,Sevenoaks,Kent,TN15 8AD,51.293373,0.3067338,Co-op location-services API,Food,True,Borough Green,,False,False
CG-104810-0000,Co-operative Group,104810-0000,4810.0,Dartford - Colney Road,The Co-operative Group,76 Colney Road,Dartford,Kent,DA1 1UH,51.44494779999999,0.2290902999999999,Co-op location-services API,Food,True,,,False,False
CG-106863-0000,Co-operative Group,106863-0000,6863.0,Dartford - Temple Hill Square,The Co-operative Group,24-26 Temple Hill Sq,Dartford,Kent,DA1 5HZ,51.4509206,0.2282862,Co-op location-services API,Lunar,True,,,False,False
CG-106840-0000,Co-operative Group,106840-0000,6840.0,Stotfold - Mulberry Close,The Co-operative Group,Mulberry Close,Hitchin,Central Bedfordshire,SG5 4NL,52.0135265,-0.226896,Co-op location-services API,Food,True,Stotfold,,False,False
CG-105873-0000,Co-operative Group,105873-0000,5873.0,Lane End - Watchgate,The Co-operative Group,77 Watchgate,Dartford,Kent,DA2 7JY,51.4209948,0.2525462999999999,Co-op location-services API,Food,True,Lane End,,False,False
CG-105756-0000,Co-operative Group,105756-0000,5756.0,Higham Ferrers - High Street,The Co-operative Group,26 High Street,Rushden,Northamptonshire,NN10 8BL,52.3050984,-0.5942038,Co-op location-services API,Food,True,Higham Ferrers,,False,False
CG-106822-0000,Co-operative Group,106822-0000,6822.0,Ware - High Street,The Co-operative Group,46-50 High Street,Ware,Hertfordshire,SG12 8AG,51.7882377,0.005348,Co-op location-services API,Food,True,Stanstead Abbotts,,False,False
CG-109918-0000,Co-operative Group,109918-0000,9918.0,Rush Green - Dagenham Road,The Co-operative Group,98-100 Dagenham Road,Romford,Barking And Dagenham,RM7 0TJ,51.5645292,0.1758067,Co-op location-services API,Lunar,True,Rush Green,,False,False
CG-156191-0000,Co-operative Group,156191-0000,6191.0,Kettering Hospital,The Co-operative Group,Rothwell Road,Kettering,Northamptonshire,NN16 8UZ,52.40209279372462,-0.742320566412044,Co-op location-services API,Hospital,True,,,False,False
CG-109817-0000,Co-operative Group,109817-0000,9817.0,Bexhill-On-Sea - Devonshire Road,The Co-operative Group,4-6 Devonshire Road,Bexhill-On-Sea,East Sussex,TN40 1AS,50.8400907,0.4734765,Co-op location-services API,Food,True,,,False,False
CG-107328-0000,Co-operative Group,107328-0000,7328.0,Romford - Turpin Avenue,The Co-operative Group,25 Turpin Avenue,Romford,Havering,RM5 2PU,51.6053212,0.1581483,Co-op location-services API,Lunar,True,,,False,False
CG-105160-0000,Co-operative Group,105160-0000,5160.0,Groby - Laundon Way,The Co-operative Group,Laundon Way,Leicester,Leicestershire,LE6 0YG,52.6558147,-1.2241904,Co-op location-services API,Food,True,Groby,,False,False
CG-106895-0000,Co-operative Group,106895-0000,6895.0,The Row - New Ash Greeen,The Co-operative Group,30 The Row,Longfield,Kent,DA3 8JB,51.3658314,0.3049722,Co-op location-services API,Food,True,New Ash Green,,False,False
CG-105480-0000,Co-operative Group,105480-0000,5480.0,Hornchurch - Elm Park,The Co-operative Group,10 -15 Station Parade,Hornchurch,Havering,RM12 5AB,51.5489906,0.1991495,Co-op location-services API,Food,True,,,False,False
CG-107441-0000,Co-operative Group,107441-0000,7441.0,Stone - London Road,The Co-operative Group,287 London Road,Greenhithe,Kent,DA9 9DA,51.4463677,0.2642356999999999,Co-op location-services API,Lunar,True,,,False,False
CG-105338-0000,Co-operative Group,105338-0000,5338.0,Romford - Moray Way,The Co-operative Group,8-10 Moray Way,Romford,Havering,RM1 4YD,51.598377,0.176583,Co-op location-services API,Food,True,,,False,False
CG-107382-0000,Co-operative Group,107382-0000,7382.0,East Peckham - Pound Road,The Co-operative Group,Pound Road,Tonbridge,Kent,TN12 5BQ,51.2133569,0.3845374,Co-op location-services API,Lunar,True,East Peckham,,False,False
CG-105928-0000,Co-operative Group,105928-0000,5928.0,Longfield - Station Road,The Co-operative Group,14 Station Road,Longfield,Kent,DA3 7QH,51.3982079,0.2998985000000001,Co-op location-services API,Food,True,,,False,False
CG-105069-0000,Co-operative Group,105069-0000,5069.0,Hartley - Cherry Trees,The Co-operative Group,11 Cherry Trees,Longfield,Kent,DA3 8DS,51.383892,0.309743,Co-op location-services API,Food,True,Hartley,,False,False
CG-104379-0000,Co-operative Group,104379-0000,4379.0,Wrexham - Marford Hill,The Co-operative Group,Marford Hill,Marford,Wrexham,LL12 8SL,53.0906839,-2.9588937,Co-op location-services API,Food,True,,,False,False
CG-106729-0000,Co-operative Group,106729-0000,6729.0,Ruthin - Station Road,The Co-operative Group,Station Road,Ruthin,Denbighshire,LL15 1BP,53.1147146,-3.3072567,Co-op location-services API,Food,True,,,False,False
CG-104205-0000,Co-operative Group,104205-0000,4205.0,Leicester - London Road,The Co-operative Group,368 London Road,Leicester,Leicester,LE2 2PN,52.614124,-1.103672,Co-op location-services API,Food,True,,,False,False
CG-105720-0000,Co-operative Group,105720-0000,5720.0,Hanford - Mayne Street,The Co-operative Group,182-188 Mayne Street,Stoke-On-Trent,Stoke-On-Trent,ST4 4QY,52.976025,-2.1984762,Co-op location-services API,Food,True,Hanford,,False,False
CG-107573-0000,Co-operative Group,107573-0000,7573.0,Newcastle Under Lyme - Westbury Rd,The Co-operative Group,1-2 Westbury Centre,Newcastle-Under-Lyme,Staffordshire,ST5 4LY,52.98361449999999,-2.2249887,Co-op location-services API,Food,True,Westbury Road,,False,False
CG-109956-SPET,Co-operative Group,109956-SPET,9956.0,East Peckham - Branbridges Road,The Co-operative Group,Branbridges Road,Tonbridge,Kent,TN12 5WH,51.2093429,0.3966309,Co-op location-services API,Food/Petrol,True,East Peckham,,False,False
CG-107248-0000,Co-operative Group,107248-0000,7248.0,Battle - High Street,The Co-operative Group,71-72 High Street,Battle,East Sussex,TN33 0AG,50.9161932,0.4852863,Co-op location-services API,Food,True,,,False,False
CG-109939-0000,Co-operative Group,109939-0000,9939.0,Aveley - High Street,The Co-operative Group,41 High Street,South Ockendon,Thurrock,RM15 4BB,51.49910269999999,0.2558632000000001,Co-op location-services API,Food,True,Aveley,,False,False
CG-106884-0000,Co-operative Group,106884-0000,6884.0,Bexhill-on-Sea - Seabourne Road,The Co-operative Group,40-52 Seabourne Road,Bexhill-On-Sea,East Sussex,TN40 2SW,50.8509618,0.5001525000000001,Co-op location-services API,Lunar,True,,,False,False
CG-105595-0000,Co-operative Group,105595-0000,5595.0,Gidea Park - Brentwood Road,The Co-operative Group,378 - 392 Brentwood Road,Romford,Havering,RM2 5TD,51.577341,0.207658,Co-op location-services API,Food,True,Gidea Park,,False,False
CG-106059-0000,Co-operative Group,106059-0000,6059.0,Romford - Main Road,The Co-operative Group,97-101 Main Road,Romford,Havering,RM2 5EL,51.587046,0.201339,Co-op location-services API,Lunar,True,,,False,False
CG-108929-0000,Co-operative Group,108929-0000,8929.0,Biggleswade - Kingsfield Road,The Co-operative Group,6 Kingsfield Road,Biggleswade,Central Bedfordshire,SG18 8AT,52.0831187,-0.2464065,Co-op location-services API,Food,True,,,False,False
CG-108099-0000,Co-operative Group,108099-0000,8099.0,Blurton - Finstock Avenue,The Co-operative Group,Finstock Avenue,Stoke-On-Trent,Stoke-On-Trent,ST3 3JS,52.9728853,-2.1574797,Co-op location-services API,Food,True,Blurton,,False,False
CG-108011-0000,Co-operative Group,108011-0000,8011.0,Clayton - Windermere Road,The Co-operative Group,10-12 Windermere Road,Newcastle-Under-Lyme,Staffordshire,ST5 3HH,52.99177549999999,-2.2259462,Co-op location-services API,Food,True,Clayton,,False,False
CG-156163-0000,Co-operative Group,156163-0000,6163.0,Keele University,The Co-operative Group,Keele Road,Keele,Staffordshire,ST5 5BJ,53.00245712,-2.270632045,Co-op location-services API,University,True,,,False,False
CG-105601-0000,Co-operative Group,105601-0000,5601.0,Ebbsfleet Valley - Cherry Orchard,The Co-operative Group,73-77 Cherry Orchard,Swanscombe,Kent,DA10 1AD,51.435873888889,0.303457222222,Co-op location-services API,Food,True,Castle Hill Ebbsfleet Valley,,False,False
CG-105298-0000,Co-operative Group,105298-0000,5298.0,Sandy - High Street,The Co-operative Group,30 Market Sqaure,Sandy,Central Bedfordshire,SG19 1AA,52.128871,-0.288169,Co-op location-services API,Food,True,,,False,False
CG-106890-0000,Co-operative Group,106890-0000,6890.0,Harlow - Maunds Hatch,The Co-operative Group,1-2 Maunds Road,Harlow,Essex,CM18 7RG,51.7481411,0.098636,Co-op location-services API,Food,True,Maunds Hatch,,False,False
CG-105258-0000,Co-operative Group,105258-0000,5258.0,Upminster - Upminster Road,The Co-operative Group,166 Upminster Road,Upminster,Havering,RM14 2RB,51.558317,0.238719,Co-op location-services API,Food,True,,,False,False
CG-107414-0000,Co-operative Group,107414-0000,7414.0,Florence - Belgrave Road,The Co-operative Group,Belgrave Road,Stoke-On-Trent,Stoke-On-Trent,ST3 4NW,52.9774967,-2.1261091,Co-op location-services API,Food,True,Longton,,False,False
CG-104367-0000,Co-operative Group,104367-0000,4367.0,Rossett - Chester Road,The Co-operative Group,Chester Road,Rossett,Wrexham,LL12 0HW,53.1087417,-2.9461138,Co-op location-services API,Lunar,True,,,False,False
CG-105648-0000,Co-operative Group,105648-0000,5648.0,Ebbsfleet - Talbot Lane,The Co-operative Group,2-4 Talbot Lane,Swanscombe,Kent,DA10 1AZ,51.432428,0.31641,Co-op location-services API,Food,True,Ebbsfleet,,False,False
CG-105961-0000,Co-operative Group,105961-0000,5961.0,Swanscombe - High Street,The Co-operative Group,29-31 High Street,Swanscombe,Kent,DA10 0AG,51.4480266,0.310048,Co-op location-services API,Food,True,,,False,False
CG-103635-0000,Co-operative Group,103635-0000,3635.0,Hope - Hawarden Road,The Co-operative Group,The Red Lion - Hawarden Road,Wrexham,Flintshire,LL12 9NG,53.118023888889,-3.033888055556,Co-op location-services API,Food,True,Hope,,False,False
CG-109227-0000,Co-operative Group,109227-0000,9227.0,Llanrwst - Plough Street,The Co-operative Group,Plough Street,Llanrwst,Conwy,LL26 0AG,53.1394558,-3.798146,Co-op location-services API,Food,True,Conwy,,False,False
CG-109925-0000,Co-operative Group,109925-0000,9925.0,Harold Hill - Farnham Road,The Co-operative Group,6-8 Farnham Road,Romford,Havering,RM3 8DX,51.6063505,0.2185443,Co-op location-services API,Food,True,Harold Hill,,False,False
CG-108008-0000,Co-operative Group,108008-0000,8008.0,Silverdale - The Parade,The Co-operative Group,1 The Parade,Newcastle-Under-Lyme,Staffordshire,ST5 6LQ,53.01528199999999,-2.2681106,Co-op location-services API,Food,True,Silverdale,,False,False
CG-108371-0000,Co-operative Group,108371-0000,8371.0,Penkhull - Manor Court Street,The Co-operative Group,8 Manor Court Street,Stoke-On-Trent,Stoke-On-Trent,ST4 5DW,53.0007703,-2.1968292,Co-op location-services API,Food,True,Penkhull,,False,False
CG-108224-0000,Co-operative Group,108224-0000,8224.0,Stapeley - Beechwood Close,The Co-operative Group,Cronkinson Farm,Nantwich,Cheshire East,CW5 7FY,53.0599947,-2.5043106,Co-op location-services API,Food,True,,,False,False
CG-103664-0000,Co-operative Group,103664-0000,3664.0,Tean - High Street,The Co-operative Group,15a High Street,Stoke-On-Trent,Staffordshire,ST10 4DY,52.95383083,-1.9873794167928256,Co-op location-services API,Food,True,Tean,,False,False
CG-105724-0000,Co-operative Group,105724-0000,5724.0,Harold Wood - Station Road,The Co-operative Group,15 Station Road,Romford,Havering,RM3 0BP,51.5935103,0.2334467,Co-op location-services API,Food,True,Harold Wood,,False,False
CG-107759-0000,Co-operative Group,107759-0000,7759.0,Harlow - Tye Green,The Co-operative Group,1 Long House,Harlow,Essex,CM18 6NR,51.7574897,0.1124755,Co-op location-services API,Food,True,Bush Fair  Tye Green,,False,False
CG-108101-0000,Co-operative Group,108101-0000,8101.0,Fenton - Christchurch Street,The Co-operative Group,12-16 Christchurch St,Stoke-On-Trent,Stoke-On-Trent,ST4 3AD,52.9987886,-2.1644545,Co-op location-services API,Food,True,Fenton,,False,False
CG-107537-0000,Co-operative Group,107537-0000,7537.0,Harlow - Tumbler Road,The Co-operative Group,1-3 Tumbler Road,Harlow,Essex,CM18 6JA,51.75808869999999,0.1163755,Co-op location-services API,Lunar,True,,,False,False
CG-107873-0000,Co-operative Group,107873-0000,7873.0,Gravesend - Istead Rise,The Co-operative Group,60-62 The Parade,Gravesend,Kent,DA13 9JF,51.4059448,0.3509938999999999,Co-op location-services API,Food,True,Istead Rise,,False,False
CG-108002-0000,Co-operative Group,108002-0000,8002.0,Hartshill - Hartshill Road,The Co-operative Group,427-431 Hartshill Road,Stoke-On-Trent,Stoke-On-Trent,ST4 6AB,53.0092906,-2.2075314,Co-op location-services API,Food,True,Hartshill,,False,False
CG-106620-0000,Co-operative Group,106620-0000,6620.0,Painters Ash - Dene Holm Road,The Co-operative Group,35 Dene Holm Road,Gravesend,Kent,DA11 8LG,51.4259977,0.3410878,Co-op location-services API,Food,True,Northfleet,,False,False
CG-105045-0000,Co-operative Group,105045-0000,5045.0,Longton - Heathcote Street,The Co-operative Group,170 Heathcote Street,Stoke-On-Trent,Stoke-On-Trent,ST3 5SN,52.9981967,-2.1358512,Co-op location-services API,Lunar,True,,,False,False
CG-108102-0000,Co-operative Group,108102-0000,8102.0,Weston Coyney - New Kingsway,The Co-operative Group,New Kingsway,Stoke-On-Trent,Stoke-On-Trent,ST3 6NA,52.9900411,-2.0992128,Co-op location-services API,Food,True,Weston Coyney,,False,False
CG-108892-0000,Co-operative Group,108892-0000,8892.0,Thurnby - Station Road,The Co-operative Group,Station Road,Thurnby,Leicestershire,LE7 9PU,52.6329857,-1.0476538,Co-op location-services API,Food,True,,,False,False
CG-105014-0000,Co-operative Group,105014-0000,5014.0,Shavington - Rope Lane,The Co-operative Group,Rope Lane,Crewe,Cheshire East,CW2 5DT,53.064423888889,-2.450305,Co-op location-services API,Food,True,Shavington,,False,False
CG-107583-0000,Co-operative Group,107583-0000,7583.0,North Weald - High Road,The Co-operative Group,56 High Road,Epping,Essex,CM16 6BY,51.71503870000001,0.1664601,Co-op location-services API,Food,True,North Weald,,False,False
CG-106591-0000,Co-operative Group,106591-0000,6591.0,Northfleet - Perry Street,The Co-operative Group,14-18 Perry Street,Gravesend,Kent,DA11 8QU,51.4339473,0.3522062999999999,Co-op location-services API,Lunar,True,Northfleet,,False,False
CG-107704-0000,Co-operative Group,107704-0000,7704.0,St Leonards - London Road,The Co-operative Group,30-32 London Road,St Leonards-On-Sea,East Sussex,TN37 6AN,50.8528984,0.5599960999999999,Co-op location-services API,Food,True,,,False,False
CG-107265-0000,Co-operative Group,107265-0000,7265.0,St Leonards - Bohemia Road,The Co-operative Group,45-47 Bohemia Road,Hastings,East Sussex,TN37 6RE,50.8634884,0.5589101,Co-op location-services API,Lunar,True,St Leonards on Sea,,False,False
CG-109411-0000,Co-operative Group,109411-0000,9411.0,Birstall - Wanlip Lane,The Co-operative Group,19 Wanlip Lane,Leicester,Leicestershire,LE4 4JU,52.6764097,-1.1187792,Co-op location-services API,Food,True,Birstall,,False,False
CG-104189-0000,Co-operative Group,104189-0000,4189.0,Wistaston - Crewe Road,The Co-operative Group,Crewe Road,Crewe,Cheshire East,CW2 6QT,53.0754324,-2.4768752,Co-op location-services API,Lunar,True,Wistaston,,False,False
CG-103617-0000,Co-operative Group,103617-0000,3617.0,Harlow - Newhall Neighbourhood,The Co-operative Group,North Square,Harlow,Essex,CM17 9TW,51.775312,0.134071,Co-op location-services API,Food,True,,,False,False
CG-105686-0000,Co-operative Group,105686-0000,5686.0,Penyffordd - Hawarden Road,The Co-operative Group,Hawarden Road,Penyffordd,Flintshire,CH4 0JE,53.147767,-3.044403,Co-op location-services API,Food,True,,,False,False
CG-104719-0000,Co-operative Group,104719-0000,4719.0,Buntingford - Station Road,The Co-operative Group,Station Road,Buntingford,Hertfordshire,SG9 9HT,51.9452076,-0.0169029,Co-op location-services API,Food,True,,,False,False
CG-106790-0000,Co-operative Group,106790-0000,6790.0,Socketts Heath - Lodge Lane,The Co-operative Group,65-67 Lodge Lane,Grays,Thurrock,RM17 5RZ,51.4889616,0.3385171,Co-op location-services API,Food,True,Socketts Heath,,False,False
CG-108097-0000,Co-operative Group,108097-0000,8097.0,Bentilee - Ubberley Road,The Co-operative Group,25 Devonshire Square,Stoke-On-Trent,Stoke-On-Trent,ST2 0ES,53.013632,-2.128408,Co-op location-services API,Food,True,Bentilee,,False,False
CG-109788-0000,Co-operative Group,109788-0000,9788.0,Harlow - High Street,The Co-operative Group,21 High Street,Old Harlow,Essex,CM17 0DN,51.7835092,0.1336236,Co-op location-services API,Food,True,,,False,False
CG-103700-0000,Co-operative Group,103700-0000,3700.0,Hastings - Parkstone Road,The Co-operative Group,1 - 5 Parkstone Parade,Hastings,East Sussex,TN34 2PS,50.878746,0.569877,Co-op location-services API,Lunar,True,,,False,False
CG-108009-0000,Co-operative Group,108009-0000,8009.0,Chesterton - London Road,The Co-operative Group,London Road,Newcastle-Under-Lyme,Staffordshire,ST5 7DY,53.0426211,-2.2513957,Co-op location-services API,Food,True,Chesterton,,False,False
CG-105199-0000,Co-operative Group,105199-0000,5199.0,Llanrug - Station Road,The Co-operative Group,Station Road,Caernarfon,Gwynedd,LL55 4AG,53.1484848,-4.190729699999999,Co-op location-services API,Food,True,Llanrug,,False,False
CG-108012-0000,Co-operative Group,108012-0000,8012.0,Bradwell - Hanbridge Avenue,The Co-operative Group,125 Hanbridge Avenue,Newcastle-Under-Lyme,Staffordshire,ST5 8HX,53.04105149999999,-2.2340243,Co-op location-services API,Food,True,Bradwell,,False,False
CG-108332-0000,Co-operative Group,108332-0000,8332.0,Bunbury - Bunbury Lane,The Co-operative Group,Bunbury Lane,Tarporley,Cheshire East,CW6 9QS,53.1155939,-2.6514028,Co-op location-services API,Food,True,Bunbury,,False,False
CG-108293-0000,Co-operative Group,108293-0000,8293.0,Northwood - Keelings Road,The Co-operative Group,Keelings Road,Stoke-On-Trent,Stoke-On-Trent,ST1 6PA,53.030253,-2.164476,Co-op location-services API,Food,True,Northwood,,False,False
CG-108107-0000,Co-operative Group,108107-0000,8107.0,Crewe - Readesdale Avenue,The Co-operative Group,Readesdale Avenue,Crewe,Cheshire East,CW2 8QP,53.089223,-2.464939,Co-op location-services API,Food,True,,,False,False
CG-107763-0000,Co-operative Group,107763-0000,7763.0,Waterhayes - Barbridge Road,The Co-operative Group,"Unit 1-3, Barbridge Road",Newcastle-Under-Lyme,Staffordshire,ST5 7SB,53.0509869,-2.2567184,Co-op location-services API,Food,True,Waterhayes Village  Chesterton,,False,False
CG-104826-0000,Co-operative Group,104826-0000,4826.0,Cranbrook - High Street,The Co-operative Group,High Street,Cranbrook,Kent,TN17 3DQ,51.0949439,0.532167,Co-op location-services API,Food,True,,,False,False
CG-103624-0000,Co-operative Group,103624-0000,3624.0,Gravesend - East Milton Road,The Co-operative Group,1-2 East Milton Road,Gravesend,Kent,DA12 2JL,51.438988,0.386094,Co-op location-services API,Lunar,True,,,False,False
CG-104355-0000,Co-operative Group,104355-0000,4355.0,Snodland - Holborough Road,The Co-operative Group,1 Holborough Road,Snodland,Kent,ME6 5DQ,51.33021,0.442489722222,Co-op location-services API,Food,True,,,False,False
CG-104864-0000,Co-operative Group,104864-0000,4864.0,Denbigh - High Street,The Co-operative Group,26 High Street,Denbigh,Denbighshire,LL16 3RY,53.183378,-3.419189,Co-op location-services API,Food,True,,,False,False
CG-108271-0000,Co-operative Group,108271-0000,8271.0,Werrington - Washerwall Lane,The Co-operative Group,49 Washerwall Lane,Stoke-On-Trent,Staffordshire,ST9 0JU,53.02383409999999,-2.095872,Co-op location-services API,Food,True,Werrington,,False,False
CG-108691-0000,Co-operative Group,108691-0000,8691.0,Woolstanwood - West Street,The Co-operative Group,645 West Street,Crewe,Cheshire East,CW2 8SL,53.099711,-2.4776433,Co-op location-services API,Food,True,,,False,False
CG-104185-0000,Co-operative Group,104185-0000,4185.0,Broughton - Main Road,The Co-operative Group,Main Road,Chester,Flintshire,CH4 0NR,53.1641867,-2.9956021,Co-op location-services API,Lunar,True,Broughton,,False,False
CG-107200-0000,Co-operative Group,107200-0000,7200.0,Abbey Hulton - Abbots Road,The Co-operative Group,53-55 Abbots Road,Stoke-On-Trent,Stoke-On-Trent,ST2 8DU,53.0374709,-2.1393909,Co-op location-services API,Food,True,Abbey Hulton,,False,False
CG-108281-0000,Co-operative Group,108281-0000,8281.0,Crewe - Beswick Drive,The Co-operative Group,"Unit 1, The Gateway",Crewe,Cheshire East,CW1 5NP,53.0932603,-2.4149858,Co-op location-services API,Lunar,True,Beswick Drive,,False,False
CG-106012-0000,Co-operative Group,106012-0000,6012.0,Wouldham - Village Road,The Co-operative Group,Tolhurst Close,Rochester,Kent,ME1 3AP,51.3419876049183,0.457458683401793,Co-op location-services API,Food,True,Wouldham,,False,False
CG-107593-0000,Co-operative Group,107593-0000,7593.0,Ore - Fairlight Road,The Co-operative Group,4-6 Fairlight Road,Hastings,East Sussex,TN35 5EA,50.87225830000001,0.6089882000000001,Co-op location-services API,Food,True,Ore,,False,False
CG-104964-0000,Co-operative Group,104964-0000,4964.0,Gamlingay - Church Street,The Co-operative Group,Church Street,Sandy,Cambridgeshire,SG19 3JH,52.1553421,-0.1911645,Co-op location-services API,Food,True,Gamlingay,,False,False
CG-107615-0000,Co-operative Group,107615-0000,7615.0,Pilgrims Hatch - Harewood Road,The Co-operative Group,Harewood Road,Brentwood,Essex,CM15 9PD,51.635478,0.2910436,Co-op location-services API,Food,True,Pilgrims Hatch,,False,False
CG-156303-0000,Co-operative Group,156303-0000,6303.0,Purple Onion,The Co-operative Group,Elvyn Way,Loughborough,Leicestershire,LE11 3TH,52.76604037603407,-1.2341284991690578,Co-op location-services API,University,True,,,False,False
CG-104850-0000,Co-operative Group,104850-0000,4850.0,Cuxton - Bush Road,The Co-operative Group,93 Bush Road,Rochester,Medway,ME2 1EY,51.3741886,0.4525379,Co-op location-services API,Food,True,Cuxton,,False,False
CG-108094-0000,Co-operative Group,108094-0000,8094.0,Milton - Millrise Road,The Co-operative Group,20 Millrise Road,Stoke-On-Trent,Stoke-On-Trent,ST2 7BW,53.04976139999999,-2.1411126,Co-op location-services API,Food,True,Milton,,False,False
CG-156302-0000,Co-operative Group,156302-0000,6302.0,Loughborough University,The Co-operative Group,Ashby Rd,Loughborough,Leicestershire,LE11 3TT,52.76933,-1.22814,Co-op location-services API,University,True,,,False,False
CG-108039-0000,Co-operative Group,108039-0000,8039.0,Haslington - Crewe Road,The Co-operative Group,129 Crewe Road,Crewe,Cheshire East,CW1 5RG,53.10198090000001,-2.3935953,Co-op location-services API,Lunar,True,Haslington,,False,False
CG-104779-0000,Co-operative Group,104779-0000,4779.0,Chester - Westminster Park,The Co-operative Group,41-45 Five Ashes Road,Chester,Cheshire West And Chester,CH4 7QS,53.1720903,-2.9042265,Co-op location-services API,Food,True,Westminister Park Estate,,False,False
CG-105337-0000,Co-operative Group,105337-0000,5337.0,Crewe - Remer Street,The Co-operative Group,1C Remer Street,Crewe,Cheshire East,CW1 4LS,53.111136073294034,-2.439787957883896,Co-op location-services API,Food,True,,,False,False
CG-108291-0000,Co-operative Group,108291-0000,8291.0,Ewloe - St Davids Park,The Co-operative Group,St. Davids Park,Deeside,Flintshire,CH5 3XN,53.1865175,-3.0584414,Co-op location-services API,Food,True,Ewloe,,False,False
CG-105433-0000,Co-operative Group,105433-0000,5433.0,Saighton - Sandy Lane,The Co-operative Group,Sandy Lane,Saighton,Cheshire West And Chester,CH3 6BB,53.170855,-2.860048,Co-op location-services API,Food,True,,,False,False
CG-107332-0000,Co-operative Group,107332-0000,7332.0,Crewe - Parkers Road,The Co-operative Group,"Unit 1, Parkers Road",Crewe,Cheshire East,CW1 4PY,53.118461,-2.452837,Co-op location-services API,Lunar,True,Coppenhall,,False,False
CG-104922-0000,Co-operative Group,104922-0000,4922.0,Ewloe - The Highway,The Co-operative Group,The Highway Chester Road,Deeside,Flintshire,CH5 3DN,53.190461,-3.0471665,Co-op location-services API,Food,True,Hawarden,,False,False
CG-108100-0000,Co-operative Group,108100-0000,8100.0,Norton - Knypersley Road,The Co-operative Group,23-25 Knypersley Road,Stoke-On-Trent,Stoke-On-Trent,ST6 8HT,53.06316689999999,-2.161428599999999,Co-op location-services API,Food,True,Norton,,False,False
CG-104179-0000,Co-operative Group,104179-0000,4179.0,Endon - Leek Road,The Co-operative Group,138-140 Leek Road,Stoke-On-Trent,Stoke-On-Trent,ST9 9EW,53.05946309999999,-2.1367259,Co-op location-services API,Food,True,Endon,,False,False
CG-106919-0000,Co-operative Group,106919-0000,6919.0,Kidsgrove - Cedar Avenue,The Co-operative Group,Cedar Avenue,Stoke-On-Trent,Staffordshire,ST7 1LA,53.085209,-2.255517,Co-op location-services API,Food,True,Kidsgrove,,False,False
CG-109417-0000,Co-operative Group,109417-0000,9417.0,Barrow Upon Soar - High Street,The Co-operative Group,19-21 High Street,Loughborough,Leicestershire,LE12 8PY,52.7515836,-1.1494719,Co-op location-services API,Food,True,Barrow-On-Soar,,False,False
CG-106757-0000,Co-operative Group,106757-0000,6757.0,Shenfield - Hutton Road,The Co-operative Group,210-212 Hutton Road,Brentwood,Essex,CM15 8NR,51.6308172,0.3288795,Co-op location-services API,Food,True,Shenfield,,False,False
CG-105659-0000,Co-operative Group,105659-0000,5659.0,Maidstone - Loose Road,The Co-operative Group,1 Loose Road,Maidstone,Kent,ME15 7BW,51.266008888889,0.527341944444,Co-op location-services API,Lunar,True,,,False,False
CG-105276-0000,Co-operative Group,105276-0000,5276.0,Little Paxton - Great North Road,The Co-operative Group,Great North Road,St. Neots,Cambridgeshire,PE19 6EN,52.25148,-0.265564,Co-op location-services API,Food,True,Little Paxton,,False,False
CG-108230-0000,Co-operative Group,108230-0000,8230.0,Tarporley - High Street,The Co-operative Group,53 High Street,Tarporley,Cheshire West And Chester,CW6 0DP,53.1599051,-2.6686631,Co-op location-services API,Food,True,,,False,False
CG-104669-0000,Co-operative Group,104669-0000,4669.0,Borstal - Borstal Street,The Co-operative Group,142-144 Borstal Street,Rochester,Medway,ME1 3JS,51.3726023,0.483783,Co-op location-services API,Lunar,True,Borstal,,False,False
CG-107232-0000,Co-operative Group,107232-0000,7232.0,Aston - Central Drive,The Co-operative Group,21-23 Central Drive,Deeside,Flintshire,CH5 1LR,53.20368699999999,-3.0382837,Co-op location-services API,Food,True,Aston,,False,False
CG-107533-0000,Co-operative Group,107533-0000,7533.0,Maidstone - Northumberland Road,The Co-operative Group,48-49 Northumberland Court,Maidstone,Kent,ME15 7LW,51.253032,0.5459217000000001,Co-op location-services API,Food,True,Northumberland Road,,False,False
CG-106086-0000,Co-operative Group,106086-0000,6086.0,Queensferry - Chester Road,The Co-operative Group,Chester Road,Pentre,Flintshire,CH5 2DJ,53.20212789657651,-3.0135901529463838,Co-op location-services API,Food,True,,,False,False
CG-108034-0000,Co-operative Group,108034-0000,8034.0,Kidsgrove - Whitehill Road,The Co-operative Group,127 Whitehill Road,Stoke-On-Trent,Staffordshire,ST7 4DR,53.0919859,-2.2271513,Co-op location-services API,Food,True,Whitehill,,False,False
CG-105282-0000,Co-operative Group,105282-0000,5282.0,Chester - Christleton Road,The Co-operative Group,142 Christleton Road,Chester,Cheshire West And Chester,CH3 5TD,53.189739,-2.864499,Co-op location-services API,Food,True,,,False,False
CG-107451-0000,Co-operative Group,107451-0000,7451.0,Bishops Stortford - Hatfield Hth,The Co-operative Group,The Heath,Bishop's Stortford,Essex,CM22 7EB,51.8129426,0.2095339,Co-op location-services API,Food,True,Hatfield Heath,,False,False
CG-104757-0000,Co-operative Group,104757-0000,4757.0,Castle Donington - Borough Street,The Co-operative Group,35-37 Borough Street,Derby,Leicestershire,DE74 2LA,52.8421365,-1.3384301,Co-op location-services API,Lunar,True,Castle Donington,,False,False
CG-107534-0000,Co-operative Group,107534-0000,7534.0,Maidstone - Willington Street,The Co-operative Group,427 Willington Street,Maidstone,Kent,ME15 8HD,51.2476026,0.5556568,Co-op location-services API,Lunar,True,,,False,False
CG-105794-0000,Co-operative Group,105794-0000,5794.0,Hutton - Rayleigh Road,The Co-operative Group,201-205 Rayleigh Road,Brentwood,Essex,CM13 1LZ,51.6330312,0.3510906,Co-op location-services API,Food,True,Hutton,,False,False
CG-106821-0000,Co-operative Group,106821-0000,6821.0,Stanford-le-Hope - High Street,The Co-operative Group,15 High Street,Stanford-le-Hope,Thurrock,SS17 0HD,51.5151711,0.4268567,Co-op location-services API,Food,True,,,False,False
CG-104867-0000,Co-operative Group,104867-0000,4867.0,Rochester - Marley Way,The Co-operative Group,Dickens Estate,Rochester,Medway,ME1 2LQ,51.3733522,0.506204,Co-op location-services API,Food,True,Marley Way  7-11 Central Parade,,False,False
CG-105262-0000,Co-operative Group,105262-0000,5262.0,Chester - Hoole Road,The Co-operative Group,Hoole Road,Chester,Cheshire West And Chester,CH2 3NH,53.1994646,-2.8787297,Co-op location-services API,Food,True,,,False,False
CG-107887-0000,Co-operative Group,107887-0000,7887.0,Walderslade - Walderslade Road,The Co-operative Group,Walderslade Road,Chatham,Medway,ME5 9LL,51.3401214,0.5261254,Co-op location-services API,Food,True,Walderslade,,False,False
CG-104863-0000,Co-operative Group,104863-0000,4863.0,Rochester - Delce Road,The Co-operative Group,124-126 Delce Road,Rochester,Medway,ME1 2DT,51.3805314,0.5080429,Co-op location-services API,Food,True,,,False,False
CG-106625-0000,Co-operative Group,106625-0000,6625.0,Chatham - Pattens Lane,The Co-operative Group,27 Pattens Lane,Chatham,Medway,ME4 6JR,51.3665111,0.5169654,Co-op location-services API,Food,True,,,False,False
CG-156330-0000,Co-operative Group,156330-0000,6330.0,Norton Heath,The Co-operative Group,Chelmsford Rd,Ingatestone,Essex,CM4 0LQ,51.71072,0.31085,Co-op location-services API,Petrol No BWS,True,Norton Heath,,False,False
CG-106047-0000,Co-operative Group,106047-0000,6047.0,Rochester - Riverside,The Co-operative Group,Riverside,Rochester,Medway,ME1 1NH,51.390036,0.507344,Co-op location-services API,Food,True,,,False,False
CG-109951-0000,Co-operative Group,109951-0000,9951.0,Bearsted - Egremont Road,The Co-operative Group,33-37 Egremont Road,Maidstone,Kent,ME15 8LH,51.2647351,0.5643653,Co-op location-services API,Food,True,Bearsted,,False,False
CG-105814-0000,Co-operative Group,105814-0000,5814.0,Kegworth - Market Place,The Co-operative Group,9 Market Place,Derby,Leicestershire,DE74 2EE,52.8350582,-1.277499,Co-op location-services API,Food,True,Kegworth,,False,False
CG-105044-0000,Co-operative Group,105044-0000,5044.0,Alvaston - Bembridge Drive,The Co-operative Group,Bembridge Drive,Derby,Derby,DE24 0UQ,52.88672,-1.41418,Co-op location-services API,Food,True,Alvaston,,False,False
CG-105844-0000,Co-operative Group,105844-0000,5844.0,Chester - Kingsway,The Co-operative Group,99a Kingsway,Chester,Cheshire West And Chester,CH2 2LJ,53.2078311,-2.8698605,Co-op location-services API,Lunar,True,Newton,,False,False
CG-108802-0000,Co-operative Group,108802-0000,8802.0,Tarvin - Bypass Road,The Co-operative Group,2 Bye Pass Road,Chester,Cheshire West And Chester,CH3 8EF,53.1985354,-2.7652408,Co-op location-services API,Food,True,Tarvin,,False,False
CG-107336-0000,Co-operative Group,107336-0000,7336.0,Corringham - Garnder Avenue,The Co-operative Group,33-37 Gardner Avenue,Stanford-le-Hope,Thurrock,SS17 7SE,51.53061599999999,0.4452442999999999,Co-op location-services API,Food,True,Corringham,,False,False
CG-108256-0000,Co-operative Group,108256-0000,8256.0,Elworth - Middlewich Road,The Co-operative Group,216 Middlewich Road,Sandbach,Cheshire East,CW11 3EJ,53.14596139999999,-2.3854832,Co-op location-services API,Food,True,,,False,False
CG-104340-0000,Co-operative Group,104340-0000,4340.0,Wainscott - Wainscott Road,The Co-operative Group,4 Wainscott Road,Rochester,Medway,ME2 4LB,51.4124306,0.5125780999999999,Co-op location-services API,Food,True,Wainscott,,False,False
CG-109226-0000,Co-operative Group,109226-0000,9226.0,Llanfairpwllgwyngyll - Holyhead Rd,The Co-operative Group,"Llanfair P G, Holyhead Road",Anglesey,Isle Of Anglesey,LL61 5YX,53.221326,-4.2129205,Co-op location-services API,Food,True,Llanfairpwllgwyngyll,,False,False
CG-109331-0000,Co-operative Group,109331-0000,9331.0,Uppingham - North Street East,The Co-operative Group,22 North Street East,Rutland,Rutland,LE15 9QL,52.5886984,-0.7207468000000002,Co-op location-services API,Food,True,Uppingham,,False,False
CG-105170-0000,Co-operative Group,105170-0000,5170.0,Sandbach - The Hill,The Co-operative Group,The Hill,Sandbach,Cheshire East,CW11 1HT,53.14177,-2.35451,Co-op location-services API,Lunar,True,,,False,False
CG-109263-0000,Co-operative Group,109263-0000,9263.0,Elworth - Lawton Way,The Co-operative Group,Lawton Way,Sandbach,Cheshire East,CW11 1TF,53.1482624,-2.3845464,Co-op location-services API,Food,True,Elworth,,False,False
CG-108274-0000,Co-operative Group,108274-0000,8274.0,Saughall - Church Road,The Co-operative Group,Church Road,Chester,Cheshire West And Chester,CH1 6EP,53.225441,-2.956809,Co-op location-services API,Food,True,Saughall,,False,False
CG-109235-0000,Co-operative Group,109235-0000,9235.0,St Asaph - Lower Denbigh Road,The Co-operative Group,Lower Denbigh Road,St Asaph,Denbighshire,LL17 0ED,53.2557945,-3.4481464,Co-op location-services API,Food,True,,,False,False
CG-156326-0000,Co-operative Group,156326-0000,6326.0,Chester PFS,The Co-operative Group,Liverpool Road,Chester,Cheshire West And Chester,CH2 4BA,53.22674696919552,-2.894225748981582,Co-op location-services API,Petrol No BWS,True,Moston,,False,False
CG-107814-0000,Co-operative Group,107814-0000,7814.0,Chatham - Maritime Way,The Co-operative Group,Ships and Trades Offices,Chatham,Medway,ME4 3ER,51.4024341,0.5364068,Co-op location-services API,Food,True,Maritime Way,,False,False
CG-107337-0000,Co-operative Group,107337-0000,7337.0,Melbourn - High Street,The Co-operative Group,71 High Street,Royston,Cambridgeshire,SG8 6DU,52.0836277,0.0161615,Co-op location-services API,Food,True,Melbourn,,False,False
CG-104747-0000,Co-operative Group,104747-0000,4747.0,Gillingham - Canterbury Street,The Co-operative Group,304 Canterbury Street,Gillingham,Medway,ME7 5JP,51.377528,0.5498877000000001,Co-op location-services API,Food,True,,,False,False
CG-108209-0000,Co-operative Group,108209-0000,8209.0,Kelsall - Chester Road,The Co-operative Group,Chester Road,Tarporley,Cheshire West And Chester,CW6 0RT,53.208954,-2.7158157,Co-op location-services API,Food,True,Kelsall,,False,False
CG-104369-0000,Co-operative Group,104369-0000,4369.0,Stansted Mountfitchet - Church Rd,The Co-operative Group,Church Road,Stansted Mountfitchet,Essex,CM24 8BE,51.9020219,0.2004075,Co-op location-services API,Food,True,,,False,False
CG-104096-0000,Co-operative Group,104096-0000,4096.0,Llanfairfechan - Village Road,The Co-operative Group,Village Road,Llanfairfechan,Conwy,LL33 0NH,53.2532893,-3.976951,Co-op location-services API,Food,True,,,False,False
CG-107456-0000,Co-operative Group,107456-0000,7456.0,Hempstead - Hempstead Road,The Co-operative Group,142 Hempstead Road,Gillingham,Medway,ME7 3QE,51.3518242,0.5708262000000001,Co-op location-services API,Food,True,,,False,False
CG-109309-0000,Co-operative Group,109309-0000,9309.0,Allestree - Park Farm Centre,The Co-operative Group,49 Park Farm Centre,Derby,Derby,DE22 2QQ,52.9432875,-1.4971443,Co-op location-services API,Food,True,Allestree,,False,False
CG-104770-0000,Co-operative Group,104770-0000,4770.0,Chaddesden - Nottingham Road,The Co-operative Group,497-499 Nottingham Road,Derby,Derby,DE21 6NA,52.9247939,-1.4394427,Co-op location-services API,Food,True,Chaddesden,,False,False
CG-109329-0000,Co-operative Group,109329-0000,9329.0,Borrowash - Victoria Avenue,The Co-operative Group,Victoria Avenue,Derby,Derbyshire,DE72 3HE,52.9069308,-1.3807675,Co-op location-services API,Food,True,Borrowash,,False,False
CG-105016-0000,Co-operative Group,105016-0000,5016.0,Bodelwyddan - Ty Fry Lane,The Co-operative Group,Ty Fry Lane,Rhyl,Denbighshire,LL18 5TE,53.269615,-3.506221,Co-op location-services API,Lunar,True,Bodelwyddan,,False,False
CG-107290-0000,Co-operative Group,107290-0000,7290.0,Basildon - Butneys,The Co-operative Group,1-3 The Butneys,Basildon,Essex,SS14 2DG,51.5748166,0.4595576,Co-op location-services API,Food,True,,,False,False
CG-104899-0000,Co-operative Group,104899-0000,4899.0,East Leake - Main Street,The Co-operative Group,87 Main Street,Loughborough,Nottinghamshire,LE12 6PG,52.83142819999999,-1.1757833,Co-op location-services API,Food,True,East Leake,,False,False
CG-107778-0000,Co-operative Group,107778-0000,7778.0,Winchelsea - Sea Road,The Co-operative Group,Sea Road,Winchelsea,East Sussex,TN36 4NA,50.916164,0.723397,Co-op location-services API,Food,True,Winchelsea Beach,,False,False
CG-104883-0000,Co-operative Group,104883-0000,4883.0,Long Eaton - Draycott Road,The Co-operative Group,Draycott Road,Long Eaton,Derbyshire,NG10 3FR,52.88187,-1.298539,Co-op location-services API,Food,True,,,False,False
CG-109313-0000,Co-operative Group,109313-0000,9313.0,Spondon - Sitwell Street,The Co-operative Group,68-70 Sitwell Street,Derby,Derby,DE21 7FG,52.9204889,-1.4044206,Co-op location-services API,Food,True,Spondon,,False,False
CG-105673-0000,Co-operative Group,105673-0000,5673.0,Penmaenmawr - Bangor Road,The Co-operative Group,Bangor Road,Penmaenmawr,Conwy,LL34 6AF,53.26832516148319,-3.92352882,Co-op location-services API,Food,True,,,False,False
CG-104643-0000,Co-operative Group,104643-0000,4643.0,Billericay - Stock Road,The Co-operative Group,123 Stock Road,Billericay,Essex,CM12 0RP,51.63819119999999,0.4280025999999999,Co-op location-services API,Food,True,,,False,False
CG-105113-0000,Co-operative Group,105113-0000,5113.0,Leek - West Street,The Co-operative Group,West Street,Leek,Staffordshire,ST13 8AF,53.1064261,-2.030744799999999,Co-op location-services API,Food,True,,,False,False
CG-109963-0000,Co-operative Group,109963-0000,9963.0,Rainham - Parkwood Green,The Co-operative Group,22 Parkwood Green,Gillingham,Medway,ME8 9PN,51.3475219,0.5949861,Co-op location-services API,Food,True,Rainham,,False,False
CG-108176-0000,Co-operative Group,108176-0000,8176.0,Winsford - Wharton Road,The Co-operative Group,Wharton Road,Winsford,Cheshire West And Chester,CW7 3AP,53.1986874,-2.5078159,Co-op location-services API,Food,True,,,False,False
CG-107758-0000,Co-operative Group,107758-0000,7758.0,Rainham - Twydall Green,The Co-operative Group,59 Twydal Green,Gillingham,Medway,ME8 6XJ,51.37485030000001,0.5837559999999999,Co-op location-services API,Food,True,Rainham  Medway,,False,False
CG-104688-0000,Co-operative Group,104688-0000,4688.0,Breaston - The Green,The Co-operative Group,4 The Green,Derby,Derbyshire,DE72 3DU,52.8973232,-1.3182485,Co-op location-services API,Food,True,Breaston,,False,False
CG-105778-0000,Co-operative Group,105778-0000,5778.0,Hoo - Main Road,The Co-operative Group,11-13 Main Road,Rochester,Medway,ME3 9AA,51.4198784,0.5628129,Co-op location-services API,Food,True,Hoo,,False,False
CG-107803-0000,Co-operative Group,107803-0000,7803.0,Brampton - High Street,The Co-operative Group,97-99 High Street,Huntingdon,Cambridgeshire,PE28 4TQ,52.3236201,-0.2268246,Co-op location-services API,Food,True,Brampton,,False,False
CG-109314-0000,Co-operative Group,109314-0000,9314.0,Oakwood - Danebridge Crescent,The Co-operative Group,Oakwood Centre,Derby,Derby,DE21 2HT,52.9412377,-1.4323041,Co-op location-services API,Food,True,Danebridge Crecent,,False,False
CG-105908-0000,Co-operative Group,105908-0000,5908.0,Llandudno Junction - Conway Road,The Co-operative Group,157 Conway Road,Gwynedd,Conwy,LL31 9EG,53.2839554,-3.8043821,Co-op location-services API,Food,True,Llandudno Junction,,False,False
CG-103720-0000,Co-operative Group,103720-0000,3720.0,Papworth Everard - Pendrill Ct,The Co-operative Group,Ermine Street North,Cambridge,Cambridgeshire,CB23 3UY,52.25109126738837,-0.1186470537604201,Co-op location-services API,Food,True,Papworth Everard,,False,False
CG-109232-0000,Co-operative Group,109232-0000,9232.0,Old Colwyn - Cefn Road,The Co-operative Group,Cefn Road,Conwy,Conwy,LL29 9PN,53.28967799999999,-3.698701399999999,Co-op location-services API,Food,True,Old Colwyn,,False,False
CG-105071-0000,Co-operative Group,105071-0000,5071.0,Pensarn - Marine Terrace,The Co-operative Group,Marine Terrace,Pensarn,Conwy,LL22 7PR,53.2938149,-3.5818027,Co-op location-services API,Food,True,,,False,False
CG-104188-0000,Co-operative Group,104188-0000,4188.0,Deganwy - Park Road,The Co-operative Group,Junction of Pentwyn and Park Road,Conwy,Conwy,LL31 9TH,53.2911037,-3.8219132,Co-op location-services API,Food,True,Deganwy,,False,False
CG-109242-0000,Co-operative Group,109242-0000,9242.0,Great Sutton - Hope Farm Road,The Co-operative Group,1 Hope Farm Precinct,Ellesmere Port,Cheshire West And Chester,CH66 2RG,53.2658581,-2.9223638,Co-op location-services API,Food,True,Great Sutton,,False,False
CG-104993-0000,Co-operative Group,104993-0000,4993.0,Long Eaton - Grasmere Road,The Co-operative Group,Petersham Estate,Nottingham,Derbyshire,NG10 4DZ,52.9063575,-1.291434,Co-op location-services API,Food,True,Grasmere Road  Long Eaton,,False,False
CG-104809-0000,Co-operative Group,104809-0000,4809.0,Long Eaton - College Street,The Co-operative Group,65 College Street,Nottingham,Derbyshire,NG10 4NN,52.9042182,-1.2829781,Co-op location-services API,Food,True,Long Eaton,,False,False
CG-108024-0000,Co-operative Group,108024-0000,8024.0,Congleton - Bromley Road,The Co-operative Group,60 Bromley Road,Congleton,Cheshire East,CW12 1PY,53.16546999999999,-2.2005239,Co-op location-services API,Food,True,,,False,False
CG-105584-0000,Co-operative Group,105584-0000,5584.0,Harrietsham - Ashford Road,The Co-operative Group,1 Buckingham Drive,Maidstone,Kent,ME17 1GF,51.24175,0.67518,Co-op location-services API,Food,True,Harrietsham,,False,False
CG-105436-0000,Co-operative Group,105436-0000,5436.0,Cambourne - Mosquito Road,The Co-operative Group,29 Mosquito Road,Cambridge,Cambridgeshire,CB23 6FJ,52.21651,-0.050887,Co-op location-services API,Lunar,True,Upper Cambourne,,False,False
CG-106888-0000,Co-operative Group,106888-0000,6888.0,Godmanchester - Cambridge Road,The Co-operative Group,32 Cambridge Road,Huntingdon,Cambridgeshire,PE29 2BT,52.3188536,-0.1680386,Co-op location-services API,Food,True,Godmanchester,,False,False
CG-107907-0000,Co-operative Group,107907-0000,7907.0,Writtle - Long Brandocks,The Co-operative Group,38-40 Long Brandocks,Chelmsford,Essex,CM1 3JP,51.728362,0.4222141999999999,Co-op location-services API,Food,True,Writtle,,False,False
CG-105103-0000,Co-operative Group,105103-0000,5103.0,Rhos on Sea - Llandudno Road,The Co-operative Group,35 Llandudno Road,Rhos-on-Sea,Conwy,LL28 4EX,53.3092659,-3.753199200000001,Co-op location-services API,Food,True,,,False,False
CG-105122-0000,Co-operative Group,105122-0000,5122.0,Rhos-on-Sea - Colwyn Avenue,The Co-operative Group,Colwyn Avenue,Colwyn Bay,Conwy,LL28 4RD,53.310096,-3.740405,Co-op location-services API,Food,True,Rhos on Sea,,False,False
CG-106735-0000,Co-operative Group,106735-0000,6735.0,Sandiacre - Derby Road,The Co-operative Group,Market Place,Sandiacre,Derbyshire,NG10 5HW,52.923444,-1.288692,Co-op location-services API,Food,True,Derby Road,,False,False
CG-104370-0000,Co-operative Group,104370-0000,4370.0,Canvey Island - Canvey Road,The Co-operative Group,Canvey Road,Canvey Island,Essex,SS8 0QA,51.52016,0.56437,Co-op location-services API,Lunar,True,,,False,False
CG-106616-0000,Co-operative Group,106616-0000,6616.0,Great Sutton - Overpool Road,The Co-operative Group,14a Overpool Road,Ellesmere Port,Cheshire West And Chester,CH66 1JN,53.28570750000001,-2.9242702,Co-op location-services API,Food,True,Great Sutton,,False,False
CG-156457-0000,Co-operative Group,156457-0000,6457.0,Comberton - West Street,The Co-operative Group,West Street,Comberton,Cambridgeshire,CB23 7DS,52.186789904594825,0.01550378,Co-op location-services API,Food,True,,,False,False
CG-108294-0000,Co-operative Group,108294-0000,8294.0,Hartford - Chester Road,The Co-operative Group,307 Chester Road,Northwich,Cheshire West And Chester,CW8 1QL,53.2447429,-2.5461478,Co-op location-services API,Food,True,Hartford,,False,False
CG-107889-0000,Co-operative Group,107889-0000,7889.0,Upchurch - The Street,The Co-operative Group,3 The Street,Sittingbourne,Kent,ME9 7AJ,51.3760053,0.6476428000000001,Co-op location-services API,Food,True,Upchurch,,False,False
CG-109233-0000,Co-operative Group,109233-0000,9233.0,Penrhyn Bay - Glan-Y-Mor Road,The Co-operative Group,Glan y Mor Road,Llandudno,Conwy,LL30 3NL,53.3178787,-3.7753837,Co-op location-services API,Food,True,Penrhyn Bay,,False,False
CG-107252-0000,Co-operative Group,107252-0000,7252.0,Benfleet - High Road,The Co-operative Group,289-291 High Road,Benfleet,Essex,SS7 5HA,51.55376860000001,0.5589535,Co-op location-services API,Food,True,,,False,False
CG-108187-0000,Co-operative Group,108187-0000,8187.0,Rhyl - Ffordd Elan,The Co-operative Group,45 Ffordd Elan,Rhyl,Denbighshire,LL18 4HZ,53.3215581,-3.4607102,Co-op location-services API,Food,True,,,False,False
CG-107520-0000,Co-operative Group,107520-0000,7520.0,Llandudno - Mostyn Avenue,The Co-operative Group,31-33 Mostyn Avenue,Llandudno,Conwy,LL30 1YS,53.3206745,-3.812160999999999,Co-op location-services API,Food,True,,,False,False
CG-105479-0000,Co-operative Group,105479-0000,5479.0,Kingsley - Hollow Lane,The Co-operative Group,Hollow Lane,Frodsham,Cheshire West And Chester,WA6 8EF,53.269074,-2.675919,Co-op location-services API,Food,True,Kingsley,,False,False
CG-105443-0000,Co-operative Group,105443-0000,5443.0,Chilwell - Bramcote Lane,The Co-operative Group,Bramcote Lane,Nottingham,Nottinghamshire,NG9 5EL,52.92204,-1.23692,Co-op location-services API,Food,True,Chilwell,,False,False
CG-104187-0000,Co-operative Group,104187-0000,4187.0,Prestatyn - Ffordd Penrhwylfa,The Co-operative Group,Ffordd Penrhwylfa,Prestatyn,Denbighshire,LL19 8BP,53.3269873,-3.4206958,Co-op location-services API,Food,True,,,False,False
CG-106726-0000,Co-operative Group,106726-0000,6726.0,Ruddington - Church Street,The Co-operative Group,38 Church Street,Nottingham,Nottinghamshire,NG11 6HD,52.89196500000001,-1.151369,Co-op location-services API,Food,True,Ruddington,,False,False
CG-107960-0000,Co-operative Group,107960-0000,7960.0,Weaverham - Northwich Road,The Co-operative Group,Northwich Road,Northwich,Cheshire West And Chester,CW8 3EU,53.262524,-2.578402,Co-op location-services API,Food,True,Weaverham,,False,False
CG-109327-0000,Co-operative Group,109327-0000,9327.0,Keyworth - Bunny Lane,The Co-operative Group,The Square,Keyworth,Nottinghamshire,NG12 5JT,52.8711717,-1.0902882,Co-op location-services API,Lunar,True,Bunny Lane,,False,False
CG-107630-0000,Co-operative Group,107630-0000,7630.0,Beeston - Queens Road,The Co-operative Group,291 Queens Road,Nottingham,Nottinghamshire,NG9 1JB,52.92238039999999,-1.2101225,Co-op location-services API,Food,True,Beeston,,False,False
CG-105637-0000,Co-operative Group,105637-0000,5637.0,Prestatyn - Victoria Road,The Co-operative Group,Victoria Road,Prestatyn,Denbighshire,LL19 7TD,53.33658,-3.415986,Co-op location-services API,Food,True,Denbighshire,,False,False
CG-105353-0000,Co-operative Group,105353-0000,5353.0,Keyworth - Wolds Drive,The Co-operative Group,Wolds Drive,Nottingham,Nottinghamshire,NG12 5FS,52.874135,-1.0834288,Co-op location-services API,Food,True,Keyworth,,False,False
CG-104889-0000,Co-operative Group,104889-0000,4889.0,Dunmow - White Street,The Co-operative Group,White Street,Dunmow,Essex,CM6 1BD,51.872236,0.3638124,Co-op location-services API,Food,True,,,False,False
CG-108113-0000,Co-operative Group,108113-0000,8113.0,Rudheath - Middlewich Road,The Co-operative Group,249 Middlewich Road,Northwich,Cheshire West And Chester,CW9 7DR,53.2570596,-2.4843136,Co-op location-services API,Food,True,Rudheath,,False,False
CG-105145-0000,Co-operative Group,105145-0000,5145.0,Benfleet - Kiln Road,The Co-operative Group,Kiln Road,Benfleet,Essex,SS7 1TE,51.5608583,0.5861656,Co-op location-services API,Lunar,True,,,False,False
CG-103748-0000,Co-operative Group,103748-0000,3748.0,Wickford - St Lukes Way,The Co-operative Group,69 St. Lukes Way,Wickford,Essex,SS11 7JJ,51.63482657185167,0.542444224,Co-op location-services API,Lunar,True,Runwell,,False,False
CG-105679-0000,Co-operative Group,105679-0000,5679.0,Winnington - Walker Road,The Co-operative Group,53 Walker Road,NORTHWICH,Cheshire West And Chester,CW8 4UD,53.267507,-2.538182,Co-op location-services API,Food,True,,,False,False
CG-105332-0000,Co-operative Group,105332-0000,5332.0,Chelmsford - New Street,The Co-operative Group,Corner of Marconi Street and New St,Chelmsford,Essex,CM1 1PP,51.739099,0.4737261,Co-op location-services API,Food,True,,,False,False
CG-105973-0000,Co-operative Group,105973-0000,5973.0,Barnton - Lydyett Lane,The Co-operative Group,Lydyett Lane,Northwich,Cheshire West And Chester,CW8 4JR,53.2721083,-2.5454572,Co-op location-services API,Food,True,Barnton,,False,False
CG-108159-0000,Co-operative Group,108159-0000,8159.0,Bromborough - Allport Road,The Co-operative Group,112-116 Allport Road,Wirral,Wirral,CH62 6AQ,53.3226884,-2.982894,Co-op location-services API,Food,True,Bromborough,,False,False
CG-105355-0000,Co-operative Group,105355-0000,5355.0,Benllech - Amlwch Road,The Co-operative Group,Amlwch Road,Tyn-y-gongl,Isle Of Anglesey,LL74 8TF,53.31941,-4.22671,Co-op location-services API,Food,True,Benllech,,False,False
CG-105482-0000,Co-operative Group,105482-0000,5482.0,Beeston - University Boulevard,The Co-operative Group,215 University Boulevard,Nottingham,Nottingham,NG9 2GJ,52.933282222222,-1.204471666667,Co-op location-services API,Food,True,Beeston,,False,False
CG-109787-0000,Co-operative Group,109787-0000,9787.0,Great Baddow - The Causeway,The Co-operative Group,9C The Vineyards,Chelmsford,Essex,CM2 7QS,51.71737119999999,0.5007871999999999,Co-op location-services API,Food,True,Great Baddow,,False,False
CG-104091-0000,Co-operative Group,104091-0000,4091.0,Belper - Whitemoor Lane,The Co-operative Group,17 Whitemoor Lane,Belper,Derbyshire,DE56 0HB,53.0278278,-1.4619437,Co-op location-services API,Food,True,,,False,False
CG-105800-0000,Co-operative Group,105800-0000,5800.0,Ilkeston - Summerfields Way South,The Co-operative Group,Summerfields Way South,Ilkeston,Derbyshire,DE7 9JJ,52.9818075,-1.3211024,Co-op location-services API,Lunar,True,,,False,False
CG-109195-0000,Co-operative Group,109195-0000,9195.0,Bromborough - Allport Lane,The Co-operative Group,Allport Lane,Wirral,Wirral,CH62 7HJ,53.3309357,-2.978301,Co-op location-services API,Food,True,Bromborough,,False,False
CG-104595-0000,Co-operative Group,104595-0000,4595.0,Wilford - Wilford Green,The Co-operative Group,Wilford Green,Nottingham,Nottingham,NG11 7AX,52.9252917,-1.1590857,Co-op location-services API,Food,True,Wilford,,False,False
CG-107682-0000,Co-operative Group,107682-0000,7682.0,Sittingbourne - Northwood Drive,The Co-operative Group,1-2 The Parade,Sittingbourne,Kent,ME10 4QJ,51.3317923,0.7337758000000001,Co-op location-services API,Food,True,Northwood Drive,,False,False
CG-104357-0000,Co-operative Group,104357-0000,4357.0,Lostock Gralam - Cheshire Avenue,The Co-operative Group,Cheshire Avenue,Northwich,Cheshire West And Chester,CW9 7UA,53.2727202,-2.4564267,Co-op location-services API,Food,True,Lostock Gralam,,False,False
CG-106253-0000,Co-operative Group,106253-0000,6253.0,Great Shelford - High Green,The Co-operative Group,High Green,Cambridge,Cambridgeshire,CB22 5FU,52.15213259109143,0.1352178766641326,Co-op location-services API,Food,True,Great Shelford,,False,False
CG-156185-0000,Co-operative Group,156185-0000,6185.0,Nottingham QMC Hospital,The Co-operative Group,Derby Road,Nottingham,Nottingham,NG7 2UH,52.94344531285541,-1.1858205960373094,Co-op location-services API,Hospital,True,Lenton,,False,False
CG-104221-0000,Co-operative Group,104221-0000,4221.0,Flitch Green - Hallett Road,The Co-operative Group,24 Hallett Road,Dunmow,Essex,CM6 3FY,51.861273,0.417235,Co-op location-services API,Food,True,Flitch Green,,False,False
CG-105067-0000,Co-operative Group,105067-0000,5067.0,Wollaton - Lambourne Drive,The Co-operative Group,2b Lambourne Drive,Nottingham,Nottingham,NG8 1GR,52.955932777778,-1.208113611111,Co-op location-services API,Food,True,Wollaton,,False,False
CG-104678-0000,Co-operative Group,104678-0000,4678.0,Bilborough - Bracebridge Drive,The Co-operative Group,73-75 Bracebridge Drive,Nottingham,Nottingham,NG8 4PH,52.9646787,-1.2279655,Co-op location-services API,Food,True,Bilborough,,False,False
CG-104838-0000,Co-operative Group,104838-0000,4838.0,Bebington - Cross Lane,The Co-operative Group,10-12 Cross Lane,Wirral,Wirral,CH63 3AL,53.3458714,-3.011657,Co-op location-services API,Food,True,Bebington,,False,False
CG-105763-0000,Co-operative Group,105763-0000,5763.0,West Bridgford - Hilton Crescent,The Co-operative Group,Hilton Crescent,Nottingham,Nottinghamshire,NG2 6HT,52.9210253,-1.1111825,Co-op location-services API,Food,True,West Bridgford,,False,False
CG-107394-0000,Co-operative Group,107394-0000,7394.0,Wollaton - Middleton Boulevard,The Co-operative Group,123 Middleton Boulevard,Nottingham,Nottingham,NG8 1FW,52.954488,-1.1935357,Co-op location-services API,Food,True,Wollaton,,False,False
CG-106571-0000,Co-operative Group,106571-0000,6571.0,Cambridge - Grantchester Street,The Co-operative Group,3 Grantchester Street,Cambridge,Cambridgeshire,CB3 9HY,52.19608100000001,0.1101596,Co-op location-services API,Food,True,Newnham,,False,False
CG-107968-0000,Co-operative Group,107968-0000,7968.0,West Bridgford - Bridgford Road,The Co-operative Group,Bridgford Road,Nottingham,Nottinghamshire,NG2 6AP,52.9333264,-1.1287788,Co-op location-services API,Food,True,West Bridgford,,False,False
CG-105392-0000,Co-operative Group,105392-0000,5392.0,West Bridgford - Trent Boulevard,The Co-operative Group,111 Trent Boulevard,Nottingham,Nottinghamshire,NG2 5BN,52.933496,-1.128883,Co-op location-services API,Food,True,West Bridgford,,False,False
CG-107549-0000,Co-operative Group,107549-0000,7549.0,Murston - Church Road,The Co-operative Group,2 Church Road,Sittingbourne,Kent,ME10 3RE,51.34092529999999,0.7527159999999999,Co-op location-services API,Food,True,Murston,,False,False
CG-107743-0000,Co-operative Group,107743-0000,7743.0,Trent Bridge - Bridgford Road,The Co-operative Group,8 Bridgford Road,Nottingham,Nottinghamshire,NG2 6AB,52.9357323,-1.1324478,Co-op location-services API,Food,True,West Bridgford,,False,False
CG-105887-0000,Co-operative Group,105887-0000,5887.0,Leigh On Sea - The Broadway,The Co-operative Group,18 The Broadway,Leigh-On-Sea,Southend-On-Sea,SS9 1AW,51.5414271,0.6558590999999999,Co-op location-services API,Food,True,,,False,False
CG-156337-0000,Co-operative Group,156337-0000,6337.0,Trent Bridge,The Co-operative Group,160 London Road,Nottingham,Nottingham,NG2 3BS,52.94070087261692,-1.1395185456410708,Co-op location-services API,Food/Petrol,True,,,False,False
CG-106033-0000,Co-operative Group,106033-0000,6033.0,Hullbridge - 1-9 Ferry Road,The Co-operative Group,1-9 Ferry Road,Hockley,Essex,SS5 6DN,51.617115,0.612459,Co-op location-services API,Food,True,Hullbridge,,False,False
CG-104901-0000,Co-operative Group,104901-0000,4901.0,Belfairs - Eastwood Road North,The Co-operative Group,268-270 Eastwood Road North,Leigh-On-Sea,Southend-On-Sea,SS9 4LS,51.5589659,0.6483194,Co-op location-services API,Food,True,,,False,False
CG-106859-0000,Co-operative Group,106859-0000,6859.0,Higher Bebington - Teehey Lane,The Co-operative Group,120 Teehey Lane,Wirral,Wirral,CH63 8QT,53.35571700000001,-3.0244518,Co-op location-services API,Food,True,Bebington,,False,False
CG-105401-0000,Co-operative Group,105401-0000,5401.0,Nottingham - Station Street,The Co-operative Group,"Station Street, Carrington Street",Nottingham,Nottingham,NG2 3AQ,52.947351,-1.1468391,Co-op location-services API,Food,True,,,False,False
CG-106220-0000,Co-operative Group,106220-0000,6220.0,Bapchild - Stones Farm,The Co-operative Group,Blossom Street,Sittingbourne,Kent,ME10 4GA,51.336516111111,0.763871944444,Co-op location-services API,Food,True,Bapchild,,False,False
CG-106290-0000,Co-operative Group,106290-0000,6290.0,Runcorn - Linkway,The Co-operative Group,Linkway,Runcorn,Halton,WA7 5EJ,53.32855638780615,-2.719139053475175,Co-op location-services API,Food,True,,,False,False
CG-108621-0000,Co-operative Group,108621-0000,8621.0,Murdishaw - The Ridgeway,The Co-operative Group,The Ridgeway,Runcorn,Halton,WA7 6ER,53.3236165,-2.6649317,Co-op location-services API,Food,True,Murdishaw,,False,False
CG-104317-0000,Co-operative Group,104317-0000,4317.0,Cambridge - Hills Road The Marque,The Co-operative Group,Hills Road,Cambridge,Cambridgeshire,CB2 8RJ,52.1888224,0.1364513,Co-op location-services API,Lunar,True,,,False,False
CG-104975-0000,Co-operative Group,104975-0000,4975.0,Cambridge - Girton Road,The Co-operative Group,120 Girton Road,Cambridge,Cambridgeshire,CB3 0LW,52.2332157,0.0861686,Co-op location-services API,Food,True,,,False,False
CG-107435-0000,Co-operative Group,107435-0000,7435.0,Isle of Grain - High Street,The Co-operative Group,27 High Street,Rochester,Medway,ME3 0BJ,51.4563856,0.712196,Co-op location-services API,Food,True,Isle Of Grain,,False,False
CG-108894-0000,Co-operative Group,108894-0000,8894.0,Cambridge - Brookgate,The Co-operative Group,2 Brookgate,Cambridge,Cambridgeshire,CB1 2FF,52.1923385,0.1339371,Co-op location-services API,Food,True,,,False,False
CG-105762-0000,Co-operative Group,105762-0000,5762.0,Cambridge - Hills Road,The Co-operative Group,52 Hills Road,Cambridge,Cambridgeshire,CB2 1LA,52.1968158,0.129449,Co-op location-services API,Lunar,True,,,False,False
CG-107474-0000,Co-operative Group,107474-0000,7474.0,Leigh on Sea - Leigh Road,The Co-operative Group,84-86 Leigh Road,Leigh-On-Sea,Southend-On-Sea,SS9 1BZ,51.54338010000001,0.6673425,Co-op location-services API,Food,True,,,False,False
CG-108060-0000,Co-operative Group,108060-0000,8060.0,Runcorn - Balfour Street,The Co-operative Group,66-70 Balfour Street,Runcorn,Halton,WA7 4PH,53.3358897,-2.7375265,Co-op location-services API,Food,True,,,False,False
CG-105774-0000,Co-operative Group,105774-0000,5774.0,Holyhead - Market Street,The Co-operative Group,45-49 Market Street,Holyhead,Isle Of Anglesey,LL65 1UL,53.3100264,-4.6327804,Co-op location-services API,Food,True,,,False,False
CG-104821-0000,Co-operative Group,104821-0000,4821.0,Cotgrave - Scotland Bank,The Co-operative Group,Scotland Bank,Cotgrave,Nottinghamshire,NG12 3JZ,52.9107955,-1.0368474,Co-op location-services API,Food,True,,,False,False
CG-106920-0000,Co-operative Group,106920-0000,6920.0,West Kirby - Frankby Road,The Co-operative Group,Frankby Road,Wirral,Wirral,CH48 9UU,53.37247,-3.1514749,Co-op location-services API,Food,True,West Kirby,,False,False
CG-105766-0000,Co-operative Group,105766-0000,5766.0,Cambridge - Histon Road,The Co-operative Group,Histon Road,Cambridge,Cambridgeshire,CB4 3HL,52.2202377,0.1114384,Co-op location-services API,Food,True,,,False,False
CG-105171-0000,Co-operative Group,105171-0000,5171.0,Kimberley - Maws Lane,The Co-operative Group,Maws Lane,Nottingham,Nottinghamshire,NG16 2JE,53.0019798,-1.2658946,Co-op location-services API,Food,True,Kimberley,,False,False
CG-103627-0000,Co-operative Group,103627-0000,3627.0,Cambridge - Mill Road West,The Co-operative Group,44a Mill Road,Cambridge,Cambridgeshire,CB1 2AS,52.200471094227495,0.1357882904753763,Co-op location-services API,Food,True,,,False,False
CG-109357-0000,Co-operative Group,109357-0000,9357.0,Macclesfield - Thornton Avenue,The Co-operative Group,182 Thornton Avenue,Macclesfield,Cheshire East,SK11 7XZ,53.24782009999999,-2.1485352,Co-op location-services API,Food,True,,,False,False
CG-105618-0000,Co-operative Group,105618-0000,5618.0,Cambridge - Cherry Hinton Road,The Co-operative Group,6 Adkins Corner,Cambridge,Cambridgeshire,CB1 3RU,52.187111,0.153249,Co-op location-services API,Food,True,,,False,False
CG-105321-0000,Co-operative Group,105321-0000,5321.0,South Woodham Ferrers - Baron Road,The Co-operative Group,1-3 Baron Road,Chelmsford,Essex,CM3 5XQ,51.645403055556,0.616938333333,Co-op location-services API,Lunar,True,South Woodham Ferrers,,False,False
CG-106728-0000,Co-operative Group,106728-0000,6728.0,Ashford - Brookfield Court,The Co-operative Group,The Old Community Centre,Ashford,Kent,TN23 5ER,51.1392859,0.853133,Co-op location-services API,Food,True,Brookfield Court,,False,False
CG-106058-0000,Co-operative Group,106058-0000,6058.0,Boreham - Main Road,The Co-operative Group,Main Road,Chelmsford,Essex,CM3 3JG,51.761441,0.539016,Co-op location-services API,Food,True,Boreham,,False,False
CG-108018-0000,Co-operative Group,108018-0000,8018.0,Macclesfield - London Road,The Co-operative Group,155 London Road,Macclesfield,Cheshire East,SK11 7SP,53.244223,-2.125664,Co-op location-services API,Food,True,,,False,False
CG-106257-0000,Co-operative Group,106257-0000,6257.0,Ashford - Willesborough Road,The Co-operative Group,Harrison Lane,Ashford,Kent,TN24 9QP,51.14283078407538,0.8531055920037879,Co-op location-services API,Food,True,,,False,False
CG-108930-0000,Co-operative Group,108930-0000,8930.0,Longstanton - High Street,The Co-operative Group,93 High Street,Cambridge,Cambridgeshire,CB24 3BT,52.2838724,0.0437871,Co-op location-services API,Food,True,Longstanton,,False,False
CG-105410-0000,Co-operative Group,105410-0000,5410.0,Cambridge - Mitchams Corner,The Co-operative Group,Milton Road,Cambridge,Cambridgeshire,CB4 1UY,52.214761,0.124869,Co-op location-services API,Food,True,,,False,False
CG-107442-0000,Co-operative Group,107442-0000,7442.0,Cambridge - Mill Road,The Co-operative Group,177 Mill Road,Cambridge,Cambridgeshire,CB1 3AN,52.1975363,0.1454566,Co-op location-services API,Food,True,,,False,False
CG-108388-0000,Co-operative Group,108388-0000,8388.0,Runcorn - Halton Road,The Co-operative Group,53 Halton Road,Runcorn,Halton,WA7 5QU,53.33950470000001,-2.7122313,Co-op location-services API,Food,True,Halton,,False,False
CG-109217-0000,Co-operative Group,109217-0000,9217.0,Runcorn - Granville Street,The Co-operative Group,Granville Street,Runcorn,Halton,WA7 1NE,53.34220759999999,-2.7340216,Co-op location-services API,Food,True,Halton,,False,False
CG-106963-0000,Co-operative Group,106963-0000,6963.0,Cambridge - Chesterton Road,The Co-operative Group,179-185 Chesterton Road,Cambridge,Cambridgeshire,CB4 1AF,52.2149644,0.1275093,Co-op location-services API,Food,True,,,False,False
CG-105303-0000,Co-operative Group,105303-0000,5303.0,Cambridge - Perne Road,The Co-operative Group,115 - 117 Perne Road,Cambridge,Cambridgeshire,CB1 3SB,52.191757,0.153999,Co-op location-services API,Food,True,,,False,False
CG-106788-0000,Co-operative Group,106788-0000,6788.0,Sneinton - Sneinton Dale,The Co-operative Group,140 Sneinton Dale,Nottingham,Nottingham,NG2 4HJ,52.9534509,-1.1233399,Co-op location-services API,Food,True,Sneinton Dale,,False,False
CG-106689-0000,Co-operative Group,106689-0000,6689.0,Queenborough - Main Road,The Co-operative Group,1-3 Main Road,Queenborough,Kent,ME11 5BA,51.4154057,0.7512034000000001,Co-op location-services API,Lunar,True,,,False,False
CG-108143-0000,Co-operative Group,108143-0000,8143.0,Woodchurch - Hoole Road,The Co-operative Group,90-94 Hoole Road,Wirral,Wirral,CH49 8EG,53.37612670000001,-3.0848846,Co-op location-services API,Food,True,Woodchurch,,False,False
CG-108020-0000,Co-operative Group,108020-0000,8020.0,Macclesfield - Ivy Road,The Co-operative Group,Ivy Road,Macclesfield,Cheshire East,SK11 8NA,53.254223,-2.15126,Co-op location-services API,Food,True,Ivymeade,,False,False
CG-109205-0000,Co-operative Group,109205-0000,9205.0,Woolton - Speke Road,The Co-operative Group,273 Speke Road,Liverpool,Liverpool,L25 0NN,53.35965279999999,-2.8558364,Co-op location-services API,Food,True,Woolten,,False,False
CG-108374-0000,Co-operative Group,108374-0000,8374.0,Windmill Hill- Windmill Hill Av Wst,The Co-operative Group,Windmill Hill Ave West,Runcorn,Halton,WA7 6QZ,53.340107,-2.6718692,Co-op location-services API,Food,True,Windmill Hill,,False,False
CG-109932-0000,Co-operative Group,109932-0000,9932.0,Hockley - Spa Road,The Co-operative Group,45 Spa Road,Hockley,Essex,SS5 4BE,51.6019394,0.6563359999999999,Co-op location-services API,Food,True,,,False,False
CG-108225-0000,Co-operative Group,108225-0000,8225.0,Widnes - Hale Road,The Co-operative Group,447 Hale Road,Widnes,Halton,WA8 8UU,53.3518722,-2.7716338,Co-op location-services API,Food,True,,,False,False
CG-109934-0000,Co-operative Group,109934-0000,9934.0,Westcliff-On-Sea - London Road,The Co-operative Group,467-473 London Road,Westcliff-On-Sea,Southend-On-Sea,SS0 9LG,51.5443284,0.6910343,Co-op location-services API,Food,True,,,False,False
CG-107455-0000,Co-operative Group,107455-0000,7455.0,Cambridge - 129 Milton Road,The Co-operative Group,129 Milton Road,Cambridge,Cambridgeshire,CB4 1XE,52.22038269999999,0.1334869,Co-op location-services API,Food,True,,,False,False
CG-107974-0000,Co-operative Group,107974-0000,7974.0,Westcliff-On-Sea - Hamlet Court Rd,The Co-operative Group,165-169 Hamlet Court Road,Westcliffe-On-Sea,Southend-On-Sea,SS0 7EL,51.5408911,0.6953289,Co-op location-services API,Food,True,,,False,False
CG-106865-0000,Co-operative Group,106865-0000,6865.0,Teynham - London Road,The Co-operative Group,109 London Road,Sittingbourne,Kent,ME9 9QL,51.32793050000001,0.7995974,Co-op location-services API,Food,True,Teynham,,False,False
CG-104753-0000,Co-operative Group,104753-0000,4753.0,Carrington - Mansfield Road,The Co-operative Group,365 Mansfield Road,Nottingham,Nottingham,NG5 2DA,52.9732062,-1.1520669,Co-op location-services API,Food,True,Carrington,,False,False
CG-105585-0000,Co-operative Group,105585-0000,5585.0,Sandymoor - Pitts Heath Lane,The Co-operative Group,Otterburn Street,Runcorn,Halton,WA7 1XU,53.34440929534705,-2.658028978590106,Co-op location-services API,Food,True,Sandymoor,,False,False
CG-104274-0000,Co-operative Group,104274-0000,4274.0,Mossley Hill - Booker Avenue,The Co-operative Group,Booker Avenue,Liverpool,Liverpool,L18 9SB,53.3708389,-2.9020555,Co-op location-services API,Food,True,,,False,False
CG-108680-0000,Co-operative Group,108680-0000,8680.0,Tranmere - Church Road,The Co-operative Group,8 Tranmere Court,Birkenhead,Wirral,CH42 5LE,53.3809445,-3.0244104,Co-op location-services API,Food,True,Church Road,,False,False
CG-106827-0000,Co-operative Group,106827-0000,6827.0,Histon - Station Road,The Co-operative Group,Station Road,Cambridge,Cambridgeshire,CB24 9LQ,52.251669,0.106799,Co-op location-services API,Food,True,Histon,,False,False
CG-108391-0000,Co-operative Group,108391-0000,8391.0,Knutsford - Princess Street,The Co-operative Group,7 Princess Street,Knutsford,Cheshire East,WA16 6BY,53.3037633,-2.3747501,Co-op location-services API,Lunar,True,,,False,False
CG-108142-0000,Co-operative Group,108142-0000,8142.0,Upton - Saughall Massie Road,The Co-operative Group,194 Saughall Massie,Wirral,Wirral,CH49 4LD,53.3881542,-3.1141057,Co-op location-services API,Food,True,Upton,,False,False
CG-109191-0000,Co-operative Group,109191-0000,9191.0,Birkenhead - Upton Road,The Co-operative Group,Noctorum Avenue Upton Road,Prenton,Wirral,CH43 9SA,53.3862915,-3.0834254,Co-op location-services API,Food,True,,,False,False
CG-105458-0000,Co-operative Group,105458-0000,5458.0,Macclesfield - West Park Drive,The Co-operative Group,West Park Drive,Macclesfield,Cheshire East,SK10 3GR,53.2618466,-2.1363371,Co-op location-services API,Lunar,True,,,False,False
CG-105188-0000,Co-operative Group,105188-0000,5188.0,Cropwell Bishop - Nottingham Road,The Co-operative Group,4 Nottingham Road,Nottingham,Nottinghamshire,NG12 3BQ,52.912664,-0.984924,Co-op location-services API,Food,True,Cropwell Bishop,,False,False
CG-107528-0000,Co-operative Group,107528-0000,7528.0,Macclesfield - Buxton Road,The Co-operative Group,246 Buxton Road,Macclesfield,Cheshire East,SK11 7EU,53.2580045,-2.1120386,Co-op location-services API,Food,True,,,False,False
CG-109785-0000,Co-operative Group,109785-0000,9785.0,Southend-on-Sea - Rochford Road,The Co-operative Group,109-121 Rochford Road,Southend-On-Sea,Southend-On-Sea,SS2 6SY,51.5628515,0.6963496999999998,Co-op location-services API,Food,True,,,False,False
CG-105515-0000,Co-operative Group,105515-0000,5515.0,Hoylake - Market Street,The Co-operative Group,110 Market Street,Wirral,Wirral,CH47 3BE,53.394813,-3.174397,Co-op location-services API,Food,True,,,False,False
CG-108272-0000,Co-operative Group,108272-0000,8272.0,Macclesfield - Westmorland Close,The Co-operative Group,16 Westmorland Close,Macclesfield,Cheshire East,SK10 3ET,53.2681453,-2.154606,Co-op location-services API,Food,True,,,False,False
CG-106756-0000,Co-operative Group,106756-0000,6756.0,Sheerness - High Street,The Co-operative Group,110-116 High Street,Sheerness,Kent,ME12 1UB,51.43905350000001,0.7630133000000001,Co-op location-services API,Food,True,,,False,False
CG-105899-0000,Co-operative Group,105899-0000,5899.0,Linton - High Street,The Co-operative Group,106 High Street,Cambridge,Cambridgeshire,CB21 4JT,52.09753809999999,0.2826495,Co-op location-services API,Food,True,Linton,,False,False
CG-105517-0000,Co-operative Group,105517-0000,5517.0,Peterborough - Eagle Way,The Co-operative Group,399 Eagle Way,Peterborough,Peterborough,PE7 8GS,52.5369,-0.26432,Co-op location-services API,Lunar,True,,,False,False
CG-105945-0000,Co-operative Group,105945-0000,5945.0,Cambridge - 414 Milton Road,The Co-operative Group,414 Milton Road,Cambridge,Cambridgeshire,CB4 1SU,52.2270191,0.1456027,Co-op location-services API,Food,True,,,False,False
CG-106763-0000,Co-operative Group,106763-0000,6763.0,Sherwood - Mansfield Road,The Co-operative Group,624 Mansfield Road,Nottingham,Nottingham,NG5 2GA,52.9823601,-1.1452661,Co-op location-services API,Food,True,Sherwood,,False,False
CG-104586-0000,Co-operative Group,104586-0000,4586.0,Nottingham - Arnold Road,The Co-operative Group,244 Arnold Road,Nottingham,Nottingham,NG5 5HB,52.9913533,-1.1677925,Co-op location-services API,Food,True,,,False,False
CG-108287-0000,Co-operative Group,108287-0000,8287.0,Macclesfield - Hurdsfield Road,The Co-operative Group,Hurdsfield Road Park,Macclesfield,Cheshire East,SK10 1LL,53.263681,-2.118008,Co-op location-services API,Lunar,True,Hurdsfield Road,,False,False
CG-104283-0000,Co-operative Group,104283-0000,4283.0,Liverpool - Lark Lane,The Co-operative Group,125-129 Lark Lane,Liverpool,Liverpool,L17 8UR,53.3820437,-2.9449099,Co-op location-services API,Food,True,,,False,False
CG-108366-0000,Co-operative Group,108366-0000,8366.0,Knutsford - Parkgate Lane,The Co-operative Group,12 Parkgate Lane,Knutsford,Cheshire East,WA16 8HG,53.3087406,-2.3599394,Co-op location-services API,Food,True,,,False,False
CG-106799-0000,Co-operative Group,106799-0000,6799.0,Southend-on-Sea - Sutton Road,The Co-operative Group,57 Sutton Road,Southend-On-Sea,Southend-On-Sea,SS2 5PB,51.5423538,0.7182605999999999,Co-op location-services API,Food,True,,,False,False
CG-103762-0000,Co-operative Group,103762-0000,3762.0,Peterborough - Hampton Gardens,The Co-operative Group,1 Waterhouse Way,Peterborough,Peterborough,PE7 8SJ,52.53628978266193,-0.25201114,Co-op location-services API,Food,True,Hampton Gardens,,False,False
CG-105791-0000,Co-operative Group,105791-0000,5791.0,Willesborough - Hunter Avenue,The Co-operative Group,83 Hunter Avenue,Ashford,Kent,TN24 0HG,51.1411683,0.8914637000000001,Co-op location-services API,Lunar,True,South Willesborough,,False,False
CG-106692-0000,Co-operative Group,106692-0000,6692.0,Radcliffe-on-Trent - Main Road,The Co-operative Group,32 Main St,Radcliffe-on-Trent,Nottinghamshire,NG12 2FH,52.94705829999999,-1.0395205,Co-op location-services API,Food,True,,,False,False
CG-104641-0000,Co-operative Group,104641-0000,4641.0,Willingham - High Street,The Co-operative Group,12 High Street,Cambridge,Cambridgeshire,CB24 5ES,52.31415939999999,0.0576601999999999,Co-op location-services API,Food,True,Wilingham,,False,False
CG-106552-0000,Co-operative Group,106552-0000,6552.0,Netherfield - Victoria Road,The Co-operative Group,61 Victoria Road,Nottingham,Nottinghamshire,NG4 2NN,52.963702,-1.0779263,Co-op location-services API,Food,True,Netherfield,,False,False
CG-103647-0000,Co-operative Group,103647-0000,3647.0,Kennington - Walworth Road,The Co-operative Group,156-164 Walworth Road,London,Kent,SE17 1JL,51.164587,0.887818,Co-op location-services API,Food,True,,,False,False
CG-105817-0000,Co-operative Group,105817-0000,5817.0,Kennington - Faversham Road,The Co-operative Group,98 Faversham Road,Ashford,Kent,TN24 9DE,51.1648303,0.8879650000000001,Co-op location-services API,Food,True,Kennington,,False,False
CG-108280-0000,Co-operative Group,108280-0000,8280.0,Ditton - Liverpool Road,The Co-operative Group,231 Liverpool Road,Widnes,Halton,WA8 7HL,53.3703512,-2.759398,Co-op location-services API,Food,True,Ditton,,False,False
CG-107437-0000,Co-operative Group,107437-0000,7437.0,Great Bardfield - Brook Street,The Co-operative Group,1 St. Johns Terrace,Great Bardfield,Essex,CM7 4RQ,51.948207,0.4386147,Co-op location-services API,Food,True,Brook Street,,False,False
CG-106205-0000,Co-operative Group,106205-0000,6205.0,Cambridge - Jubilee Square,The Co-operative Group,Newmarket Road,Cambridge,Cambridgeshire,CB5 8AA,52.21146692015412,0.1810779388954086,Co-op location-services API,Lunar,True,Teversham,,False,False
CG-109786-0000,Co-operative Group,109786-0000,9786.0,Rochford - Ashingdon Road,The Co-operative Group,6-8 Golden Cross Parade,Rochford,Essex,SS4 1UB,51.5961145,0.6965258000000001,Co-op location-services API,Food,True,,,False,False
CG-104330-0000,Co-operative Group,104330-0000,4330.0,Peterborough - Oundle Road,The Co-operative Group,490 Oundle Road,Peterborough,Peterborough,PE2 7DF,52.558638,-0.272657,Co-op location-services API,Food,True,Orton Longueville,,False,False
CG-107540-0000,Co-operative Group,107540-0000,7540.0,Mapperley - Woodborough Road,The Co-operative Group,938-942 Woodborough Road,Nottingham,Nottinghamshire,NG3 5QS,52.9846887,-1.120373,Co-op location-services API,Food,True,Mapperley,,False,False
CG-107556-0000,Co-operative Group,107556-0000,7556.0,Mobberley - Town Lane,The Co-operative Group,85 Town Lane,Knutsford,Cheshire East,WA16 7HH,53.31331309999999,-2.3285885,Co-op location-services API,Food,True,Mobberley,,False,False
CG-108116-0000,Co-operative Group,108116-0000,8116.0,Appleton Thorn - Dudlow Green Road,The Co-operative Group,39 Dudlow Green Road,Warrington,Warrington,WA4 5EQ,53.35206869999999,-2.5715236,Co-op location-services API,Food,True,Appleton,,False,False
CG-107975-0000,Co-operative Group,107975-0000,7975.0,Mapperley - Westdale Lane West,The Co-operative Group,320 Westdale Lane,Nottingham,Nottinghamshire,NG3 6EU,52.9808587,-1.1045593,Co-op location-services API,Food,True,Mapperley,,False,False
CG-105685-0000,Co-operative Group,105685-0000,5685.0,Minster on Sea - Aspen Drive,The Co-operative Group,Aspen Drive,Sheerness,Kent,ME12 3UD,51.413547,0.799554,Co-op location-services API,Food,True,Minster on Sea,,False,False
CG-104959-0000,Co-operative Group,104959-0000,4959.0,Fulbourn - High Street,The Co-operative Group,11 High Street,Cambridge,Cambridgeshire,CB21 5DH,52.1835709,0.2215047,Co-op location-services API,Food,True,Fulbourn,,False,False
CG-104639-0000,Co-operative Group,104639-0000,4639.0,Arnold - Beckhampton Road,The Co-operative Group,254 Beckhampton Road,Nottingham,Nottingham,NG5 5PA,53.0029471,-1.1577913,Co-op location-services API,Food,True,Arnold,,False,False
CG-105788-0000,Co-operative Group,105788-0000,5788.0,Hucknall - 288 Watnall Road,The Co-operative Group,288 Watnall Road,Nottingham,Nottinghamshire,NG15 6EY,53.0266366,-1.2193165,Co-op location-services API,Lunar,True,Hucknall,,False,False
CG-107545-0000,Co-operative Group,107545-0000,7545.0,Matlock - Firs Parade,The Co-operative Group,3 Firs Parade,Matlock,Derbyshire,DE4 3AS,53.1382317,-1.5534796,Co-op location-services API,Food,True,,,False,False
CG-105884-0000,Co-operative Group,105884-0000,5884.0,Liverpool - Lawrence Road,The Co-operative Group,35 Lawrence Road,Liverpool,Liverpool,L15 0EE,53.3972676,-2.9355609,Co-op location-services API,Food,True,,,False,False
CG-108895-0000,Co-operative Group,108895-0000,8895.0,Liverpool - Myrtle Street,The Co-operative Group,2G Myrtle Street,Liverpool,Liverpool,L7 7DP,53.4008343,-2.9680053,Co-op location-services API,Food,True,,,False,False
CG-108961-0000,Co-operative Group,108961-0000,8961.0,Prestbury - The Village,The Co-operative Group,The Village,Macclesfield,Cheshire East,SK10 4AL,53.2888863,-2.1524033,Co-op location-services API,Food,True,Prestbury,,False,False
CG-105548-0000,Co-operative Group,105548-0000,5548.0,Liverpool - Leece Street,The Co-operative Group,21-23 Leece Street,Liverpool,Liverpool,L1 2TR,53.40207,-2.97429,Co-op location-services API,Food,True,,,False,False
CG-105402-0000,Co-operative Group,105402-0000,5402.0,Widnes - Fir Park,The Co-operative Group,Fir Park,Widnes,Halton,WA8 9BD,53.380702,-2.748009,Co-op location-services API,Food,True,,,False,False
CG-106137-0000,Co-operative Group,106137-0000,6137.0,Littlestone - Littlestone Road,The Co-operative Group,11 Littlestone Road,New Romney,Kent,TN28 8LN,50.9852760522483,0.9547359843,Co-op location-services API,Food,True,,,False,False
CG-107491-0000,Co-operative Group,107491-0000,7491.0,Minster-on-Sea - Queens Road,The Co-operative Group,19-23 Queens Road,Sheerness,Kent,ME12 2HD,51.423174,0.8123541000000001,Co-op location-services API,Food,True,Minster on Sea,,False,False
CG-104822-0000,Co-operative Group,104822-0000,4822.0,Cottenham - High Street,The Co-operative Group,273 High Street,Cambridge,Cambridgeshire,CB24 8QP,52.2862802,0.12638,Co-op location-services API,Food,True,Cottenham,,False,False
CG-108636-0000,Co-operative Group,108636-0000,8636.0,Childwall - Bentham Drive,The Co-operative Group,102 Bentham Drive,Liverpool,Liverpool,L16 5EX,53.4004421,-2.8859892,Co-op location-services API,Food,True,Childwall,,False,False
CG-105363-0000,Co-operative Group,105363-0000,5363.0,Peterbrough - Thorpe Road,The Co-operative Group,Thorpe Road,Peterbrough,Peterborough,PE3 6AP,52.573178,-0.258412,Co-op location-services API,Lunar,True,,,False,False
CG-109324-0000,Co-operative Group,109324-0000,9324.0,Selston - Nottingham Road,The Co-operative Group,Nottingham Road,Nottingham,Nottinghamshire,NG16 6BT,53.0705813,-1.302478,Co-op location-services API,Food,True,Selston,,False,False
CG-105361-0000,Co-operative Group,105361-0000,5361.0,Darley Dale - Station Road,The Co-operative Group,Station Road,Matlock,Derbyshire,DE4 2EQ,53.1618821,-1.5893733,Co-op location-services API,Food,True,Darley Dale,,False,False
CG-109193-0000,Co-operative Group,109193-0000,9193.0,Wallasey - Wallasey Village,The Co-operative Group,83-85 Wallasey Village,Wallasey,Wirral,CH45 3LE,53.42250600000001,-3.0644131,Co-op location-services API,Food,True,,,False,False
CG-108982-0000,Co-operative Group,108982-0000,8982.0,Bollington - Wellington Road,The Co-operative Group,Wellington Road,Macclesfield,Cheshire East,SK10 5JH,53.2973656,-2.106247,Co-op location-services API,Food,True,Bollington,,False,False
CG-104117-0000,Co-operative Group,104117-0000,4117.0,Hucknall - Papplewick Lane,The Co-operative Group,Papplewick Road,Nottingham,Nottinghamshire,NG15 8GL,53.0422008,-1.1913273,Co-op location-services API,Food,True,Hucknall,,False,False
CG-106647-0000,Co-operative Group,106647-0000,6647.0,Liverpool - Pilch Lane,The Co-operative Group,224 Pilch Lane,Liverpool,Knowsley,L14 0JQ,53.4127634,-2.8725861,Co-op location-services API,Food,True,,,False,False
CG-106649-0000,Co-operative Group,106649-0000,6649.0,Pinxton - Wharf Road,The Co-operative Group,146 Wharf Road,Pinxton,Derbyshire,NG16 6LQ,53.089367,-1.3177252,Co-op location-services API,Lunar,True,,,False,False
CG-105407-0000,Co-operative Group,105407-0000,5407.0,Wilmslow - Water Lane,The Co-operative Group,51 Water Lane,Wilmslow,Cheshire East,SK9 5AW,53.326547,-2.237369,Co-op location-services API,Food,True,,,False,False
CG-109234-0000,Co-operative Group,109234-0000,9234.0,Amlwch - Lon Goch,The Co-operative Group,Lon Goch,Amlwch,Isle Of Anglesey,LL68 9AL,53.4096103,-4.3431623,Co-op location-services API,Food,True,Gwynedd,,False,False
CG-104645-0000,Co-operative Group,104645-0000,4645.0,Bingham - Market Street,The Co-operative Group,35 Market Place,Bingham,Nottinghamshire,NG13 8AN,52.9520887,-0.9525043999999996,Co-op location-services API,Food,True,,,False,False
CG-108049-0000,Co-operative Group,108049-0000,8049.0,Grappenhall - Knutsford Road,The Co-operative Group,156 Knutsford Road,Warrington,Warrington,WA4 2QU,53.3771802,-2.5449301,Co-op location-services API,Food,True,Grappenhall,,False,False
CG-107405-0000,Co-operative Group,107405-0000,7405.0,Faversham - Forbes Road,The Co-operative Group,Forbes Road,Faversham,Kent,ME13 8QG,51.3124375,0.8894409,Co-op location-services API,Food,True,,,False,False
CG-104729-0000,Co-operative Group,104729-0000,4729.0,Burton Joyce - Main Street,The Co-operative Group,36 Main Street,Nottingham,Nottinghamshire,NG14 5DZ,52.9879702,-1.0365292,Co-op location-services API,Food,True,Burton Joyce,,False,False
CG-105874-0000,Co-operative Group,105874-0000,5874.0,Wye - Churchfield Way,The Co-operative Group,Churchfield Way,Ashford,Kent,TN25 5BP,51.1838761,0.9370048,Co-op location-services API,Food,True,Wye,,False,False
CG-108058-0000,Co-operative Group,108058-0000,8058.0,Great Sankey - Hawthorne Avenue,The Co-operative Group,Hawthorne Avenue,Warrington,Warrington,WA5 1RJ,53.392094,-2.648531,Co-op location-services API,Food,True,Great Sankey,,False,False
CG-108270-0000,Co-operative Group,108270-0000,8270.0,Latchford East - Knutsford Road,The Co-operative Group,The Bridges,Warrington,Warrington,WA4 1JR,53.38226349999999,-2.5713518,Co-op location-services API,Lunar,True,Knutsford Road,,False,False
CG-103668-0000,Co-operative Group,103668-0000,3668.0,Latchford - Knutsford Road,The Co-operative Group,282 Knutsford Road,Warrington,Warrington,WA4 1AZ,53.38380463117108,-2.5805633873156943,Co-op location-services API,Food,True,,,False,False
CG-108044-0000,Co-operative Group,108044-0000,8044.0,Latchford East - Kingsway South,The Co-operative Group,92 Kingsway South,Warrington,Warrington,WA4 1QZ,53.38512359999999,-2.5623474,Co-op location-services API,Lunar,True,,,False,False
CG-106795-0000,Co-operative Group,106795-0000,6795.0,South Normanton - High Street,The Co-operative Group,High Street,Alfreton,Derbyshire,DE55 2BN,53.106352,-1.3442713,Co-op location-services API,Food,True,South Normanton,,False,False
CG-107767-0000,Co-operative Group,107767-0000,7767.0,Werrington - Loxley,The Co-operative Group,5 Loxley Centre,Peterborough,Peterborough,PE4 5BW,52.61940300000001,-0.2852102,Co-op location-services API,Food,True,Werrington,,False,False
CG-105274-0000,Co-operative Group,105274-0000,5274.0,Colsterworth - Bridge End,The Co-operative Group,Bridge End,Grantham,Lincolnshire,NG33 5NZ,52.80989,-0.62043,Co-op location-services API,Food,True,Colsterworth,,False,False
CG-108180-0000,Co-operative Group,108180-0000,8180.0,Lymm - Cherry Lane,The Co-operative Group,1 Cherry Lane,Lymm,Warrington,WA13 0NU,53.3793336,-2.4882833,Co-op location-services API,Food,True,,,False,False
CG-104859-0000,Co-operative Group,104859-0000,4859.0,West Derby - Darley Drive,The Co-operative Group,Darley Drive,Liverpool,Liverpool,L12 8QP,53.4286887,-2.9016452,Co-op location-services API,Food,True,West Derby,,False,False
CG-156157-SPET,Co-operative Group,156157-SPET,6157.0,Braintree - Galleys Roundabout,The Co-operative Group,A120 Braintree By Pass,Braintree,Essex,CM77 8GG,51.86986497,0.582824144,Co-op location-services API,Food/Petrol,True,,,False,False
CG-109204-0000,Co-operative Group,109204-0000,9204.0,Rainhill - Warrington Road,The Co-operative Group,580 Warrington Road,Prescot,St. Helens,L35 4LP,53.416234,-2.765227,Co-op location-services API,Food,True,Rainhill,,False,False
CG-153788-0000,Co-operative Group,153788-0000,3788.0,Bottisham - High Street,The Co-operative Group,12 High Street,Cambridge,Cambridgeshire,CB25 9DA,52.223382,0.25811,Co-op location-services API,Food,True,Bottisham,,False,False
CG-108031-0000,Co-operative Group,108031-0000,8031.0,Warrington - Orford Lane,The Co-operative Group,138-142 Orford Lane,Warrington,Warrington,WA2 7AY,53.3980422,-2.5880603,Co-op location-services API,Lunar,True,,,False,False
CG-105700-0000,Co-operative Group,105700-0000,5700.0,Great Wakering - High Street,The Co-operative Group,22-26 High Street,Great Wakering,Essex,SS3 0EQ,51.5531587,0.8084376000000001,Co-op location-services API,Food,True,,,False,False
CG-108054-0000,Co-operative Group,108054-0000,8054.0,Woolston - Holes Lane,The Co-operative Group,Holes Lane,Warrington,Warrington,WA1 4NB,53.398833,-2.5455059,Co-op location-services API,Food,True,Woolston,,False,False
CG-108265-0000,Co-operative Group,108265-0000,8265.0,Bowdon - Vicarage Lane,The Co-operative Group,St Lukes Building,Altrincham,Trafford,WA14 3BA,53.372235,-2.361294,Co-op location-services API,Food,True,Vicarage Lane,,False,False
CG-108297-0000,Co-operative Group,108297-0000,8297.0,Heatley - Chaise Meadow,The Co-operative Group,Unit 1,Lymm,Warrington,WA13 9UP,53.3894586,-2.453736,Co-op location-services API,Lunar,True,Heatley Mere,,False,False
CG-105104-0000,Co-operative Group,105104-0000,5104.0,Sutton Heath - Elton Head Road,The Co-operative Group,Elton Head Road,St Helens,St. Helens,WA9 5BT,53.4286917,-2.7473728,Co-op location-services API,Food,True,Sutton Heath,,False,False
CG-104741-0000,Co-operative Group,104741-0000,4741.0,Calverton - Collyer Road,The Co-operative Group,109 Collyer Road,Nottingham,Nottinghamshire,NG14 6LZ,53.0397438,-1.0887204,Co-op location-services API,Food,True,Calverton,,False,False
CG-108053-0000,Co-operative Group,108053-0000,8053.0,Orford - Capesthorne Road,The Co-operative Group,96-98 Capesthorne Road,Warrington,Warrington,WA2 9LN,53.4105152,-2.5761429,Co-op location-services API,Food,True,Orford,,False,False
CG-107661-0000,Co-operative Group,107661-0000,7661.0,Sellindge - Main Road,The Co-operative Group,Main Road,Ashford,Kent,TN25 6JA,51.1022665,1.0066762,Co-op location-services API,Food,True,Sellindge,,False,False
CG-105933-0000,Co-operative Group,105933-0000,5933.0,Lowdham - Main Street,The Co-operative Group,38 Main Street,Nottingham,Nottinghamshire,NG14 7AG,53.0112368,-1.0039664,Co-op location-services API,Food,True,Lowdham,,False,False
CG-108059-0000,Co-operative Group,108059-0000,8059.0,Fearnhead - Insall Road,The Co-operative Group,Insall Road,Warrington,Warrington,WA2 0LN,53.4111366,-2.5593036,Co-op location-services API,Food,True,Fearnhead,,False,False
CG-108056-0000,Co-operative Group,108056-0000,8056.0,Orford - Cotswold Road,The Co-operative Group,47 Cotswold Road,Warrington,Warrington,WA2 9SF,53.41844690000001,-2.5944461,Co-op location-services API,Lunar,True,Orford,,False,False
CG-104149-0000,Co-operative Group,104149-0000,4149.0,Tibshelf - High Street,The Co-operative Group,24 High Street,Alfreton,Derbyshire,DE55 5NY,53.1397096,-1.3476302,Co-op location-services API,Food,True,Tibshelf,,False,False
CG-109760-0000,Co-operative Group,109760-0000,9760.0,Whittlesey - Blunt's Lane,The Co-operative Group,763 Blunts Lane,Peterborough,Cambridgeshire,PE7 1AW,52.5572052,-0.1263189,Co-op location-services API,Food,True,Whittlesey,,False,False
CG-105010-0000,Co-operative Group,105010-0000,5010.0,Sutton In Ashfield - Alfreton Road,The Co-operative Group,Alfreton Road,Sutton-in-Ashfield,Nottinghamshire,NG17 1HU,53.11946,-1.28364,Co-op location-services API,Lunar,True,,,False,False
CG-106262-0000,Co-operative Group,106262-0000,6262.0,St Helens - Prescot Road,The Co-operative Group,449 Prescot Road,St Helens,St. Helens,WA10 3BD,53.44090245361532,-2.7709528031000605,Co-op location-services API,Food,True,,,False,False
CG-105793-0000,Co-operative Group,105793-0000,5793.0,Huthwaite - Main Street,The Co-operative Group,17-25 Main Street,Sutton-in-Ashfield,Nottinghamshire,NG17 2QW,53.1282203,-1.3029755,Co-op location-services API,Lunar,True,Huthwaite,,False,False
CG-105438-0000,Co-operative Group,105438-0000,5438.0,Burtonwood - Chapel Lane,The Co-operative Group,Chapel Lane,Warrington,Warrington,WA5 4PS,53.43073,-2.6551,Co-op location-services API,Food,True,Burtonwood,,False,False
CG-105950-0000,Co-operative Group,105950-0000,5950.0,Heald Green - Finney Lane,The Co-operative Group,238 Finney Lane,Cheadle,Stockport,SK8 3QD,53.3702363,-2.2336336,Co-op location-services API,Food,True,Heald Green,,False,False
CG-108624-0000,Co-operative Group,108624-0000,8624.0,Poynton - School Lane,The Co-operative Group,5 School Lane,Stockport,Cheshire East,SK12 1AX,53.3484187,-2.1141183,Co-op location-services API,Food,True,Poynton,,False,False
CG-106123-0000,Co-operative Group,106123-0000,6123.0,Heald Green - Wilmslow Road,The Co-operative Group,204 - 210 Wilmslow Road,Cheadle,Stockport,SK8 3BH,53.369162777778,-2.216660277778,Co-op location-services API,Food,True,Heald Green,,False,False
CG-108410-0000,Co-operative Group,108410-0000,8410.0,Cheadle Hulme - Gillbent Road,The Co-operative Group,10 Gill Bent Road,Cheadle,Stockport,SK8 6NB,53.3658175,-2.1899278,Co-op location-services API,Food,True,Cheadle Hulme,,False,False
CG-108589-0000,Co-operative Group,108589-0000,8589.0,Tideswell - Commercial Road,The Co-operative Group,Commercial Road,Buxton,Derbyshire,SK17 8NU,53.2781421,-1.7734104,Co-op location-services API,Food,True,Tideswell,,False,False
CG-109209-0000,Co-operative Group,109209-0000,9209.0,Waterloo - Brighton Road,The Co-operative Group,Brighton Road,Liverpool,Sefton,L22 5NG,53.4767053,-3.0289125,Co-op location-services API,Food,True,Waterloo,,False,False
CG-108635-0000,Co-operative Group,108635-0000,8635.0,Fazakerley - Copplehouse Lane,The Co-operative Group,2-4 Alscot Avenue,Liverpool,Knowsley,L10 0AL,53.46814850000001,-2.914572799999999,Co-op location-services API,Food,True,Fazakerley,,False,False
CG-108398-0000,Co-operative Group,108398-0000,8398.0,Whaley Bridge - Buxton Road,The Co-operative Group,1-3 Buxton Road,High Peak,Derbyshire,SK23 7HT,53.3286336,-1.9835191,Co-op location-services API,Food,True,Whaley Bridge,,False,False
CG-105605-0000,Co-operative Group,105605-0000,5605.0,Cheadle Hulme - Turves Road,The Co-operative Group,136B & 136C Turves Road,Cheadle,Stockport,SK8 6AW,53.373444,-2.206013,Co-op location-services API,Lunar,True,Cheadle Hulme,,False,False
CG-108378-0000,Co-operative Group,108378-0000,8378.0,Bramhall - Dairyground Road,The Co-operative Group,59 Dairyground Road,Stockport,Stockport,SK7 2QW,53.3652741,-2.157466,Co-op location-services API,Food,True,Bramhall,,False,False
CG-108393-0000,Co-operative Group,108393-0000,8393.0,Timperley - Stockport Road,The Co-operative Group,244 Stockport Road,Altrincham,Trafford,WA15 7UN,53.3970663,-2.3186789,Co-op location-services API,Food,True,Timperley,,False,False
CG-108409-0000,Co-operative Group,108409-0000,8409.0,Cheadle Hulme - Buckingham Road,The Co-operative Group,67b Cheadle Road,Cheadle,Stockport,SK8 5DW,53.3781484,-2.1962935,Co-op location-services API,Food,True,Cheadle Hulme,,False,False
CG-108822-0000,Co-operative Group,108822-0000,8822.0,Stanton Hill - Fackley Road,The Co-operative Group,Fackley Road,Stanton Hill,Nottinghamshire,NG17 3GG,53.1416472,-1.2786405,Co-op location-services API,Food,True,High Street,,False,False
CG-105012-0000,Co-operative Group,105012-0000,5012.0,Baslow - Calver Road,The Co-operative Group,Calver Road,Bakewell,Derbyshire,DE45 1RP,53.248044,-1.624908,Co-op location-services API,Food,True,Baslow,,False,False
CG-108417-0000,Co-operative Group,108417-0000,8417.0,Chapel-en-le-Frith - Eccles Road,The Co-operative Group,2a Eccles Road,Chapel-En-Le-Frith,Derbyshire,SK23 0EZ,53.3232211,-1.9165784,Co-op location-services API,Food,True,,,False,False
CG-108639-0000,Co-operative Group,108639-0000,8639.0,Crosby - Mersey Road,The Co-operative Group,189 College Road,Liverpool,Sefton,L23 3AT,53.487188,-3.0341176,Co-op location-services API,Food,True,Crosby,,False,False
CG-105076-0000,Co-operative Group,105076-0000,5076.0,Bourne - Elsea Park,The Co-operative Group,Sedgefield Court,Bourne,Lincolnshire,PE10 0YD,52.7586649,-0.3925177,Co-op location-services API,Lunar,True,Elsea Park,,False,False
CG-107539-0000,Co-operative Group,107539-0000,7539.0,Sale - Maple Road,The Co-operative Group,Maple Road,Manchester,Manchester,M23 9HJ,53.4060805,-2.312982,Co-op location-services API,Food,True,Sale,,False,False
CG-105108-0000,Co-operative Group,105108-0000,5108.0,Gatley - Gatley Road,The Co-operative Group,Gatley Road,Stockport,Stockport,SK8 4AB,53.392978055556,-2.234253888889,Co-op location-services API,Food,True,Gatley,,False,False
CG-109219-0000,Co-operative Group,109219-0000,9219.0,Sale - Coppice Avenue,The Co-operative Group,44 Coppice Avenue,Sale,Trafford,M33 4WB,53.4146906,-2.350753399999999,Co-op location-services API,Food,True,,,False,False
CG-108400-0000,Co-operative Group,108400-0000,8400.0,Disley - Market Street,The Co-operative Group,42-44 Market Street,Stockport,Cheshire East,SK12 2DT,53.3596379,-2.0370406,Co-op location-services API,Food,True,Disley,,False,False
CG-104893-0000,Co-operative Group,104893-0000,4893.0,Grantham - Dysart Road,The Co-operative Group,161 Dysart Road,Grantham,Lincolnshire,NG31 7DX,52.9099268,-0.6592009999999999,Co-op location-services API,Lunar,True,,,False,False
CG-103689-0000,Co-operative Group,103689-0000,3689.0,Brooklands - Washway Road,The Co-operative Group,121-123 Washway Road,Sale,Trafford,M33 7TY,53.421002831204966,-2.3299457729244373,Co-op location-services API,Lunar,True,Brooklands,,False,False
CG-103084-0000,Co-operative Group,103084-0000,3084.0,Great Moor - Buxton Road,The Co-operative Group,353 Buxton Road,Stockport,Stockport,SK2 7NL,53.38881533818564,-2.1365912542446126,Co-op location-services API,Food,True,,,False,False
CG-105453-0000,Co-operative Group,105453-0000,5453.0,Northenden - Palatine Road,The Co-operative Group,269 Palatine Road,Manchester,Manchester,M22 4ET,53.410728,-2.255599,Co-op location-services API,Lunar,True,,,False,False
CG-108375-0000,Co-operative Group,108375-0000,8375.0,Culcheth - Common Lane,The Co-operative Group,2 Common Lane,Warrington,Warrington,WA3 4EG,53.4524122,-2.5191282,Co-op location-services API,Food,True,Culcheth,,False,False
CG-104226-0000,Co-operative Group,104226-0000,4226.0,Halstead - Colchester Road,The Co-operative Group,Colchester Road,Halstead,Essex,CO9 2DY,51.9447378,0.64184,Co-op location-services API,Food,True,,,False,False
CG-106561-0000,Co-operative Group,106561-0000,6561.0,New Mills - Church Road,The Co-operative Group,Church Road,New Mills,Derbyshire,SK22 4NG,53.3633931,-1.9975263,Co-op location-services API,Food,True,,,False,False
CG-104731-0000,Co-operative Group,104731-0000,4731.0,Burwell - North Street,The Co-operative Group,5 North Street,Cambridge,Cambridgeshire,CB25 0BA,52.280266,0.324258,Co-op location-services API,Food,True,Burwell,,False,False
CG-108361-0000,Co-operative Group,108361-0000,8361.0,Ashton On Mersey - Green Lane,The Co-operative Group,12-16 Green Lane,Sale,Trafford,M33 5PP,53.4292768,-2.3416505,Co-op location-services API,Lunar,True,,,False,False
CG-109279-0000,Co-operative Group,109279-0000,9279.0,Edgeley - Castle Street,The Co-operative Group,84 Castle Street,Stockport,Stockport,SK3 9AL,53.4018329,-2.1674098,Co-op location-services API,Food,True,Edgeley,,False,False
CG-108144-0000,Co-operative Group,108144-0000,8144.0,Offerton - Fulmar Drive,The Co-operative Group,4 Fulmar Drive,Stockport,Stockport,SK2 5JL,53.3908345,-2.1073999,Co-op location-services API,Food,True,Offerton,,False,False
CG-105046-0000,Co-operative Group,105046-0000,5046.0,Mansfield - Southwell Road West,The Co-operative Group,Southwell Road West,Mansfield,Nottinghamshire,NG18 4EH,53.1400058,-1.1800311,Co-op location-services API,Food,True,,,False,False
CG-105491-0000,Co-operative Group,105491-0000,5491.0,Sale - Cross Street,The Co-operative Group,"137 - 149, Cross Street",Sale,Trafford,M33 7JW,53.430176,-2.320246,Co-op location-services API,Food,True,,,False,False
CG-108689-0000,Co-operative Group,108689-0000,8689.0,Stockport - Wellington Road South,The Co-operative Group,173-191 Wellington Road South,Stockport,Stockport,SK1 3UA,53.4019312,-2.15626,Co-op location-services API,Food,True,,,False,False
CG-108344-0000,Co-operative Group,108344-0000,8344.0,Didsbury - Wilmslow Road,The Co-operative Group,756-758 Wilmslow Road,Manchester,Manchester,M20 2DW,53.4163217,-2.2319395,Co-op location-services API,Food,True,Didsbury,,False,False
CG-108184-0000,Co-operative Group,108184-0000,8184.0,Urmston - Ambleside Road,The Co-operative Group,1-3 Ambleside Road,Manchester,Trafford,M41 6PL,53.44391759999999,-2.3847528,Co-op location-services API,Food,True,Urmston,,False,False
CG-105406-0000,Co-operative Group,105406-0000,5406.0,Stockport - Didsbury Road,The Co-operative Group,63 Didsbury Road,Stockport,Stockport,SK4 2BA,53.410472,-2.181614,Co-op location-services API,Food,True,,,False,False
CG-108194-0000,Co-operative Group,108194-0000,8194.0,Lowton - Church Lane,The Co-operative Group,237 Church Lane,Warrington,Wigan,WA3 2RZ,53.4744099,-2.5811688,Co-op location-services API,Food,True,Lowton,,False,False
CG-108403-0000,Co-operative Group,108403-0000,8403.0,Offerton - Hall Street,The Co-operative Group,156 Hall Street,Stockport,Stockport,SK1 4HR,53.4053455,-2.1400983,Co-op location-services API,Food,True,Offerton,,False,False
CG-108064-0000,Co-operative Group,108064-0000,8064.0,Flixton - Woodsend Road,The Co-operative Group,11 Woodsend Road,Manchester,Trafford,M41 8QY,53.4487866,-2.3915964,Co-op location-services API,Food,True,Urmston,,False,False
CG-105546-0000,Co-operative Group,105546-0000,5546.0,Chesterfield - Ashgate Road,The Co-operative Group,240 Ashgate Road,Chesterfield,Derbyshire,S40 4AW,53.239702,-1.453772,Co-op location-services API,Food,True,,,False,False
CG-107995-0000,Co-operative Group,107995-0000,7995.0,Whitstable - Oxford Street,The Co-operative Group,58-60 Oxford Street,Whitstable,Kent,CT5 1DG,51.35546120000001,1.0244499,Co-op location-services API,Food,True,,,False,False
CG-109283-0000,Co-operative Group,109283-0000,9283.0,West Didsbury - Burton Road,The Co-operative Group,174-175 Burton Road,Manchester,Manchester,M20 2LN,53.4260463,-2.243116300000001,Co-op location-services API,Food,True,West Didsbury,,False,False
CG-107773-0000,Co-operative Group,107773-0000,7773.0,Whitstable - Canterbury Rd,The Co-operative Group,14-16 Canterbury Road,Whitstable,Kent,CT5 4EX,51.3539752,1.0254301,Co-op location-services API,Food,True,,,False,False
CG-105478-0000,Co-operative Group,105478-0000,5478.0,Marple - Church Lane,The Co-operative Group,92-94 Church Lane,Stockport,Stockport,SK6 7AR,53.39262476341646,-2.063898812517828,Co-op location-services API,Food,True,Marple,,False,False
CG-108003-0000,Co-operative Group,108003-0000,8003.0,Rainford - Church Road,The Co-operative Group,7 Church Road,St Helens,St. Helens,WA11 8HE,53.5016854,-2.7882414,Co-op location-services API,Food,True,Rainford,,False,False
CG-105022-0000,Co-operative Group,105022-0000,5022.0,Chesterfield - Spital Lane,The Co-operative Group,Spital Lane,Chesterfield,Derbyshire,S41 0HL,53.2293147,-1.4161454,Co-op location-services API,Food,True,,,False,False
CG-109284-0000,Co-operative Group,109284-0000,9284.0,Heaton Moor - Heaton Moor Road,The Co-operative Group,206 Heaton Moor Road,Stockport,Stockport,SK4 4DU,53.4174668,-2.1896141,Co-op location-services API,Food,True,Heaton Moor,,False,False
CG-108627-0000,Co-operative Group,108627-0000,8627.0,Maghull - Deyes Lane,The Co-operative Group,99 Deyes Lane,Liverpool,Sefton,L31 6DG,53.515649,-2.9324003,Co-op location-services API,Food,True,Maghull,,False,False
CG-108394-0000,Co-operative Group,108394-0000,8394.0,Chorlton - Barlow Moor Road,The Co-operative Group,349 Barlow Moor Road,Manchester,Manchester,M21 7QH,53.432168,-2.2701398,Co-op location-services API,Food,True,Chorlton-Cum-Hardy,,False,False
CG-108346-0000,Co-operative Group,108346-0000,8346.0,Billinge - Main Street,The Co-operative Group,188 Main Street,Wigan,St. Helens,WN5 7PE,53.4943925,-2.7106693,Co-op location-services API,Food,True,Billinge,,False,False
CG-106952-0000,Co-operative Group,106952-0000,6952.0,Farnsfield - Main Street,The Co-operative Group,Main Street,Newark,Nottinghamshire,NG22 8EF,53.1020701,-1.0339054,Co-op location-services API,Food,True,Farnsfield,,False,False
CG-107575-0000,Co-operative Group,107575-0000,7575.0,Newmarket - Elizabeth Parade,The Co-operative Group,2-5 Elizabeth Parade,Newmarket,Suffolk,CB8 0BP,52.25413280000001,0.3906547,Co-op location-services API,Food,True,,,False,False
CG-105598-0000,Co-operative Group,105598-0000,5598.0,Chorlton - Beech Road,The Co-operative Group,129 Beech Road,Manchester,Manchester,M21 9EQ,53.438606,-2.28129,Co-op location-services API,Food,True,,,False,False
CG-155698-0000,Co-operative Group,155698-0000,5698.0,Kent University - Park Wood,The Co-operative Group,University of Kent,Canterbury,Kent,CT2 7SG,51.297802,1.059279,Co-op location-services API,University,True,,,False,False
CG-108382-0000,Co-operative Group,108382-0000,8382.0,Heaton Moor - 76-78 Heaton Moor Rd,The Co-operative Group,76-80 Heaton Moor Road,Stockport,Stockport,SK4 4NZ,53.423564,-2.183283,Co-op location-services API,Food,True,Heaton Moor,,False,False
CG-108499-0000,Co-operative Group,108499-0000,8499.0,Bradwell - Netherside,The Co-operative Group,Netherside,Hope Valley,Derbyshire,S33 9JL,53.32769,-1.740358,Co-op location-services API,Food,True,Bradwell,,False,False
CG-104951-0000,Co-operative Group,104951-0000,4951.0,Forest Town - Main Avenue,The Co-operative Group,1 Main Avenue,"Forest Town, Mansfield",Nottinghamshire,NG19 0BS,53.1531247,-1.1606599,Co-op location-services API,Lunar,True,Clipstone Road West,,False,False
CG-109270-0000,Co-operative Group,109270-0000,9270.0,Withington - Copson Street,The Co-operative Group,35 Copson Street,Manchester,Manchester,M20 3HE,53.4340562,-2.230725699999999,Co-op location-services API,Food,True,Withington,,False,False
CG-109276-0000,Co-operative Group,109276-0000,9276.0,Chorlton - Wilbraham Road,The Co-operative Group,601B Wilbraham Road,Manchester,Manchester,M21 9AN,53.44241390000001,-2.2787028,Co-op location-services API,Food,True,Chorlton-Cum-Hardy,,False,False
CG-106801-0000,Co-operative Group,106801-0000,6801.0,Southwell - The Ropewalk,The Co-operative Group,The Ropewalk,Nottingham,Nottinghamshire,NG25 0AL,53.0802727,-0.9572221,Co-op location-services API,Food,True,Southwell,,False,False
CG-155697-0000,Co-operative Group,155697-0000,5697.0,Kent Union's Co-op,The Co-operative Group,University of Kent,Canterbury,Kent,CT2 7UG,51.296229,1.067409,Co-op location-services API,University,True,,,False,False
CG-105050-0000,Co-operative Group,105050-0000,5050.0,Chesterfield - Newbold Village,The Co-operative Group,74 Newbold Village,Chesterfield,Derbyshire,S41 8RJ,53.25175,-1.44754,Co-op location-services API,Lunar,True,,,False,False
CG-108373-0000,Co-operative Group,108373-0000,8373.0,Stretford - Barton Road,The Co-operative Group,422a Barton Road,Manchester,Trafford,M32 9RW,53.4545135,-2.3264946,Co-op location-services API,Lunar,True,Stretford,,False,False
CG-104793-0000,Co-operative Group,104793-0000,4793.0,Clare - Market Hill,The Co-operative Group,Market Hill,Sudbury,Suffolk,CO10 8NY,52.078342,0.5811855,Co-op location-services API,Food,True,Clare,,False,False
CG-109269-0000,Co-operative Group,109269-0000,9269.0,Ladybarn - Mauldeth Road,The Co-operative Group,105-109 Mauldeth Road,Manchester,Manchester,M14 6SR,53.4352521,-2.2132061,Co-op location-services API,Food,True,Ladybarn,,False,False
CG-108405-0000,Co-operative Group,108405-0000,8405.0,Romiley - Berrycroft Lane,The Co-operative Group,30 Berrycroft Lane,Stockport,Stockport,SK6 3AU,53.415741,-2.103822099999999,Co-op location-services API,Food,True,Romiley,,False,False
CG-104778-0000,Co-operative Group,104778-0000,4778.0,Cheriton - High Street,The Co-operative Group,66 High Street,Folkestone,Kent,CT19 4HB,51.0880889,1.1420574,Co-op location-services API,Food,True,Cheriton,,False,False
CG-108390-0000,Co-operative Group,108390-0000,8390.0,Stretford - Taylors Road,The Co-operative Group,5 Taylors Road,Manchester,Trafford,M32 0JA,53.4550138,-2.2992729,Co-op location-services API,Food,True,Stretford,,False,False
CG-156172-0000,Co-operative Group,156172-0000,6172.0,Ely - St Mary's Street,The Co-operative Group,64 St Mary's Street,Ely,Cambridgeshire,CB7 4EY,52.39872270247783,0.2582894201558962,Co-op location-services API,Food,True,,,False,False
CG-108821-0000,Co-operative Group,108821-0000,8821.0,Whalley Range - Withington Road,The Co-operative Group,135-137 Withington Road,Manchester,Manchester,M16 8EE,53.4519232,-2.2573103,Co-op location-services API,Food,True,Whalley Range,,False,False
CG-106791-0000,Co-operative Group,106791-0000,6791.0,Soham - High Street,The Co-operative Group,43 High Street,Ely,Cambridgeshire,CB7 5HA,52.33311459999999,0.3376836,Co-op location-services API,Food,True,Soham,,False,False
CG-104801-0000,Co-operative Group,104801-0000,4801.0,Clipstone - Mansfield Road,The Co-operative Group,149 Mansfield Road,Mansfield,Nottinghamshire,NG21 9EQ,53.16022539999999,-1.1241063,Co-op location-services API,Food,True,Clipstone Village,,False,False
CG-105093-0000,Co-operative Group,105093-0000,5093.0,Formby - Queens Road,The Co-operative Group,37-39 Queens Road,Liverpool,Sefton,L37 2HG,53.551096,-3.074533,Co-op location-services API,Food,True,Formby,,False,False
CG-105183-0000,Co-operative Group,105183-0000,5183.0,Aughton - Town Green Lane,The Co-operative Group,58 Town Green Lane,Ormskirk,Lancashire,L39 6SF,53.543448,-2.905148,Co-op location-services API,Food,True,Aughton,,False,False
CG-104153-0000,Co-operative Group,104153-0000,4153.0,Winstanley - Holmes House Avenue,The Co-operative Group,73 Holmes House Avenue,Wigan,Wigan,WN3 6JA,53.5214203,-2.6699103,Co-op location-services API,Food,True,Winstanley,,False,False
CG-105654-0000,Co-operative Group,105654-0000,5654.0,Salford - Clippers Quay,The Co-operative Group,Clippers Quay,Salford,Salford,M50 3XP,53.46742,-2.28395,Co-op location-services API,Food,True,,,False,False
CG-105382-0000,Co-operative Group,105382-0000,5382.0,Fordham - Carter Street,The Co-operative Group,58 - 62 Carter Street,Ely,Cambridgeshire,CB7 5JT,52.311528,0.385994,Co-op location-services API,Food,True,Fordham,,False,False
CG-107416-0000,Co-operative Group,107416-0000,7416.0,Folkestone - Cheriton Road,The Co-operative Group,100-102 Cheriton Road,Folkestone,Kent,CT20 2QN,51.08227360000001,1.1716841,Co-op location-services API,Food,True,,,False,False
CG-106766-0000,Co-operative Group,106766-0000,6766.0,Shirebrook - Victoria Street,The Co-operative Group,2-26 Victoria Street,Mansfield,Derbyshire,NG20 8AQ,53.203783,-1.213867,Co-op location-services API,Food,True,Shirebrook,,False,False
CG-106219-0000,Co-operative Group,106219-0000,6219.0,Salford - Media City,The Co-operative Group,Red Road,Salford,Salford,M50 2BS,53.4739,-2.29978,Co-op location-services API,Food,True,MediaCityUK,,False,False
CG-108026-0000,Co-operative Group,108026-0000,8026.0,Platt Bridge - Warrington Road,The Co-operative Group,14-16 Warrington Road,Wigan,Wigan,WN2 5JA,53.5182144,-2.598427099999999,Co-op location-services API,Food,True,Platt Bridge,,False,False
CG-106053-0000,Co-operative Group,106053-0000,6053.0,Manchester - Chester Road,The Co-operative Group,254 Chester Road,Manchester,Manchester,M15 4EX,53.46979111209805,-2.265667612595194,Co-op location-services API,Food,True,,,False,False
CG-108191-0000,Co-operative Group,108191-0000,8191.0,Orrell - Church Street,The Co-operative Group,40 Church Street,Wigan,Wigan,WN5 8TG,53.5323351,-2.7111891,Co-op location-services API,Food,True,Orrell,,False,False
CG-105229-0000,Co-operative Group,105229-0000,5229.0,Manchester - Stretford Road,The Co-operative Group,Stretford Road,Manchester,Manchester,M15 5JH,53.4675721,-2.2475185,Co-op location-services API,Food,True,Hulme,,False,False
CG-106133-0000,Co-operative Group,106133-0000,6133.0,Salford - Anchorage Gateway,The Co-operative Group,"The Gateway Offices, The Anchorage",Salford,Salford,M50 3YL,53.47477762119407,-2.2866158,Co-op location-services API,Food,True,Salford Quays,,False,False
CG-106019-0000,Co-operative Group,106019-0000,6019.0,Salford - Ordsall Lane,The Co-operative Group,Ordsall Lane,Salford,Salford,M5 4UB,53.473321,-2.268576,Co-op location-services API,Food,True,,,False,False
CG-105457-0000,Co-operative Group,105457-0000,5457.0,Manchester - Oxford Road,The Co-operative Group,Booth Street West,Manchester,Manchester,M13 9GP,53.468258,-2.235622,Co-op location-services API,Food,True,,,False,False
CG-108155-0000,Co-operative Group,108155-0000,8155.0,Skelmersdale - Westgate,The Co-operative Group,45-47 Westgate,Skelmersdale,Lancashire,WN8 8LP,53.5487399,-2.8044872,Co-op location-services API,Food,True,,,False,False
CG-108084-0000,Co-operative Group,108084-0000,8084.0,Up Holland - Ormskirk Road,The Co-operative Group,34 Ormskirk Road,Skelmersdale,Lancashire,WN8 0AG,53.5419688,-2.7295969,Co-op location-services API,Food,True,Upholland,,False,False
CG-105292-0000,Co-operative Group,105292-0000,5292.0,Sturry - Island Road,The Co-operative Group,1 Island Road,Canterbury,Kent,CT2 0EA,51.301513,1.122169,Co-op location-services API,Food,True,Sturry,,False,False
CG-108502-0000,Co-operative Group,108502-0000,8502.0,Totley - Baslow Road,The Co-operative Group,175 Baslow Road,Sheffield,Sheffield,S17 4DT,53.31572060000001,-1.5323413,Co-op location-services API,Food,True,Totley,,False,False
CG-106085-0000,Co-operative Group,106085-0000,6085.0,Salford - Middlewood Locks,The Co-operative Group,1 Lockgate Square,Salford,Salford,M5 4YU,53.479367,-2.262642,Co-op location-services API,Food,True,,,False,False
CG-107731-0000,Co-operative Group,107731-0000,7731.0,Tyldesley - The Gables Shopping Ctr,The Co-operative Group,Shopping Centre Stour Road,Manchester,Wigan,M29 7PX,53.510023,-2.458474,Co-op location-services API,Food,True,Astley  Tyldesley,,False,False
CG-105341-0000,Co-operative Group,105341-0000,5341.0,Salford - Chapel Street,The Co-operative Group,Unit 1 Vimto Gardens,Salford,Salford,M3 5JF,53.4831255,-2.2623538,Co-op location-services API,Food,True,Chapel Street,,False,False
CG-105625-0000,Co-operative Group,105625-0000,5625.0,Manchester - Bridge Street,The Co-operative Group,18-22 Bridge Street,Manchester,Manchester,M3 3BZ,53.48142,-2.25094,Co-op location-services API,Food,True,Spinningfields,,False,False
CG-105624-0000,Co-operative Group,105624-0000,5624.0,Manchester - Piccadilly,The Co-operative Group,Piccadilly Approach,Manchester,Manchester,M1 2GH,53.47848,-2.23163,Co-op location-services API,Food,True,,,False,False
CG-108497-0000,Co-operative Group,108497-0000,8497.0,Dronfield - Hartington Road,The Co-operative Group,Hartington Road,Dronfield,Derbyshire,S18 2LF,53.3051806,-1.4685908,Co-op location-services API,Food,True,,,False,False
CG-107933-0000,Co-operative Group,107933-0000,7933.0,Warsop - High Street,The Co-operative Group,13 High Street,Mansfield,Nottinghamshire,NG20 0AG,53.204846,-1.153112,Co-op location-services API,Lunar,True,Warsop,,False,False
CG-107659-0000,Co-operative Group,107659-0000,7659.0,Herne Bay - Sea Street,The Co-operative Group,98 Sea Street,Herne Bay,Kent,CT6 8QF,51.3663045,1.1109282,Co-op location-services API,Food,True,,,False,False
CG-108196-0000,Co-operative Group,108196-0000,8196.0,Ellenbrook - Morston Close,The Co-operative Group,Morston Close,Manchester,Salford,M28 1PB,53.511124,-2.413546,Co-op location-services API,Food,True,Worsley,,False,False
CG-106928-0000,Co-operative Group,106928-0000,6928.0,Manchester - High Street,The Co-operative Group,38 High Street,Manchester,Manchester,M4 1QB,53.48343839999999,-2.2387768,Co-op location-services API,Food,True,,,False,False
CG-108504-0000,Co-operative Group,108504-0000,8504.0,Dore - Devonshire Terrace Road,The Co-operative Group,Devonshire Terrace Road,Sheffield,Sheffield,S17 3EF,53.3272338,-1.5400935,Co-op location-services API,Food,True,Dore,,False,False
CG-104254-0000,Co-operative Group,104254-0000,4254.0,Ormskirk - Wigan Road,The Co-operative Group,52 Wigan Road,Ormskirk,Lancashire,L39 2AU,53.566683,-2.878356,Co-op location-services API,Food,True,,,False,False
CG-108397-0000,Co-operative Group,108397-0000,8397.0,Swinton - Worsley Road,The Co-operative Group,355 Worsley Road,Manchester,Salford,M27 0FJ,53.50372629999999,-2.3562223,Co-op location-services API,Food,True,Swinton  Salford,,False,False
CG-106881-0000,Co-operative Group,106881-0000,6881.0,Manchester - Corporation Street,The Co-operative Group,1 Balloon Street,Manchester,Manchester,M4 4BE,53.48587879999999,-2.2412633,Co-op location-services API,Food,True,,,False,False
CG-106048-0000,Co-operative Group,106048-0000,6048.0,Manchester - Blossom Street,The Co-operative Group,45-49 Blossom Street,Manchester,Manchester,M4 6AJ,53.485057,-2.227517,Co-op location-services API,Food,True,Ancoats,,False,False
CG-106063-0000,Co-operative Group,106063-0000,6063.0,Manchester - Angel Street,The Co-operative Group,4 Angel Street,Manchester,Manchester,M4 4HT,53.487468,-2.235564,Co-op location-services API,Food,True,,,False,False
CG-104323-0000,Co-operative Group,104323-0000,4323.0,Cheetham Hill - Cypress Place,The Co-operative Group,Cypress Place,Manchester,Manchester,M4 4EX,53.489567,-2.240421,Co-op location-services API,Food,True,Green Quarter,,False,False
CG-105511-0000,Co-operative Group,105511-0000,5511.0,Audenshaw - Stamford Road,The Co-operative Group,Stamford Road/Denton Road,Manchester,Tameside,M34 5DY,53.467392,-2.115629,Co-op location-services API,Food,True,Audenshaw,,False,False
CG-105190-0000,Co-operative Group,105190-0000,5190.0,Newark - Beacon Hill Road,The Co-operative Group,Beacon Hill Road,Newark,Nottinghamshire,NG24 2JG,53.075902,-0.793872,Co-op location-services API,Food,True,,,False,False
CG-103656-0000,Co-operative Group,103656-0000,3656.0,Eddington - Thanet Way,The Co-operative Group,Unit 1 Braid Drive,Eddington,Kent,CT6 5DZ,51.35865495262804,1.127163547282073,Co-op location-services API,Lunar,True,,,False,False
CG-107681-0000,Co-operative Group,107681-0000,7681.0,Simmondley - Pennine Road,The Co-operative Group,1 Pennine Road,Glossop,Derbyshire,SK13 6NN,53.44023019999999,-1.9701617,Co-op location-services API,Food,True,Simmondley,,False,False
CG-108628-0000,Co-operative Group,108628-0000,8628.0,Wigan - Woodhouse Lane,The Co-operative Group,2 Springfield Garage,Wigan,Wigan,WN6 7LW,53.55106559999999,-2.6481552,Co-op location-services API,Food,True,Woodhouse Lane,,False,False
CG-105809-0000,Co-operative Group,105809-0000,5809.0,Isleham - West Street,The Co-operative Group,2 West Street,Ely,Cambridgeshire,CB7 5SB,52.34205009999999,0.4094485,Co-op location-services API,Food,True,Isleham,,False,False
CG-105158-0000,Co-operative Group,105158-0000,5158.0,Hyde - Talbot Road,The Co-operative Group,Talbot Road,Hyde,Tameside,SK14 4EQ,53.4636472,-2.0538823,Co-op location-services API,Food,True,,,False,False
CG-104908-0000,Co-operative Group,104908-0000,4908.0,Edwinstowe - High Street,The Co-operative Group,High Street,Mansfield,Nottinghamshire,NG21 9QS,53.1934296,-1.0639853,Co-op location-services API,Food,True,Edwinstowe,,False,False
CG-108634-0000,Co-operative Group,108634-0000,8634.0,Dukinfield - Fir Tree Lane,The Co-operative Group,4 Fir Tree Lane,Dukinfield,Tameside,SK16 5FW,53.47365599999999,-2.067204299999999,Co-op location-services API,Food,True,,,False,False
CG-108085-0000,Co-operative Group,108085-0000,8085.0,Shevington - Gathurst Lane,The Co-operative Group,Gathurst Lane,Wigan,Wigan,WN6 8HA,53.57077,-2.69508,Co-op location-services API,Food,True,Shevington,,False,False
CG-104597-0000,Co-operative Group,104597-0000,4597.0,Aylesham - Market Place,The Co-operative Group,Market Place,Canterbury,Kent,CT3 3DY,51.2257275,1.2008052,Co-op location-services API,Food,True,Aylesham,,False,False
CG-109206-0000,Co-operative Group,109206-0000,9206.0,Ainsdale - Station Road,The Co-operative Group,Station Road,Southport,Sefton,PR8 3HR,53.6021402,-3.0359448,Co-op location-services API,Food,True,Ainsdale,,False,False
CG-105905-0000,Co-operative Group,105905-0000,5905.0,Littleport - Main Street,The Co-operative Group,30 Main Street,Ely,Cambridgeshire,CB6 1PJ,52.45679179999999,0.306139,Co-op location-services API,Food,True,Littleport,,False,False
CG-107458-0000,Co-operative Group,107458-0000,7458.0,Herne Bay - Reculver Road,The Co-operative Group,152-154 Reculver Road,Herne Bay,Kent,CT6 6PL,51.3707154,1.156476,Co-op location-services API,Food,True,Beltinge,,False,False
CG-104256-0000,Co-operative Group,104256-0000,4256.0,Sudbury - Canhams Road,The Co-operative Group,Canhams Road,Sudbury,Suffolk,CO10 0ER,52.0288383,0.7550164,Co-op location-services API,Food,True,Great Cornard,,False,False
CG-108586-0000,Co-operative Group,108586-0000,8586.0,Creswell - Elmton Road,The Co-operative Group,80-82 Elmton Road,Worksop,Derbyshire,S80 4DD,53.261965,-1.218539,Co-op location-services API,Food,True,Creswell,,False,False
CG-104300-0000,Co-operative Group,104300-0000,4300.0,Ancaster - Ermine Street,The Co-operative Group,139 Ermine Street,Grantham,Lincolnshire,NG32 3QN,52.9894428,-0.5330315999999999,Co-op location-services API,Food,True,Ancaster,,False,False
CG-108396-0000,Co-operative Group,108396-0000,8396.0,Farnworth - Highfield Road,The Co-operative Group,245 Highfield Road,Bolton,Bolton,BL4 0NX,53.5466548,-2.4275796,Co-op location-services API,Lunar,True,Farnworth,,False,False
CG-108506-0000,Co-operative Group,108506-0000,8506.0,Fulwood - Brooklands Avenue,The Co-operative Group,2 Brooklands Avenue,Sheffield,Sheffield,S10 4GA,53.36401540000001,-1.5456208,Co-op location-services API,Food,True,,,False,False
CG-106947-0000,Co-operative Group,106947-0000,6947.0,Billingborough - High Street,The Co-operative Group,34 High Street,Sleaford,Lincolnshire,NG34 0QA,52.8937465,-0.3419176999999999,Co-op location-services API,Food,True,Billingborough,,False,False
CG-107668-0000,Co-operative Group,107668-0000,7668.0,Shepherdswell - Eythorne Road,The Co-operative Group,1 Eyethorne Road,Dover,Kent,CT15 7NU,51.1868023,1.2296949,Co-op location-services API,Lunar,True,Shepherdswell,,False,False
CG-105135-0000,Co-operative Group,105135-0000,5135.0,Aspull - Haigh Road,The Co-operative Group,134 Haigh Road,Wigan,Wigan,WN2 1XH,53.56954219999999,-2.5864332,Co-op location-services API,Food,True,Aspull,,False,False
CG-106201-0000,Co-operative Group,106201-0000,6201.0,Parbold - Station Road,The Co-operative Group,1 Station Road,Parbold,Lancashire,WN8 7NU,53.59055473617086,-2.770580251556769,Co-op location-services API,Food,True,,,False,False
CG-105597-0000,Co-operative Group,105597-0000,5597.0,Woodseats - Derbyshire Lane,The Co-operative Group,229 Derbyshire Lane,Sheffield,Sheffield,S8 8SD,53.345226,-1.471479,Co-op location-services API,Food,True,Woodseats,,False,False
CG-108512-0000,Co-operative Group,108512-0000,8512.0,Gleadless - Constable Road,The Co-operative Group,38 Constable Road,Sheffield,Sheffield,S14 1BA,53.3404736,-1.4500448,Co-op location-services API,Food,True,Gleadless,,False,False
CG-108083-0000,Co-operative Group,108083-0000,8083.0,Standish - Pole Street,The Co-operative Group,Pole Street,Wigan,Wigan,WN6 0HP,53.5870105,-2.6633065,Co-op location-services API,Food,True,Standish,,False,False
CG-109295-0000,Co-operative Group,109295-0000,9295.0,Sheffield - Ecclesall Road,The Co-operative Group,849 Ecclesall Road,Sheffield,Sheffield,S11 8SD,53.3647114,-1.5070843,Co-op location-services API,Food,True,,,False,False
CG-109297-0000,Co-operative Group,109297-0000,9297.0,Gleadless - White Lane,The Co-operative Group,White Lane,Sheffield,Sheffield,S12 3GH,53.34304,-1.421337,Co-op location-services API,Food,True,Gleadless,,False,False
CG-108079-0000,Co-operative Group,108079-0000,8079.0,Bolton - Wigan Road,The Co-operative Group,383 Wigan Road,Bolton,Bolton,BL3 4QJ,53.5668878,-2.4653719,Co-op location-services API,Lunar,True,,,False,False
CG-108496-0000,Co-operative Group,108496-0000,8496.0,Gleadless - Gleadless Road,The Co-operative Group,282-292 Gleadless Road,Sheffield,Sheffield,S2 3AJ,53.35928990000001,-1.4635741,Co-op location-services API,Food,True,Gleadless,,False,False
CG-108842-0000,Co-operative Group,108842-0000,8842.0,Whitwell - Spring Street,The Co-operative Group,Spring Street,Whitwell,Derbyshire,S80 4RT,53.2839695,-1.2058776,Co-op location-services API,Food,True,Worksop,,False,False
CG-156189-SPET,Co-operative Group,156189-SPET,6189.0,Birley Moor Road,The Co-operative Group,Birley Moor Road,Sheffield,Sheffield,S12 4WD,53.3470968964764,-1.3983314,Co-op location-services API,Food/Petrol,True,,,False,False
CG-106710-0000,Co-operative Group,106710-0000,6710.0,River - Lower Road,The Co-operative Group,72 Lower Road,Dover,Kent,CT17 0RD,51.1449741,1.2773263,Co-op location-services API,Food,True,River,,False,False
CG-108572-0000,Co-operative Group,108572-0000,8572.0,Sheffield - Northern Avenue,The Co-operative Group,137 Northern Avenue,Sheffield,Sheffield,S2 2EJ,53.35967729999999,-1.4375714,Co-op location-services API,Food,True,,,False,False
CG-103761-0000,Co-operative Group,103761-0000,3761.0,Maxton - Folkestone Road,The Co-operative Group,367-375 Folkestone Road,Dover,Kent,CT17 9JR,51.120274176865856,1.2900130782616104,Co-op location-services API,Food,True,Maxton,,False,False
CG-105217-0000,Co-operative Group,105217-0000,5217.0,Horwich - Chorley New Road,The Co-operative Group,Chorley New Road,Bolton,Bolton,BL6 6JZ,53.5894886,-2.533386,Co-op location-services API,Food,True,Horwich,,False,False
CG-108573-0000,Co-operative Group,108573-0000,8573.0,Stannington - Stannington Road,The Co-operative Group,646-648 Stannington Road,Sheffield,Sheffield,S6 6AE,53.39365799999999,-1.5403411,Co-op location-services API,Food,True,Stannington,,False,False
CG-105354-0000,Co-operative Group,105354-0000,5354.0,Broomhall - Glossop Road,The Co-operative Group,2 Clarkson Street,Sheffield,Sheffield,S10 2TQ,53.379594,-1.488936,Co-op location-services API,Food,True,,,False,False
CG-108581-0000,Co-operative Group,108581-0000,8581.0,Sheffield - Crookes,The Co-operative Group,196-198 Crookes,Sheffield,Sheffield,S10 1TG,53.38539540000001,-1.5080356,Co-op location-services API,Food,True,,,False,False
CG-105342-0000,Co-operative Group,105342-0000,5342.0,Stannington - Oldfield Road,The Co-operative Group,2 Oldfield Road,Sheffield,Sheffield,S6 6DT,53.392365,-1.532833,Co-op location-services API,Food,True,Stannington,,False,False
CG-108786-0000,Co-operative Group,108786-0000,8786.0,Unsworth - Parr Lane,The Co-operative Group,376 Parr Lane,Bury,Bury,BL9 8LU,53.5559351,-2.2820564,Co-op location-services API,Food,True,,,False,False
CG-105687-0000,Co-operative Group,105687-0000,5687.0,Dover - Crabble Hill,The Co-operative Group,Crabble Hill,Dover,Kent,CT17 0SU,51.137842777778,1.294808611111,Co-op location-services API,Food,True,,,False,False
CG-108568-0000,Co-operative Group,108568-0000,8568.0,Richmond - Richmond Road,The Co-operative Group,449 Richmond Road,Sheffield,Sheffield,S13 8LU,53.361735,-1.406019,Co-op location-services API,Food,True,,,False,False
CG-108078-0000,Co-operative Group,108078-0000,8078.0,Horwich - Winter Hey Lane,The Co-operative Group,75-81 Winter Hey Lane,Bolton,Bolton,BL6 7PA,53.59848900000001,-2.5485783,Co-op location-services API,Lunar,True,Horwich,,False,False
CG-105483-0000,Co-operative Group,105483-0000,5483.0,Sheffield - Broad Lane,The Co-operative Group,Broad Lane,Sheffield,Sheffield,S1 4FA,53.3831148,-1.4775056,Co-op location-services API,Food,True,,,False,False
CG-108321-0000,Co-operative Group,108321-0000,8321.0,Mossley - Arundel Street,The Co-operative Group,23 Arundel Street,Ashton-Under-Lyne,Tameside,OL5 0LS,53.518709,-2.0477157,Co-op location-services API,Food,True,Mossley,,False,False
CG-103608-0000,Co-operative Group,103608-0000,3608.0,Whitfield - Archers Court Road,The Co-operative Group,82 Archers Court Road,Dover,Kent,CT16 3HU,51.15995788405942,1.2998180452058226,Co-op location-services API,Food,True,Whitfield,,False,False
CG-108577-0000,Co-operative Group,108577-0000,8577.0,Woodhouse - Chapel Street,The Co-operative Group,38 Chapel Street,Sheffield,Sheffield,S13 7JN,53.3590294,-1.3742839,Co-op location-services API,Food,True,Woodhouse,,False,False
CG-108571-0000,Co-operative Group,108571-0000,8571.0,Sheffield - Manor Park Centre,The Co-operative Group,40 Manor Park Centre,Sheffield,Sheffield,S2 1WE,53.3752389,-1.4294189,Co-op location-services API,Food,True,,,False,False
CG-108578-0000,Co-operative Group,108578-0000,8578.0,Beighton - Manvers Road,The Co-operative Group,98 Manvers Road,Sheffield,Sheffield,S20 1AY,53.3492218,-1.3412783,Co-op location-services API,Lunar,True,Beighton,,False,False
CG-105593-0000,Co-operative Group,105593-0000,5593.0,Sleaford - Stump Cross Hill,The Co-operative Group,Stump Hill Cross,Sleaford,Lincolnshire,NG34 7WE,52.989385,-0.419934,Co-op location-services API,Food,True,,,False,False
CG-108151-0000,Co-operative Group,108151-0000,8151.0,Coppull - Spendmore Lane,The Co-operative Group,195 Spendmore Lane,Chorley,Lancashire,PR7 5BY,53.6214826,-2.6629112,Co-op location-services API,Food,True,Coppull,,False,False
CG-105485-0000,Co-operative Group,105485-0000,5485.0,Bolton - Tonge Moor Road,The Co-operative Group,190 Tonge Moor Road,Bolton,Bolton,BL2 2HN,53.5906045,-2.4123242,Co-op location-services API,Food,True,,,False,False
CG-108432-0000,Co-operative Group,108432-0000,8432.0,Adlington - Bolton Road,The Co-operative Group,Bolton Road,Chorley,Lancashire,PR6 9NA,53.617092,-2.596113,Co-op location-services API,Food,True,Adlington,,False,False
CG-105261-0000,Co-operative Group,105261-0000,5261.0,Upwell - Town Street,The Co-operative Group,Town Street,WISBECH,Norfolk,PE14 9AF,52.6056336154028,0.2271682748499566,Co-op location-services API,Food,True,Upwell,,False,False
CG-108625-0000,Co-operative Group,108625-0000,8625.0,Chadderton - Cathedral Road,The Co-operative Group,90 Cathedral Road,Oldham,Oldham,OL9 0RG,53.5531732,-2.1543214,Co-op location-services API,Food,True,Chadderton,,False,False
CG-105858-0000,Co-operative Group,105858-0000,5858.0,Kiveton Park - Chapel Way,The Co-operative Group,Chapel Way,Sheffield,Rotherham,S26 6QU,53.3401905,-1.2703887,Co-op location-services API,Food,True,Kiverton Park,,False,False
CG-108819-0000,Co-operative Group,108819-0000,8819.0,Grotton - Oldham Road,The Co-operative Group,Oldham Road,Oldham,Oldham,OL4 5SE,53.5374411,-2.054635,Co-op location-services API,Food,True,Grotton,,False,False
CG-108629-0000,Co-operative Group,108629-0000,8629.0,Bury - Mile Lane,The Co-operative Group,78 Mile Lane,Bury,Bury,BL8 2JR,53.5880321,-2.335639500000001,Co-op location-services API,Food,True,,,False,False
CG-105461-0000,Co-operative Group,105461-0000,5461.0,Churchtown - Cambridge Road,The Co-operative Group,142 Cambridge Road,Southport,Sefton,PR9 9RZ,53.66193,-2.96631,Co-op location-services API,Lunar,True,Churchtown,,False,False
CG-105883-0000,Co-operative Group,105883-0000,5883.0,Lavenham - 80A High Street,The Co-operative Group,80a High Street,Sudbury,Suffolk,CO10 9PT,52.1094679,0.7954059000000001,Co-op location-services API,Lunar,True,Lavenham,,False,False
CG-108580-0000,Co-operative Group,108580-0000,8580.0,Swallownest - Main Street,The Co-operative Group,Main Street,Sheffield,Rotherham,S26 4TZ,53.363291,-1.321847,Co-op location-services API,Food,True,Swallownest,,False,False
CG-105594-0000,Co-operative Group,105594-0000,5594.0,Oughtibridge - Langsett Road South,The Co-operative Group,145-149 Langsett Road South,Sheffield,Sheffield,S35 0GY,53.432423,-1.533491,Co-op location-services API,Food,True,Oughtibridge,,False,False
CG-109211-0000,Co-operative Group,109211-0000,9211.0,Marshside - Fylde Rd,The Co-operative Group,117 Fylde Road,Southport,Sefton,PR9 9XL,53.67176850000001,-2.9645029,Co-op location-services API,Food,True,Marsh Side,,False,False
CG-108566-0000,Co-operative Group,108566-0000,8566.0,Southey Green - Southey Green Road,The Co-operative Group,261-263 Southey Green Road,Sheffield,Sheffield,S5 7QB,53.418572,-1.479762,Co-op location-services API,Food,True,,,False,False
CG-109272-0000,Co-operative Group,109272-0000,9272.0,Royton - Rochdale Road,The Co-operative Group,Rochdale Road,Oldham,Oldham,OL2 5PT,53.5655621,-2.122566,Co-op location-services API,Food,True,Royton,,False,False
CG-108442-0000,Co-operative Group,108442-0000,8442.0,Bromley Cross - Darwen Road,The Co-operative Group,196 Darwen Road,Bolton,Bolton,BL7 9JJ,53.6152817,-2.4191082,Co-op location-services API,Food,True,Bromley Cross,,False,False
CG-108420-0000,Co-operative Group,108420-0000,8420.0,Uppermill - High Street,The Co-operative Group,66 High Street,Oldham,Oldham,OL3 6AW,53.5478633,-2.0058825,Co-op location-services API,Food,True,Upermill,,False,False
CG-108262-0000,Co-operative Group,108262-0000,8262.0,Moorside - Ripponden Road,The Co-operative Group,Ripponden Road,Oldham,Oldham,OL4 2LN,53.561903,-2.0756257,Co-op location-services API,Food,True,Moorside,,False,False
CG-105868-0000,Co-operative Group,105868-0000,5868.0,Lakenheath - High Street,The Co-operative Group,46-50 High Street,Brandon,Suffolk,IP27 9DS,52.4166822,0.5183702,Co-op location-services API,Food,True,Lakenheath,,False,False
CG-108355-0000,Co-operative Group,108355-0000,8355.0,Bury - Walmersley Road,The Co-operative Group,184 Walmersley Road,Bury,Bury,BL9 6LL,53.60239300000001,-2.2904771,Co-op location-services API,Food,True,,,False,False
CG-103671-0000,Co-operative Group,103671-0000,3671.0,Banks - Hoole Lane,The Co-operative Group,1 Hoole Lane,Southport,Lancashire,PR9 8BD,53.68104882133045,-2.9242836313798675,Co-op location-services API,Food,True,Banks,,False,False
CG-108429-0000,Co-operative Group,108429-0000,8429.0,Tottington - Market Street,The Co-operative Group,17 Market Street,Bury,Bury,BL8 4AA,53.6148062,-2.3411236,Co-op location-services API,Lunar,True,Tottington,,False,False
CG-108204-0000,Co-operative Group,108204-0000,8204.0,Castleton - Grosvenor Street,The Co-operative Group,1-3 Grosvenor Street,Rochdale,Rochdale,OL11 2SU,53.58982049999999,-2.1761954,Co-op location-services API,Food,True,Castleton,,False,False
CG-108622-0000,Co-operative Group,108622-0000,8622.0,Tarleton - Church Road,The Co-operative Group,71 Church Road,Preston,Lancashire,PR4 6UP,53.6784379,-2.8321707,Co-op location-services API,Food,True,Tarleton,,False,False
CG-106736-0000,Co-operative Group,106736-0000,6736.0,Sandwich - Moat Sole,The Co-operative Group,Moat Sole Road,Sandwich,Kent,CT13 9AL,51.2748729,1.3369201,Co-op location-services API,Food,True,,,False,False
CG-108421-0000,Co-operative Group,108421-0000,8421.0,Delph - King Street,The Co-operative Group,22-24 King Street,Oldham,Oldham,OL3 5DQ,53.5677361,-2.0235524,Co-op location-services API,Food,True,Delph,,False,False
CG-109964-0000,Co-operative Group,109964-0000,9964.0,Birchington - 78-80 Station Road,The Co-operative Group,78-80 Station Road,Birchington,Kent,CT7 9RA,51.376083,1.303798,Co-op location-services API,Food,True,,,False,False
CG-104648-0000,Co-operative Group,104648-0000,4648.0,Birchington - 54-56 Station Road,The Co-operative Group,54-56 Station Road,Birchington,Kent,CT7 9RA,51.375398,1.3046459,Co-op location-services API,Food,True,,,False,False
CG-108560-0000,Co-operative Group,108560-0000,8560.0,Ecclesfield - High Street,The Co-operative Group,149 High Street,Sheffield,Sheffield,S35 9UA,53.4388671,-1.4637375,Co-op location-services API,Food,True,Ecclesfield,,False,False
CG-108428-0000,Co-operative Group,108428-0000,8428.0,Greenmount - Vernon Road,The Co-operative Group,2 Vernon Road,Bury,Bury,BL8 4DD,53.625177,-2.329466,Co-op location-services API,Food,True,Greenmount,,False,False
CG-106957-0000,Co-operative Group,106957-0000,6957.0,Laughton Common - Rotherham Road,The Co-operative Group,Outgang Lane & Rotherham Road,Dinnington,Rotherham,S25 3RG,53.378513,-1.2316157,Co-op location-services API,Food,True,Laughton Common,,False,False
CG-108582-0000,Co-operative Group,108582-0000,8582.0,Stocksbridge - Johnson Street,The Co-operative Group,Johnson Street,Sheffield,Sheffield,S36 1BX,53.48284819999999,-1.5962778,Co-op location-services API,Food,True,Stocksbridge,,False,False
CG-108286-0000,Co-operative Group,108286-0000,8286.0,Holcombe Brook - Longsight Road,The Co-operative Group,Longsight Road,Bury,Bury,BL0 9SH,53.6326754,-2.334435,Co-op location-services API,Food,True,Holcombe Brook,,False,False
CG-107436-0000,Co-operative Group,107436-0000,7436.0,Mill Hill - Beauchamp Avenue,The Co-operative Group,Beauchamp Avenue,Deal,Kent,CT14 9EZ,51.211929,1.383634,Co-op location-services API,Food,True,Mill Hill,,False,False
CG-108266-0000,Co-operative Group,108266-0000,8266.0,Whiston - Worrygoose Lane,The Co-operative Group,1-3 Worry Goose Lane,Rotherham,Rotherham,S60 4AA,53.4127546,-1.3210045,Co-op location-services API,Food,True,,,False,False
CG-105484-0000,Co-operative Group,105484-0000,5484.0,Chapeltown - Bevan Way,The Co-operative Group,2 Bevan Way,Sheffield,Sheffield,S35 1RP,53.461651,-1.481947,Co-op location-services API,Food,True,Chapeltown,,False,False
CG-107596-0000,Co-operative Group,107596-0000,7596.0,Thurcroft - Woodhouse Green,The Co-operative Group,Woodhouse Green,Rotherham,Rotherham,S66 9AQ,53.3969529,-1.2580461,Co-op location-services API,Lunar,True,Thurcroft,,False,False
CG-108564-0000,Co-operative Group,108564-0000,8564.0,Kimberworth - Grange View Road,The Co-operative Group,2-4 Grange View Road,Rotherham,Rotherham,S61 2AG,53.4394623,-1.4000707,Co-op location-services API,Food,True,,,False,False
CG-107362-0000,Co-operative Group,107362-0000,7362.0,Deal - Mill Road,The Co-operative Group,The Lord Warden,Deal,Kent,CT14 9BE,51.2154139,1.3902922,Co-op location-services API,Food,True,Hamilton Road,,False,False
CG-108619-0000,Co-operative Group,108619-0000,8619.0,Leyland - Dunkirk Lane,The Co-operative Group,Dunkirk Lane,Leyland,Lancashire,PR26 7SN,53.6920733,-2.7313022,Co-op location-services API,Food,True,,,False,False
CG-109282-0000,Co-operative Group,109282-0000,9282.0,Rochdale - Edenfield Road,The Co-operative Group,315-317 Cutgate Shopping Centre,Rochdale,Rochdale,OL11 5AQ,53.6224403,-2.1891345,Co-op location-services API,Food,True,Edenfield Road,,False,False
CG-109967-0000,Co-operative Group,109967-0000,9967.0,Westgate-On-Sea - Station Road,The Co-operative Group,17-19 Station Road,Westgate-On-Sea,Kent,CT8 8RB,51.3816761,1.3398952,Co-op location-services API,Food,True,,,False,False
CG-105752-0000,Co-operative Group,105752-0000,5752.0,High Green - Greengate Lane,The Co-operative Group,Greengate Lane,Sheffield,Sheffield,S35 3GT,53.4688767,-1.4873057,Co-op location-services API,Lunar,True,High Green  Mortomley,,False,False
CG-189200-0000,Co-operative Group,189200-0000,8422.0,Norden - Edenfield Road,The Co-operative Group,645 Edenfield Road,Rochdale,Rochdale,OL11 5XE,53.6266441,-2.2101232,Co-op location-services API,Lunar,True,Norden,,False,False
CG-109266-0000,Co-operative Group,109266-0000,9266.0,Milnrow - Dale Street,The Co-operative Group,Dale Street,Rochdale,Rochdale,OL16 3LG,53.6099531,-2.1107199,Co-op location-services API,Food,True,Milnrow,,False,False
CG-108222-0000,Co-operative Group,108222-0000,8222.0,Rochdale - Rooley Moor Road,The Co-operative Group,249-251 Rooley Moor Road,Rochdale,Rochdale,OL12 7EA,53.626433,-2.1809054,Co-op location-services API,Food,True,,,False,False
CG-105316-0000,Co-operative Group,105316-0000,5316.0,Whittle-le-Woods - Chorley Old Road,The Co-operative Group,144 Chorley Old Road,Chorley,Lancashire,PR6 7LR,53.691934,-2.634563,Co-op location-services API,Lunar,True,Whittle-le-Woods,,False,False
CG-108219-0000,Co-operative Group,108219-0000,8219.0,Wickersley - Bawtry Road,The Co-operative Group,188 Bawtry Road,Rotherham,Rotherham,S66 1AA,53.4206161,-1.285388,Co-op location-services API,Food,True,Tanyard Shopping Prect,,False,False
CG-106611-0000,Co-operative Group,106611-0000,6611.0,Ordsall - Wellbeck Road,The Co-operative Group,2 Welbeck Road,Retford,Nottinghamshire,DN22 7RW,53.3087032,-0.9484233,Co-op location-services API,Food,True,,,False,False
CG-108557-0000,Co-operative Group,108557-0000,8557.0,Greasbrough - Fenton Road,The Co-operative Group,1 Fenton Road,Rotherham,Rotherham,S61 4RD,53.4533487,-1.3738113,Co-op location-services API,Food,True,Greasbrough,,False,False
CG-104338-0000,Co-operative Group,104338-0000,4338.0,North Hykeham - Severus Crescent,The Co-operative Group,Severus Crescent,Lincoln,Lincolnshire,LN6 9YH,53.1781778,-0.601668,Co-op location-services API,Food,True,North Hykeham,,False,False
CG-106634-0000,Co-operative Group,106634-0000,6634.0,Penistone - Market Street,The Co-operative Group,26 Market Street,Sheffield,Barnsley,S36 6BZ,53.525226,-1.631029,Co-op location-services API,Food,True,Penistone,,False,False
CG-105649-0000,Co-operative Group,105649-0000,5649.0,Thurston - Station Hill,The Co-operative Group,Station Hill,Bury St Edmunds,Suffolk,IP31 3QU,52.250202,0.809668,Co-op location-services API,Food,True,Thurston,,False,False
CG-108585-0000,Co-operative Group,108585-0000,8585.0,Sunnyside - Fern Court,The Co-operative Group,Unit 1,Rotherham,Rotherham,S66 3ZT,53.435641,-1.278826,Co-op location-services API,Food,True,Sunnyside,,False,False
CG-107253-0000,Co-operative Group,107253-0000,7253.0,Marsden - Peel Street,The Co-operative Group,6 Peel Street,Huddersfield,Kirklees,HD7 6BR,53.60121940000001,-1.927333600000001,Co-op location-services API,Food,True,Marsden,,False,False
CG-105773-0000,Co-operative Group,105773-0000,5773.0,Holmfirth - Market Street,The Co-operative Group,Market Street,Huddersfield,Kirklees,HD9 7AX,53.5726334,-1.7847137,Co-op location-services API,Food,True,Holmfirth,,False,False
CG-107892-0000,Co-operative Group,107892-0000,7892.0,Ramsgate - Grange Road,The Co-operative Group,Grange Road,Ramsgate,Kent,CT11 9NA,51.3306661,1.407394,Co-op location-services API,Food,True,,,False,False
CG-108220-0000,Co-operative Group,108220-0000,8220.0,Hoyland - Hoyland Road,The Co-operative Group,Hoyland Road,Barnsley,Barnsley,S74 0NE,53.4974083,-1.4644136,Co-op location-services API,Food,True,Hoyland,,False,False
CG-105857-0000,Co-operative Group,105857-0000,5857.0,Kirton - Station Road,The Co-operative Group,18 Station Road,Boston,Lincolnshire,PE20 1EE,52.92816740000001,-0.0572475,Co-op location-services API,Food,True,Kirton,,False,False
CG-105777-0000,Co-operative Group,105777-0000,5777.0,Honley - Westgate,The Co-operative Group,18 Westgate,Huddersfield,Kirklees,HD9 6AA,53.5921962,-1.8492276,Co-op location-services API,Food,True,Honley  Holmfirth,,False,False
CG-107365-0000,Co-operative Group,107365-0000,7365.0,Meltham - Huddersfield Road,The Co-operative Group,18-24 Huddersfield Road,Huddersfield,Kirklees,HD9 4AE,53.5921962,-1.8492275,Co-op location-services API,Food,True,Meltham,,False,False
CG-105132-0000,Co-operative Group,105132-0000,5132.0,Lostock Hall - Watkin Lane,The Co-operative Group,35 Watkin Lane,Preston,Lancashire,PR5 5RE,53.725767,-2.690687,Co-op location-services API,Lunar,True,Lostock Hall,,False,False
CG-105904-0000,Co-operative Group,105904-0000,5904.0,Littleborough - Station Road,The Co-operative Group,Station Road,Rochdale,Rochdale,OL15 8AF,53.6429866,-2.0955568,Co-op location-services API,Food,True,Littleborough,,False,False
CG-108423-0000,Co-operative Group,108423-0000,8423.0,Whitworth - Market Street,The Co-operative Group,1 Thorneylea Road,Rochdale,Lancashire,OL12 8QY,53.661384,-2.172763,Co-op location-services API,Food,True,Off Market Street,,False,False
CG-108179-0000,Co-operative Group,108179-0000,8179.0,Lytham St Annes - Headroomgate Road,The Co-operative Group,99 Headroomgate Road,Lytham St Annes,Lancashire,FY8 3BG,53.7620721,-3.0243764,Co-op location-services API,Food,True,,,False,False
CG-108091-0000,Co-operative Group,108091-0000,8091.0,Penwortham - Pope Lane,The Co-operative Group,79 Pope Lane,Preston,Lancashire,PR1 9BY,53.7369852,-2.719869499999999,Co-op location-services API,Food,True,Penwortham,,False,False
CG-104204-0000,Co-operative Group,104204-0000,4204.0,Ansdell - Woodlands Road,The Co-operative Group,38-40 Woodlands Road,Lytham St. Annes,Lancashire,FY8 4ER,53.76242099999999,-3.024384,Co-op location-services API,Food,True,Ansdell,,False,False
CG-104696-0000,Co-operative Group,104696-0000,4696.0,St Peters - Hopeville Avenue,The Co-operative Group,Hopeville Avenue,Broadstairs,Kent,CT10 2TR,51.3657324,1.4189438,Co-op location-services API,Food,True,St. Peters,,False,False
CG-105257-0000,Co-operative Group,105257-0000,5257.0,Bamber Bridge - Chorley Road,The Co-operative Group,Chorley Road,Preston,Lancashire,PR5 4JS,53.74217090053798,-2.67062753,Co-op location-services API,Food,True,Walton-le-Dale,,False,False
CG-107323-0000,Co-operative Group,107323-0000,7323.0,Cliftonville - Summerfield Road,The Co-operative Group,1-5 Summerfield Road,Margate,Kent,CT9 3EZ,51.38653509999999,1.4241145,Co-op location-services API,Food,True,Cliftonville,,False,False
CG-108859-0000,Co-operative Group,108859-0000,8859.0,Broadstairs - High Street,The Co-operative Group,94 High Street,Broadstairs,Kent,CT10 1JJ,51.3595392,1.4376691,Co-op location-services API,Food,True,,,False,False
CG-106785-0000,Co-operative Group,106785-0000,6785.0,Slaithwaite - Lewisham Road,The Co-operative Group,Lewisham Road,Huddersfield,Kirklees,HD7 5AL,53.623403,-1.8797607,Co-op location-services API,Food,True,Slaithwaite,,False,False
CG-108263-0000,Co-operative Group,108263-0000,8263.0,Blackburn - Livesey Branch Road,The Co-operative Group,Livesey Branch Road,Blackburn,Blackburn With Darwen,BB2 4QL,53.727777,-2.503137,Co-op location-services API,Food,True,,,False,False
CG-108424-0000,Co-operative Group,108424-0000,8424.0,Waterfoot - Bacup Road,The Co-operative Group,695-699 Bacup Road,Rossendale,Lancashire,BB4 7HB,53.692495,-2.2545338,Co-op location-services API,Food,True,,,False,False
CG-108357-0000,Co-operative Group,108357-0000,8357.0,Haslingden - John Street,The Co-operative Group,2 John Street,Rossendale,Lancashire,BB4 5QB,53.7063827,-2.3267793,Co-op location-services API,Food,True,Haslingden,,False,False
CG-106849-0000,Co-operative Group,106849-0000,6849.0,Swinton - Station Street,The Co-operative Group,71 Station Street,Mexborough,Rotherham,S64 8PZ,53.48689149999999,-1.3130747,Co-op location-services API,Food,True,Swinton,,False,False
CG-156320-0000,Co-operative Group,156320-0000,6320.0,Wyberton - Coney Way,The Co-operative Group,Coney Way,Boston,Lincolnshire,PE21 7HW,52.95594406597636,-0.0377633640173763,Co-op location-services API,Petrol No BWS,True,Wyberton,,False,False
CG-105513-0000,Co-operative Group,105513-0000,5513.0,Blackpool - Highfield Road,The Co-operative Group,Highfield Gardens,Blackpool,Blackpool,FY4 5AP,53.78971,-3.02284,Co-op location-services API,Food,True,Highfield Road,,False,False
CG-156301-SPET,Co-operative Group,156301-SPET,6301.0,Wherstead,The Co-operative Group,A137 From the Strand,Ipswich,Suffolk,IP2 8NW,52.00648425412577,1.1088911192832387,Co-op location-services API,Petrol No BWS,True,Wherstead,,False,False
CG-108358-0000,Co-operative Group,108358-0000,8358.0,Kirkham - Market Square,The Co-operative Group,4 Market Square,Preston,Lancashire,PR4 2SD,53.7828708,-2.8716401,Co-op location-services API,Food,True,Kirkham,,False,False
CG-106782-0000,Co-operative Group,106782-0000,6782.0,Skelmanthorpe - Commercial Road,The Co-operative Group,38 Commercial Road,Huddersfield,Kirklees,HD8 9DA,53.5915447,-1.6508082,Co-op location-services API,Food,True,Skelmanthorpe,,False,False
CG-104983-0000,Co-operative Group,104983-0000,4983.0,Golcar - Town End,The Co-operative Group,119 Town End,Huddersfield,Kirklees,HD7 4QA,53.63990889999999,-1.8560902,Co-op location-services API,Food,True,Golcar,,False,False
CG-106956-0000,Co-operative Group,106956-0000,6956.0,Mexborough - Adwick Road,The Co-operative Group,"Unit 1, 28 Adwick Road",Mexborough,Doncaster,S64 0DB,53.495583,-1.282032,Co-op location-services API,Food,True,,,False,False
CG-108033-0000,Co-operative Group,108033-0000,8033.0,Wesham - Weeton Road,The Co-operative Group,76-78 Weeton Road,Preston,Lancashire,PR4 3BQ,53.78949679999999,-2.886552599999999,Co-op location-services API,Food,True,Wesham,,False,False
CG-104230-0000,Co-operative Group,104230-0000,4230.0,Kirkburton - North Road,The Co-operative Group,64 North Road,Huddersfield,Kirklees,HD8 0RW,53.610683,-1.703006,Co-op location-services API,Lunar,True,Kirkburton,,False,False
CG-108092-0000,Co-operative Group,108092-0000,8092.0,Ingol - Ventnor Place,The Co-operative Group,15-17 Granton Walk,Preston,Lancashire,PR2 3YX,53.78044699999999,-2.7427222,Co-op location-services API,Food,True,Ingol,,False,False
CG-106093-0000,Co-operative Group,106093-0000,6093.0,Fulwood - Garstang Road,The Co-operative Group,166 Garstang Road,Preston,Lancashire,PR2 8NB,53.777388,-2.709352,Co-op location-services API,Lunar,True,Fulwood,,False,False
CG-103669-0000,Co-operative Group,103669-0000,3669.0,Cottam - Merry Trees Lane,The Co-operative Group,Merry Trees Lane,Preston,Lancashire,PR4 0NP,53.78404255674542,-2.7616448373395364,Co-op location-services API,Food,True,Cottam,,False,False
CG-108268-0000,Co-operative Group,108268-0000,8268.0,Golcar - Leymoor Road,The Co-operative Group,91-95 Leymoor Road,Huddersfield,Kirklees,HD3 4SJ,53.6449587,-1.8430437,Co-op location-services API,Food,True,,,False,False
CG-104836-0000,Co-operative Group,104836-0000,4836.0,Crosland Moor - Park Road West,The Co-operative Group,9 Park Road West,Huddersfield,Kirklees,HD4 5RX,53.63789010000001,-1.8095762,Co-op location-services API,Food,True,Crosland Moor,,False,False
CG-106805-0000,Co-operative Group,106805-0000,6805.0,Bolton-upon-Dearne - St Andrew's Sq,The Co-operative Group,St Andrews Square,Rotherham,Barnsley,S63 8DD,53.520914,-1.322582,Co-op location-services API,Food,True,Bolton-On-Dearne,,False,False
CG-108298-0000,Co-operative Group,108298-0000,8298.0,Ripponden - Oldham Road,The Co-operative Group,25 Oldham Road,Sowerby Bridge,Calderdale,HX6 4DN,53.673476,-1.942693,Co-op location-services API,Food,True,Ripponden,,False,False
CG-156155-SPET,Co-operative Group,156155-SPET,6155.0,Cathill,The Co-operative Group,Doncaster Road,Barnsley,Barnsley,S73 9JG,53.53360136,-1.355071718,Co-op location-services API,Food/Petrol,True,,,False,False
CG-104389-0000,Co-operative Group,104389-0000,4389.0,Wyberton - London Road,The Co-operative Group,289 London Road,Boston,Lincolnshire,PE21 7DD,52.95216,0.04413,Co-op location-services API,Lunar,True,Wyberton,,False,False
CG-103621-0000,Co-operative Group,103621-0000,3621.0,Almondbury - Northgate,The Co-operative Group,43-53 Northgate,Huddersfield,Kirklees,HD5 8RX,53.63438693030762,-1.74865803,Co-op location-services API,Lunar,True,Almondbury,,False,False
CG-156317-0000,Co-operative Group,156317-0000,6317.0,Stowmarket,The Co-operative Group,Needham Road,Stowmarket,Suffolk,IP14 2AJ,52.179211944444,1.006440833333,Co-op location-services API,Petrol No BWS,True,,,False,False
CG-108803-0000,Co-operative Group,108803-0000,8803.0,Blackpool - Abingdon Street,The Co-operative Group,9 Abingdon Street,Blackpool,Blackpool,FY1 1DG,53.8182813,-3.0522752,Co-op location-services API,Food,True,,,False,False
CG-107256-0000,Co-operative Group,107256-0000,7256.0,Marsh - Westbourne Road,The Co-operative Group,Westbourne Road,Huddersfield,Kirklees,HD1 4LG,53.6511792,-1.8086879,Co-op location-services API,Food,True,Marsh,,False,False
CG-108188-0000,Co-operative Group,108188-0000,8188.0,Darton - Church Street,The Co-operative Group,Church Street,Barnsley,Barnsley,S75 5HF,53.586154,-1.529436,Co-op location-services API,Food,True,Darton,,False,False
CG-106560-0000,Co-operative Group,106560-0000,6560.0,New Lodge - Wakefield Road,The Co-operative Group,Wakefield Road,Barnsley,Barnsley,S71 3TY,53.578941,-1.4793823,Co-op location-services API,Food,True,New Lodge,,False,False
CG-107234-0000,Co-operative Group,107234-0000,7234.0,Mapplewell - Blacker Road,The Co-operative Group,Blacker Road,Barnsley,Barnsley,S75 6BP,53.584773,-1.4999676,Co-op location-services API,Food,True,Mapplewell,,False,False
CG-108055-0000,Co-operative Group,108055-0000,8055.0,Layton - Layton Road,The Co-operative Group,15-21 Layton Road,Blackpool,Blackpool,FY3 8EA,53.8270286,-3.0315506,Co-op location-services API,Food,True,Layton,,False,False
CG-108931-0000,Co-operative Group,108931-0000,8931.0,Rishton - Harwood Road,The Co-operative Group,2 Harwood Road,Blackburn,Lancashire,BB1 4DJ,53.7681204,-2.4179874,Co-op location-services API,Food,True,Rishton,,False,False
CG-105405-0000,Co-operative Group,105405-0000,5405.0,Blackpool - Warley Road,The Co-operative Group,35 Warley Road,Blackpool,Blackpool,FY1 2AG,53.830531,-3.05325,Co-op location-services API,Food,True,,,False,False
CG-105260-0000,Co-operative Group,105260-0000,5260.0,Normoss - Normoss Road,The Co-operative Group,108 Normoss Road,Blackpool,Lancashire,FY3 8QP,53.8280537,-3.0052968,Co-op location-services API,Food,True,Normoss,,False,False
CG-105179-0000,Co-operative Group,105179-0000,5179.0,Wilpshire - Whalley New Road,The Co-operative Group,799 Whalley New Road,Blackburn,Blackburn With Darwen,BB1 9PH,53.779614,-2.477516,Co-op location-services API,Food,True,Wilpshire,,False,False
CG-105657-0000,Co-operative Group,105657-0000,5657.0,Broughton - Garstang Road,The Co-operative Group,506 Garstang Road,Preston,Lancashire,PR3 5HE,53.810465,-2.723492,Co-op location-services API,Food,True,Broughton,,False,False
CG-104845-0000,Co-operative Group,104845-0000,4845.0,Cudworth - Barnsley Road,The Co-operative Group,Barnsley Road,Barnsley,Barnsley,S72 8JJ,53.5770379,-1.4176565,Co-op location-services API,Food,True,Cudworth,,False,False
CG-108072-0000,Co-operative Group,108072-0000,8072.0,Clayton-le-Moors - Pickup Street,The Co-operative Group,19-21 Pickup Street,Accrington,Lancashire,BB5 5NS,53.7749416,-2.3843102,Co-op location-services API,Food,True,Clayton-Le-Moors,,False,False
CG-108871-0000,Co-operative Group,108871-0000,8871.0,Greetland - Stainland Road,The Co-operative Group,8-10 Stainland Road,Halifax,Calderdale,HX4 8AD,53.6869478,-1.8556192,Co-op location-services API,Food,True,Greetland,,False,False
CG-106724-0000,Co-operative Group,106724-0000,6724.0,Royston - High Street,The Co-operative Group,High Street,Barnsley,Barnsley,S71 4RF,53.5982197,-1.4555163,Co-op location-services API,Food,True,Royston,,False,False
CG-108515-0000,Co-operative Group,108515-0000,8515.0,Bessacarr - Nostell Place,The Co-operative Group,37 Nostell Place,Doncaster,Doncaster,DN4 7JA,53.499962,-1.0880689,Co-op location-services API,Food,True,,,False,False
CG-108478-0000,Co-operative Group,108478-0000,8478.0,Brighouse - Highfield Road,The Co-operative Group,89-95 Highfield Road,Brighouse,Calderdale,HD6 3JA,53.69152560000001,-1.7998785,Co-op location-services API,Lunar,True,,,False,False
CG-105535-0000,Co-operative Group,105535-0000,5535.0,Bessacarr - Goodison Boulevard,The Co-operative Group,Goodison Boulevard,Doncaster,Doncaster,DN4 6BT,53.5010786,-1.0675716,Co-op location-services API,Food,True,Cantley,,False,False
CG-108486-0000,Co-operative Group,108486-0000,8486.0,Mirfield - Huddersfield Road,The Co-operative Group,Huddersfield Road,Mirfield,Kirklees,WF14 8AN,53.6736143,-1.6944545,Co-op location-services API,Food,True,,,False,False
CG-108446-0000,Co-operative Group,108446-0000,8446.0,Hebden Bridge - Market Street,The Co-operative Group,41 Market Street,Hebden Bridge,Calderdale,HX7 6AA,53.740961,-2.017049,Co-op location-services API,Food,True,,,False,False
CG-105060-0000,Co-operative Group,105060-0000,5060.0,Auckley - Hayfield Lane,The Co-operative Group,Hayfield Lane,Doncaster,Doncaster,DN9 3NB,53.4903203,-1.0226735,Co-op location-services API,Food,True,Auckley,,False,False
CG-108289-0000,Co-operative Group,108289-0000,8289.0,Doncaster - Goodison Boulevard,The Co-operative Group,Goodison Boulevard,Doncaster,Doncaster,DN4 6NL,53.5082171,-1.0751003,Co-op location-services API,Lunar,True,,,False,False
CG-108069-0000,Co-operative Group,108069-0000,8069.0,Longridge - Berry Lane,The Co-operative Group,35 Berry Lane,Preston,Lancashire,PR3 3JL,53.831292,-2.602917,Co-op location-services API,Food,True,Longridge,,False,False
CG-108487-0000,Co-operative Group,108487-0000,8487.0,Mirfield - Nab Lane,The Co-operative Group,Nab Lane,Mirfield,Kirklees,WF14 9BN,53.680977,-1.701672,Co-op location-services API,Food,True,,,False,False
CG-108490-0000,Co-operative Group,108490-0000,8490.0,Dewsbury - Savile Centre,The Co-operative Group,36 Savile Centre,Dewsbury,Kirklees,WF12 0QY,53.664249,-1.62448,Co-op location-services API,Food,True,The Town,,False,False
CG-106083-0000,Co-operative Group,106083-0000,6083.0,Anchorsholme - North Drive,The Co-operative Group,North Drive,Thornton-Cleveleys,Blackpool,FY5 3PG,53.87110545560857,-3.0338519749617645,Co-op location-services API,Food,True,,,False,False
CG-109173-0000,Co-operative Group,109173-0000,9173.0,Thornton-Cleveleys- Victoria Rd Est,The Co-operative Group,Thornton Centre,Thornton-Cleveleys,Lancashire,FY5 5DX,53.8705432,-3.000793,Co-op location-services API,Food,True,Victoria Road East,,False,False
CG-108559-0000,Co-operative Group,108559-0000,8559.0,South Kirkby - White Apron Street,The Co-operative Group,1 White Apron Street,Pontefract,Wakefield,WF9 3LH,53.59242,-1.3300334,Co-op location-services API,Food,True,South Kirkby,,False,False
CG-108488-0000,Co-operative Group,108488-0000,8488.0,Mirfield - Old Bank Road,The Co-operative Group,54 Old Bank Road,Mirfield,Kirklees,WF14 0JA,53.68802839999999,-1.6928622,Co-op location-services API,Food,True,,,False,False
CG-108477-0000,Co-operative Group,108477-0000,8477.0,Horbury - High Street,The Co-operative Group,High Street,Wakefield,Wakefield,WF4 5LN,53.6593933,-1.5553701,Co-op location-services API,Food,True,Horbury,,False,False
CG-105182-0000,Co-operative Group,105182-0000,5182.0,Whalley - King Street,The Co-operative Group,60 King Street,Clitheroe,Lancashire,BB7 9SN,53.82088,-2.40579,Co-op location-services API,Food,True,Whalley,,False,False
CG-108520-0000,Co-operative Group,108520-0000,8520.0,Woodlands - Great North Road,The Co-operative Group,Great North Road,Doncaster,Doncaster,DN6 7RD,53.5641463,-1.1961268,Co-op location-services API,Food,True,Woodlands,,False,False
CG-105490-0000,Co-operative Group,105490-0000,5490.0,Thornton-Cleveleys-Fleetwood Rd Nth,The Co-operative Group,2 Poachers Way,Thornton Cleveleys,Lancashire,FY5 2WF,53.885966666667,-3.014503055556,Co-op location-services API,Food,True,,,False,False
CG-108479-0000,Co-operative Group,108479-0000,8479.0,Hipperholme - Denholme Gate Road,The Co-operative Group,Denholme Gate Road,Halifax,Calderdale,HX3 8LT,53.726377,-1.812939,Co-op location-services API,Lunar,True,Hipperholme,,False,False
CG-106240-0000,Co-operative Group,106240-0000,6240.0,Bailiff Bridge - Wyke Old Lane,The Co-operative Group,Wyke Old Lane,Brighouse,Calderdale,HD6 4EH,53.72417816472665,-1.77584347,Co-op location-services API,Food,True,Bailiff Bridge,,False,False
CG-108492-0000,Co-operative Group,108492-0000,8492.0,Ossett - Dale Street,The Co-operative Group,Dale Street,Ossett,Wakefield,WF5 9DB,53.6806301,-1.5798224,Co-op location-services API,Food,True,,,False,False
CG-105411-0000,Co-operative Group,105411-0000,5411.0,Claughton-on-Brock - Westfield Road,The Co-operative Group,Westfield Road,Preston,Lancashire,PR3 0EN,53.874594,-2.759991,Co-op location-services API,Food,True,Claughton-on-Brock,,False,False
CG-108476-0000,Co-operative Group,108476-0000,8476.0,Scholes - Westfield Lane,The Co-operative Group,Westfield Lane,Cleckheaton,Kirklees,BD19 6DA,53.729868,-1.750064,Co-op location-services API,Food,True,Scholes,,False,False
CG-104346-0000,Co-operative Group,104346-0000,4346.0,Larkholme - Larkholme Parade,The Co-operative Group,40 Larkholme Parade,Fleetwood,Lancashire,FY7 8NE,53.9070366,-3.028374,Co-op location-services API,Food,True,Larkholme,,False,False
CG-108508-0000,Co-operative Group,108508-0000,8507.0,Upton - Waggon Lane,The Co-operative Group,Waggon Lane,Pontefract,Wakefield,WF9 1JT,53.61855,-1.271681,Co-op location-services API,Food,True,Upton,,False,False
CG-105850-0000,Co-operative Group,105850-0000,5850.0,Kirk Sandall - Brecks Lane,The Co-operative Group,44 Brecks Lane,Doncaster,Doncaster,DN3 1JR,53.5625376,-1.0692862,Co-op location-services API,Food,True,Kirk Sandall,,False,False
CG-104556-0000,Co-operative Group,104556-0000,4556.0,Ackworth - Barnsley Road,The Co-operative Group,Barnsley Road,Pontefract,Wakefield,WF7 7NB,53.6416801,-1.3376401,Co-op location-services API,Food,True,Moortop Ackworth,,False,False
CG-108471-0000,Co-operative Group,108471-0000,8471.0,Queensbury - High Street,The Co-operative Group,High Street,Bradford,Bradford,BD13 2PD,53.7681169,-1.847741,Co-op location-services API,Food,True,Queensbury,,False,False
CG-105136-0000,Co-operative Group,105136-0000,5136.0,Preesall - Sandy Lane,The Co-operative Group,Sandy Lane,Poulton-le-Fylde,Lancashire,FY6 0EJ,53.9252485,-2.9720764,Co-op location-services API,Food,True,Preesall,,False,False
CG-108057-0000,Co-operative Group,108057-0000,8057.0,Knott End - Lancaster Road,The Co-operative Group,30-36 Lancaster Road,Poulton-Le-Fylde,Lancashire,FY6 0AU,53.92798870000001,-2.986172599999999,Co-op location-services API,Food,True,Knott End-on-Sea,,False,False
CG-108448-0000,Co-operative Group,108448-0000,8448.0,Wibsey - Fair Road,The Co-operative Group,5-7 Fair Road,Bradford,Bradford,BD6 1TP,53.76650360000001,-1.7762147,Co-op location-services API,Food,True,Wibsey,,False,False
CG-105425-0000,Co-operative Group,105425-0000,5425.0,Birkenshaw - Bradford Road,The Co-operative Group,525 Bradford Road,Bradford,Kirklees,BD11 2AQ,53.75281469999999,-1.6943739,Co-op location-services API,Food,True,Birkenshaw,,False,False
CG-109337-0000,Co-operative Group,109337-0000,9337.0,Horncastle - Conging Street,The Co-operative Group,Conging Street,Horncastle,Lincolnshire,LN9 5DW,53.20967220000001,-0.1154657,Co-op location-services API,Food,True,,,False,False
CG-108469-0000,Co-operative Group,108469-0000,8469.0,Thornton - Thornton Road,The Co-operative Group,514 Thornton Road,Bradford,Bradford,BD13 3JD,53.79074110000001,-1.8540173,Co-op location-services API,Food,True,Thornton,,False,False
CG-104589-0000,Co-operative Group,104589-0000,4589.0,Askern - Selby Road,The Co-operative Group,Selby Road,Doncaster,Doncaster,DN6 0EP,53.617096,-1.15314,Co-op location-services API,Food,True,Askern,,False,False
CG-108447-0000,Co-operative Group,108447-0000,8447.0,Oxenhope - Station Road,The Co-operative Group,24 Station Road,Keighley,Bradford,BD22 9JJ,53.8110214,-1.9509035,Co-op location-services API,Food,True,Oxenhope,,False,False
CG-108466-0000,Co-operative Group,108466-0000,8466.0,Denholme - School Street,The Co-operative Group,School Street,Bradford,Bradford,BD13 4BJ,53.801772,-1.8946,Co-op location-services API,Food,True,Denholme,,False,False
CG-106615-0000,Co-operative Group,106615-0000,6615.0,Outwood - Broad Meadow,The Co-operative Group,Meadow Vale,Wakefield,Wakefield,WF1 3TR,53.7147591,-1.4971607,Co-op location-services API,Food,True,Outwood,,False,False
CG-108470-0000,Co-operative Group,108470-0000,8470.0,Drighlington - Whitehall Road,The Co-operative Group,164 Whitehall Road,Bradford,Leeds,BD11 1AU,53.75649019999999,-1.6629714,Co-op location-services API,Food,True,Drighlinton,,False,False
CG-108509-0000,Co-operative Group,108509-0000,8509.0,Stanley - Lake Lock Road,The Co-operative Group,62-66 Lake Lock Road,Wakefield,Wakefield,WF3 4HS,53.7138363,-1.4759168,Co-op location-services API,Food,True,Stanley,,False,False
CG-104374-0000,Co-operative Group,104374-0000,4374.0,Dunscroft - Station Road,The Co-operative Group,Station Road,Doncaster,Doncaster,DN7 4JS,53.5818825,-1.0123391,Co-op location-services API,Food,True,Dunscroft,,False,False
CG-105575-0000,Co-operative Group,105575-0000,5575.0,Epworth - Mowbray Street,The Co-operative Group,Mowbray Street,Doncaster,North Lincolnshire,DN9 1HR,53.52288,-0.81881,Co-op location-services API,Food,True,Epworth,,False,False
CG-104972-0000,Co-operative Group,104972-0000,4972.0,Gildersome - Finkle Lane,The Co-operative Group,Gildersome,Leeds,Leeds,LS27 7DX,53.75719,-1.6283185,Co-op location-services API,Food,True,Morley,,False,False
CG-105630-0000,Co-operative Group,105630-0000,5630.0,Haworth - Station Road,The Co-operative Group,Station Road,Keighley,Bradford,BD22 8NF,53.82935278,-1.948542778,Co-op location-services API,Food,True,Haworth,,False,False
CG-105255-0000,Co-operative Group,105255-0000,5255.0,Snettisham - Lynn Road,The Co-operative Group,16 Lynn Road,King's Lynn,Norfolk,PE31 7PT,52.878134,0.503262,Co-op location-services API,Food,True,Snettisham,,False,False
CG-105376-0000,Co-operative Group,105376-0000,5376.0,Cullingworth - Halifax Road,The Co-operative Group,Greenside Garage,Cullingworth,Bradford,BD13 5DD,53.827021,-1.897252,Co-op location-services API,Food,True,,,False,False
CG-108467-0000,Co-operative Group,108467-0000,8467.0,Wilsden - Royd Street,The Co-operative Group,1 Royd Street,Bradford,Bradford,BD15 0HS,53.8213258,-1.861032099999999,Co-op location-services API,Food,True,Wilsden,,False,False
CG-108462-0000,Co-operative Group,108462-0000,8462.0,Heaton - High Park Drive,The Co-operative Group,47 High Park Drive,Bradford,Bradford,BD9 6HX,53.81355749999999,-1.8042652,Co-op location-services API,Food,True,Heaton,,False,False
CG-108482-0000,Co-operative Group,108482-0000,8482.0,New Farnley - Low Moor Side,The Co-operative Group,Low Moorside,Leeds,Leeds,LS12 5EA,53.7761455,-1.6242317,Co-op location-services API,Lunar,True,New Farnley,,False,False
CG-108444-0000,Co-operative Group,108444-0000,8444.0,Oakworth - Victoria Street,The Co-operative Group,Victoria Road,Keighley,Bradford,BD22 7HT,53.8456078,-1.9474399,Co-op location-services API,Food,True,Oakworth,,False,False
CG-105123-0000,Co-operative Group,105123-0000,5123.0,Kirton in Lindsey - Station Road,The Co-operative Group,11a Station Road,Gainsborough,North Lincolnshire,DN21 4BB,53.479747,-0.594783,Co-op location-services API,Lunar,True,Kirton Lindsey,,False,False
CG-156160-SPET,Co-operative Group,156160-SPET,6160.0,Thorne,The Co-operative Group,South Parade,Doncaster,Doncaster,DN8 5DZ,53.60990632,-0.960568745,Co-op location-services API,Food/Petrol,True,,,False,False
CG-108073-0000,Co-operative Group,108073-0000,8073.0,Bradford - Harrogate Road,The Co-operative Group,289 Harrogate Road,Bradford,Bradford,BD2 3RQ,53.8163511,-1.7206006,Co-op location-services API,Food,True,,,False,False
CG-108610-0000,Co-operative Group,108610-0000,8610.0,Woodlesford - Aberford Road,The Co-operative Group,103-107 Aberford Road,Leeds,Leeds,LS26 8LQ,53.75345459999999,-1.4457496,Co-op location-services API,Food,True,Woodlesford,,False,False
CG-108464-0000,Co-operative Group,108464-0000,8464.0,Bramley - Swinnow Lane,The Co-operative Group,Swinnow Lane,Leeds,Leeds,LS13 4RJ,53.8013458,-1.6458336,Co-op location-services API,Food,True,,,False,False
CG-108457-0000,Co-operative Group,108457-0000,8457.0,Keighley - Broomhill Avenue,The Co-operative Group,125 Broomhill Avenue,Keighley,Bradford,BD21 1BW,53.8595582,-1.9233003,Co-op location-services API,Food,True,,,False,False
CG-103677-0000,Co-operative Group,103677-0000,3677.0,Saltaire - Bingley Road,The Co-operative Group,Bingley Road,Shipley,Bradford,BD18 4RS,53.834697636494646,-1.7904268396277854,Co-op location-services API,Food,True,,,False,False
CG-104101-0000,Co-operative Group,104101-0000,4101.0,Shipley - Wrose Road,The Co-operative Group,"Unit 1, 105 Wrose Road.",Shipley,Bradford,BD18 1HX,53.8288743,-1.7562142,Co-op location-services API,Lunar,True,,,False,False
CG-108595-0000,Co-operative Group,108595-0000,8595.0,Farsley - Town Street,The Co-operative Group,17-21 Town Street,Pudsey,Leeds,LS28 5EN,53.81164939999999,-1.672126999999999,Co-op location-services API,Food,True,Farsley,,False,False
CG-108683-0000,Co-operative Group,108683-0000,8683.0,Bingley - Chapel Lane,The Co-operative Group,Bingley 5 Rise Shopping Centre,Bingley,Bradford,BD16 1GL,53.847294,-1.836393,Co-op location-services API,Food,True,,,False,False
CG-107885-0000,Co-operative Group,107885-0000,7885.0,Wainfleet All Saints - High Street,The Co-operative Group,9 High Street,Skegness,Lincolnshire,PE24 4BN,53.106054,0.2359209,Co-op location-services API,Food,True,Wainfleet All Saints,,False,False
CG-104612-0000,Co-operative Group,104612-0000,4612.0,Barnoldswick - Rainhall Road,The Co-operative Group,Rainhall Road,Barnoldswick,Lancashire,BB18 6AB,53.9165535,-2.18503,Co-op location-services API,Food,True,,,False,False
CG-108458-0000,Co-operative Group,108458-0000,8458.0,Idle - Thorpe Garth,The Co-operative Group,55 Bradford Road,Bradford,Bradford,BD10 9PB,53.833729,-1.729906,Co-op location-services API,Food,True,Idle,,False,False
CG-105375-0000,Co-operative Group,105375-0000,5375.0,Leeds - Sovereign Square,The Co-operative Group,Sovereign Street,Leeds,Leeds,LS1 4AG,53.7941024,-1.5438851,Co-op location-services API,Food,True,Swinegate,,False,False
CG-105064-0000,Co-operative Group,105064-0000,5064.0,Leeds - Burley Street,The Co-operative Group,46 Burley Street,Leeds,Leeds,LS3 1LB,53.800252,-1.560445,Co-op location-services API,Food,True,,,False,False
CG-104895-0000,Co-operative Group,104895-0000,4895.0,Earby - Victoria Road,The Co-operative Group,71 Victoria Road,Barnoldswick,Lancashire,BB18 6UN,53.9155464,-2.1453495,Co-op location-services API,Food,True,Earby,,False,False
CG-108112-0000,Co-operative Group,108112-0000,8112.0,Leeds - New York Street,The Co-operative Group,44 New York Street,Leeds,Leeds,LS2 7DY,53.796395,-1.536862,Co-op location-services API,Food,True,,,False,False
CG-103639-0000,Co-operative Group,103639-0000,3639.0,Leeds - Merrion Way,The Co-operative Group,11 Merrion Way,Leeds,Leeds,LS2 8BT,53.802297,-1.542883,Co-op location-services API,Food,True,,,False,False
CG-108485-0000,Co-operative Group,108485-0000,8485.0,Riddlesden - Bradford Road,The Co-operative Group,Bradford Road,Keighley,Bradford,BD21 4EB,53.876353,-1.887004,Co-op location-services API,Food,True,Riddlesden,,False,False
CG-155696-0000,Co-operative Group,155696-0000,5696.0,Leeds Uni - Lifton Place,The Co-operative Group,2 Lifton Place,Leeds,Leeds,LS2 9JZ,53.8069,-1.555899,Co-op location-services API,University,True,,,False,False
CG-108594-0000,Co-operative Group,108594-0000,8594.0,Leeds - Cardigan Road,The Co-operative Group,132 Cardigan Road,Leeds,Leeds,LS6 1LU,53.8122993,-1.5767608,Co-op location-services API,Food,True,Headingley,,False,False
CG-106026-0000,Co-operative Group,106026-0000,6026.0,Rendlesham,The Co-operative Group,Walnut Tree Avenue,Woodbridge,Suffolk,IP12 2GG,52.12976,1.41569,Co-op location-services API,Food,True,,,False,False
CG-108546-0000,Co-operative Group,108546-0000,8546.0,Baildon - Northgate,The Co-operative Group,25 Northgate,Shipley,Bradford,BD17 6JZ,53.8542017,-1.7654986,Co-op location-services API,Food,True,Baildon,,False,False
CG-105848-0000,Co-operative Group,105848-0000,5848.0,Kippax - High Street,The Co-operative Group,60 High Street,Leeds,Leeds,LS25 7AB,53.7662092,-1.3676275,Co-op location-services API,Food,True,Kippax,,False,False
CG-105403-0000,Co-operative Group,105403-0000,5403.0,Steeton - Skipton Road,The Co-operative Group,36 Skipton Road,Keighley,Bradford,BD20 6PE,53.895822,-1.958669,Co-op location-services API,Food,True,Steeton,,False,False
CG-108480-0000,Co-operative Group,108480-0000,8480.0,Cross Hills - Main Street,The Co-operative Group,14 Main Street,Keighley,North Yorkshire,BD20 8TB,53.9017276,-1.991538499999999,Co-op location-services API,Food,True,Cross Hills,,False,False
CG-156319-0000,Co-operative Group,156319-0000,6319.0,Lancaster Uni - Pendle Avenue,The Co-operative Group,Pendle Avenue,Lancaster,Lancashire,LA1 4YU,54.00662508259299,-2.7855554250921783,Co-op location-services API,University,True,Bailrigg,,False,False
CG-108600-0000,Co-operative Group,108600-0000,8600.0,Hawkesworth Wood - Broadway,The Co-operative Group,Broadway,Leeds,Leeds,LS5 3PR,53.8282521,-1.6165994,Co-op location-services API,Food,True,Hawksworth Wood,,False,False
CG-108593-0000,Co-operative Group,108593-0000,8593.0,Moor Grange - Butcher Hill,The Co-operative Group,206 Butcher Hill,Leeds,Leeds,LS16 5BG,53.8329133,-1.6038762,Co-op location-services API,Food,True,West Park,,False,False
CG-155691-0000,Co-operative Group,155691-0000,5691.0,Whitkirk - Selby Road,The Co-operative Group,401 Selby Road,Leeds,Leeds,LS15 7AY,53.798159,-1.449316,Co-op location-services API,Food,True,,,False,False
CG-104170-0000,Co-operative Group,104170-0000,4170.0,Hibaldstow - Redbourne Road,The Co-operative Group,Redbourne Road,Brigg,North Lincolnshire,DN20 9NP,53.5095855,-0.5278667,Co-op location-services API,Lunar,True,Hibaldstow,,False,False
CG-108608-0000,Co-operative Group,108608-0000,8608.0,Leeds - Spen Lane,The Co-operative Group,433 Spen Lane,Leeds,Leeds,LS16 6JE,53.84147,-1.6017122,Co-op location-services API,Food,True,Tinshill,,False,False
CG-109169-0000,Co-operative Group,109169-0000,9169.0,Chapel Allerton - Stainbeck Lane,The Co-operative Group,1 Stainbeck Lane,Leeds,Leeds,LS7 3PJ,53.82874269999999,-1.5390783,Co-op location-services API,Food,True,Chapel Allerton,,False,False
CG-106787-0000,Co-operative Group,106787-0000,6787.0,Snaith - Market Place,The Co-operative Group,21 Market Place,Goole,East Riding Of Yorkshire,DN14 9HE,53.6918923,-1.0294181,Co-op location-services API,Food,True,Snaith,,False,False
CG-108596-0000,Co-operative Group,108596-0000,8596.0,Garforth - Main Street,The Co-operative Group,20 Main Street,Leeds,Leeds,LS25 1AA,53.7941261,-1.3881938,Co-op location-services API,Food,True,Garforth,,False,False
CG-108601-0000,Co-operative Group,108601-0000,8601.0,Hollins Park - Oakwood Lane,The Co-operative Group,260 Oakwood Lane,Leeds,Leeds,LS8 3LE,53.8206983,-1.4947925,Co-op location-services API,Food,True,,,False,False
CG-108484-0000,Co-operative Group,108484-0000,8484.0,Silsden - Bridge Street,The Co-operative Group,Bridge Street,Keighley,Bradford,BD20 9NX,53.9159637,-1.9379805,Co-op location-services API,Food,True,Silsden,,False,False
CG-155690-0000,Co-operative Group,155690-0000,5690.0,Guiseley - Otley Road,The Co-operative Group,137A/138A Otley Road,Leeds,Leeds,LS20 8LY,53.87767,-1.72465,Co-op location-services API,Food,True,Guiseley,,False,False
CG-109770-0000,Co-operative Group,109770-0000,9770.0,Dereham - Market Place,The Co-operative Group,36-37 Market Place,Norwich,Norfolk,NR19 2AP,52.681302,0.940924,Co-op location-services API,Food,True,East Dereham,,False,False
CG-106959-0000,Co-operative Group,106959-0000,6959.0,Leeds - Swarcliffe Avenue,The Co-operative Group,Unit 1 Swarcliffe Avenue,Leeds,Leeds,LS14 5EY,53.8178205,-1.4511455,Co-op location-services API,Food,True,,,False,False
CG-107207-0000,Co-operative Group,107207-0000,7207.0,Adel - Otley Road,The Co-operative Group,425 Otley Road,Leeds,Leeds,LS16 6AJ,53.85168489999999,-1.592416799999999,Co-op location-services API,Lunar,True,Adel,,False,False
CG-105751-0000,Co-operative Group,105751-0000,5751.0,Heysham - Heysham Road,The Co-operative Group,410 Heysham Road,Morecambe,Lancashire,LA3 2BJ,54.04700339999999,-2.8925606,Co-op location-services API,Lunar,True,Heysham,,False,False
CG-105147-0000,Co-operative Group,105147-0000,5147.0,Heysham - Middleton Way,The Co-operative Group,Middleton Way,Morecambe,Lancashire,LA3 2LL,54.047057,-2.892503,Co-op location-services API,Food,True,Heysham,,False,False
CG-105394-0000,Co-operative Group,105394-0000,5394.0,Alwoodley - Nursery Lane,The Co-operative Group,Nursery Lane,Leeds,Leeds,LS17 7HW,53.8519963,-1.5442053,Co-op location-services API,Lunar,True,Alwoodley,,False,False
CG-105343-0000,Co-operative Group,105343-0000,5343.0,Lancaster - Quernmore Road,The Co-operative Group,Quernmore Road,Lancaster,Lancashire,LA1 3JT,54.04854,-2.78005,Co-op location-services API,Food,True,,,False,False
CG-107875-0000,Co-operative Group,107875-0000,7875.0,Laxfield - High Street,The Co-operative Group,High Street,Woodbridge,Suffolk,IP13 8DH,52.3017718,1.3660166,Co-op location-services API,Food,True,Laxfield,,False,False
CG-156169-0000,Co-operative Group,156169-0000,6169.0,Wymondham - Silfield Road,The Co-operative Group,Silfield Road,Norwich,Norfolk,NR18 9AU,52.56375787,1.117981884,Co-op location-services API,Food,True,Wymondham,,False,False
CG-105272-0000,Co-operative Group,105272-0000,5272.0,Hingham - Norwich Street,The Co-operative Group,25 Norwich Street,Norwich,Norfolk,NR9 4LJ,52.570171,1.113561,Co-op location-services API,Food,True,Hingham,,False,False
CG-108685-0000,Co-operative Group,108685-0000,8685.0,Wymondham - Market Place,The Co-operative Group,6 Market Place,Wymondham,Norfolk,NR18 0AJ,52.57017019999999,1.1135637,Co-op location-services API,Lunar,True,,,False,False
CG-108785-0000,Co-operative Group,108785-0000,8785.0,Broughton - High Street,The Co-operative Group,128 High Street,Brigg,North Lincolnshire,DN20 0JR,53.5661003,-0.5558466000000001,Co-op location-services API,Food,True,Broughton,,False,False
CG-108093-0000,Co-operative Group,108093-0000,8093.0,Morecambe - Regent Road,The Co-operative Group,Centenary House,Morecambe,Lancashire,LA3 1QG,54.0650845,-2.8788931,Co-op location-services API,Food,True,Regent Road,,False,False
CG-105404-0000,Co-operative Group,105404-0000,5404.0,Ilkey - Bolton Bridge Road,The Co-operative Group,12 Bolton Bridge Road,Ilkely,Bradford,LS29 9AA,53.925878,-1.828378,Co-op location-services API,Food,True,,,False,False
CG-105667-0000,Co-operative Group,105667-0000,5667.0,Bramhope - Spring Wood Crescent,The Co-operative Group,Breary Lane East,Leeds,Leeds,LS16 9GE,53.880271594231615,-1.605428327475494,Co-op location-services API,Food,True,Bramhope,,False,False
CG-104067-0000,Co-operative Group,104067-0000,4067.0,Burley In Wharfdale - Main Street,The Co-operative Group,44 Main Street,Ilkley,Bradford,LS29 7DN,53.9128693,-1.7441088,Co-op location-services API,Food,True,Burley In Wharfedale,,False,False
CG-108606-0000,Co-operative Group,108606-0000,8606.0,Sherburn In Elmet - Finkle Hill,The Co-operative Group,22-30 Finkle Hill,Leeds,North Yorkshire,LS25 6EA,53.798518,-1.251785,Co-op location-services API,Food,True,Sherburn In Elmet,,False,False
CG-108938-0000,Co-operative Group,108938-0000,8938.0,Addingham - Main Street,The Co-operative Group,162 Main Street,Ilkley,Bradford,LS29 0LY,53.9435688,-1.8786563,Co-op location-services API,Food,True,Addingham,,False,False
CG-108459-0000,Co-operative Group,108459-0000,8459.0,Gargrave - High Street,The Co-operative Group,21 High Street,Skipton,North Yorkshire,BD23 3RA,53.983564,-2.104312,Co-op location-services API,Food,True,Gargrave,,False,False
CG-106652-0000,Co-operative Group,106652-0000,6652.0,Barrow-In-Furness - Plymouth Street,The Co-operative Group,Plymouth St,Barrow In Furness,Cumbria,LA14 3AN,54.1044611,-3.2523525,Co-op location-services API,Food,True,Walney Island,,False,False
CG-105807-0000,Co-operative Group,105807-0000,5807.0,Barrow-In-Furness - Island Road,The Co-operative Group,Island Road,Barrow In Furness,Cumbria,LA14 2SD,54.1041793,-3.2305865,Co-op location-services API,Food,True,,,False,False
CG-106603-0000,Co-operative Group,106603-0000,6603.0,Old Goole - Swinefleet Road,The Co-operative Group,Swinefleet Road,Old Goole,East Riding Of Yorkshire,DN14 5UY,53.6788095,-0.7978463,Co-op location-services API,Lunar,True,,,False,False
CG-108040-0000,Co-operative Group,108040-0000,8040.0,Caton - Hornby Road,The Co-operative Group,5-11 Hornby Road,Lancaster,Lancashire,LA2 9QW,54.0762612,-2.7178025,Co-op location-services API,Food,True,Caton,,False,False
CG-106715-0000,Co-operative Group,106715-0000,6715.0,Barrow-In-Furness - Roose Road,The Co-operative Group,81-83 Roose Road,Barrow In Furness,Cumbria,LA13 9RJ,54.1111814,-3.2059377,Co-op location-services API,Food,True,,,False,False
CG-104065-0000,Co-operative Group,104065-0000,4065.0,Louth - Newmarket,The Co-operative Group,155 Newmarket,Louth,Lincolnshire,LN11 9EH,53.3619752,0.0023688,Co-op location-services API,Food,True,,,False,False
CG-105932-0000,Co-operative Group,105932-0000,5932.0,Louth - Northgate,The Co-operative Group,Northgate,Louth,Lincolnshire,LN11 0LT,53.3687309,-0.0042188,Co-op location-services API,Food,True,,,False,False
CG-104561-0000,Co-operative Group,104561-0000,4561.0,Barrow-In-Furness - Ainslie Street,The Co-operative Group,38 Ainslie Street,Barrow In Furness,Cumbria,LA14 5BJ,54.1210093,-3.223684,Co-op location-services API,Food,True,,,False,False
CG-104366-0000,Co-operative Group,104366-0000,4366.0,Selby - Flaxley Road,The Co-operative Group,Flaxley Road,Selby,North Yorkshire,YO8 4BX,53.7858642,-1.0783551,Co-op location-services API,Food,True,,,False,False
CG-105725-0000,Co-operative Group,105725-0000,5725.0,Barrow-In-Furness - Harrel Lane,The Co-operative Group,Harrell Lane,Barrow In Furness,Cumbria,LA13 9LP,54.1240086,-3.202819,Co-op location-services API,Lunar,True,,,False,False
CG-104763-0000,Co-operative Group,104763-0000,4763.0,Castletown - The Parade,The Co-operative Group,The Parade,Castletown,Isle of Man,IM9 1LG,54.0730649,-4.653363199999998,Co-op location-services API,Lunar,True,,,False,False
CG-106094-0000,Co-operative Group,106094-0000,6094.0,Barrow-in-Furness - Abbey Road,The Co-operative Group,Abbey Road,Barrow-in-Furness,Cumbria,LA14 5LF,54.126898,-3.214603,Co-op location-services API,Food,True,,,False,False
CG-106002-0000,Co-operative Group,106002-0000,6002.0,Bolton-Le-Sands - Bye Pass Road,The Co-operative Group,Bye Pass Road,Carnforth,Lancashire,LA5 8JA,54.106338,-2.790651,Co-op location-services API,Food,True,Bolton le Sands,,False,False
CG-108682-0000,Co-operative Group,108682-0000,8682.0,Howden - Charles Briggs Avenue,The Co-operative Group,Charles Briggs Avenue,Goole,East Riding Of Yorkshire,DN14 7GQ,53.7454188,-0.8639073,Co-op location-services API,Food,True,Howden,,False,False
CG-104745-0000,Co-operative Group,104745-0000,4745.0,Winterton - Market Place,The Co-operative Group,Market Place,Scunthorpe,North Lincolnshire,DN15 9PT,53.654738,-0.5975904,Co-op location-services API,Food,True,Winterton,,False,False
CG-106663-0000,Co-operative Group,106663-0000,6663.0,Port Erin - Station Road,The Co-operative Group,Station Road,Port Erin,Isle of Man,IM9 6AE,54.0854046,-4.7581259,Co-op location-services API,Food,True,,,False,False
CG-108481-0000,Co-operative Group,108481-0000,8481.0,Settle - Market Square,The Co-operative Group,Market Place,Settle,North Yorkshire,BD24 9EF,54.0691288,-2.2762165,Co-op location-services API,Food,True,,,False,False
CG-105351-0000,Co-operative Group,105351-0000,5351.0,Grimoldby - Manby Middlegate,The Co-operative Group,Manby Middlegate,Louth,Lincolnshire,LN11 8SU,53.3663802,0.0935142,Co-op location-services API,Food,True,Grimoldby,,False,False
CG-106665-0000,Co-operative Group,106665-0000,6665.0,Port St Mary - Bay View Road,The Co-operative Group,Bay View Road,Port St Mary,Isle of Man,IM9 5AH,54.08748780000001,-4.7567097,Co-op location-services API,Food,True,,,False,False
CG-108048-0000,Co-operative Group,108048-0000,8048.0,Carnforth - Market Street,The Co-operative Group,Market Street,Carnforth,Lancashire,LA5 9JU,54.1293709,-2.7697824,Co-op location-services API,Food,True,,,False,False
CG-104857-0000,Co-operative Group,104857-0000,4857.0,Dalton in Furness - Market Street,The Co-operative Group,Market Street,Dalton In Furness,Cumbria,LA15 8AA,54.1561763,-3.1829554,Co-op location-services API,Food,True,,,False,False
CG-105527-0000,Co-operative Group,105527-0000,5527.0,Costessey - Kestral Avenue,The Co-operative Group,Unit 1 Kestral Avenue,Norwich,Norfolk,NR8 5AZ,52.66497690382857,1.181720104,Co-op location-services API,Food,True,Costessey,,False,False
CG-108037-0000,Co-operative Group,108037-0000,8037.0,High Bentham - Main Street,The Co-operative Group,Main Street,Lancaster,North Yorkshire,LA2 7HE,54.118083,-2.509484,Co-op location-services API,Food,True,Bentham,,False,False
CG-104213-0000,Co-operative Group,104213-0000,4213.0,Pannal - Station Road,The Co-operative Group,Station Road,Harrogate,North Yorkshire,HG3 1JN,53.958541,-1.5329069,Co-op location-services API,Food,True,Pannal,,False,False
CG-104886-0000,Co-operative Group,104886-0000,4886.0,Douglas - Duke Street,The Co-operative Group,Duke Street,Douglas,Isle of Man,IM1 2RD,54.1488066,-4.478711,Co-op location-services API,Food,True,,,False,False
CG-104301-0000,Co-operative Group,104301-0000,4301.0,Sutton on Sea - Station Road,The Co-operative Group,Station Road,Mablethorpe,Lincolnshire,LN12 2HJ,53.3110235,0.2804107,Co-op location-services API,Food,True,,,False,False
CG-108284-0000,Co-operative Group,108284-0000,8284.0,Wetherby - Ainsty Road,The Co-operative Group,51-55 Ainsty Road,Wetherby,Leeds,LS22 7QS,53.9380312,-1.3913656,Co-op location-services API,Lunar,True,,,False,False
CG-104588-0000,Co-operative Group,104588-0000,4588.0,Askam - Duke Street,The Co-operative Group,Duke Street,Askam-In-Furness,Cumbria,LA16 7AA,54.1886197,-3.2049598,Co-op location-services API,Food,True,,,False,False
CG-104860-0000,Co-operative Group,104860-0000,4860.0,Douglas - Woodbourne Road,The Co-operative Group,Woodbourne Road,Douglas,Isle of Man,IM1 3HH,54.155437,-4.484982999999999,Co-op location-services API,Food,True,,,False,False
CG-108051-0000,Co-operative Group,108051-0000,8051.0,Silverdale - Emesgate Lane,The Co-operative Group,12 Emsgate Lane,Carnforth,Lancashire,LA5 0RA,54.1685819,-2.8265511,Co-op location-services API,Food,True,Silverdale,,False,False
CG-108526-0000,Co-operative Group,108526-0000,8526.0,Harrogate - Leeds Road,The Co-operative Group,73 Leeds Road,Harrogate,North Yorkshire,HG2 8BE,53.9778899,-1.5339758,Co-op location-services API,Food,True,,,False,False
CG-103717-0000,Co-operative Group,103717-0000,3717.0,Ulverston - Priory Road,The Co-operative Group,Priory Road,Ulverston,Cumbria,LA12 9HR,54.18650476184671,-3.0880033660957067,Co-op location-services API,Food,True,,,False,False
CG-108540-0000,Co-operative Group,108540-0000,8540.0,Harlow Hill - Otley Road,The Co-operative Group,50 Otley Road,Harrogate,North Yorkshire,HG2 0DP,53.9840842,-1.5508264,Co-op location-services API,Food,True,Harlow Hill,,False,False
CG-109773-0000,Co-operative Group,109773-0000,9773.0,Norwich - Earlham Road,The Co-operative Group,Earlham Road,Norwich,Norfolk,NR2 3PD,52.6290988,1.2692697,Co-op location-services API,Food,True,,,False,False
CG-107840-0000,Co-operative Group,107840-0000,7840.0,Mablethorpe - Seacroft Road,The Co-operative Group,Seacroft Road,Mablethorpe,Lincolnshire,LN12 2DU,53.3401614,0.2594069,Co-op location-services API,Food,True,,,False,False
CG-104216-0000,Co-operative Group,104216-0000,4216.0,Ulceby - High Street,The Co-operative Group,High Street,Ulceby,North Lincolnshire,DN39 6TG,53.6179351,-0.3304683,Co-op location-services API,Lunar,True,,,False,False
CG-107796-0000,Co-operative Group,107796-0000,7796.0,Ulverston - Market Street,The Co-operative Group,Market Street,Ulverston,Cumbria,LA12 7LR,54.1960313,-3.0942527,Co-op location-services API,Food,True,,,False,False
CG-106609-0000,Co-operative Group,106609-0000,6609.0,Onchan - Main Road,The Co-operative Group,Main Road,Onchan,Isle of Man,IM3 1AN,54.1744796,-4.4551576,Co-op location-services API,Lunar,True,,,False,False
CG-108530-0000,Co-operative Group,108530-0000,8530.0,Wayside - St Winifreds Ave,The Co-operative Group,44 St Winifreds Ave West,Harrogate,North Yorkshire,HG2 8LS,53.99080779999999,-1.520606,Co-op location-services API,Lunar,True,,,False,False
CG-108050-0000,Co-operative Group,108050-0000,8050.0,Grange-over-Sands - Kents Bank Road,The Co-operative Group,Kents Bank Road,Grange-Over-Sands,Cumbria,LA11 7EY,54.1915301,-2.9119534,Co-op location-services API,Food,True,,,False,False
CG-108522-0000,Co-operative Group,108522-0000,8522.0,Harrogate - Jennyfield Drive,The Co-operative Group,Jenny Field Drive,Harrogate,North Yorkshire,HG3 2XS,54.002405,-1.5579138,Co-op location-services API,Food,True,,,False,False
CG-108042-0000,Co-operative Group,108042-0000,8042.0,Ingleton - Main Street,The Co-operative Group,Main Street,Carnforth,North Yorkshire,LA6 3EH,54.153831,-2.468184,Co-op location-services API,Food,True,Ingleton,,False,False
CG-105576-0000,Co-operative Group,105576-0000,5576.0,Harrogate - Knaresborough Road,The Co-operative Group,Knaresborough Road,Harrogate,North Yorkshire,HG2 7LU,53.99598,-1.51322,Co-op location-services API,Lunar,True,Mapplebeck,,False,False
CG-106060-0000,Co-operative Group,106060-0000,6060.0,New Waltham - Station Road,The Co-operative Group,Station Road,Grimsby,North East Lincolnshire,DN36 4QQ,53.523117,-0.065023,Co-op location-services API,Food,True,New Waltham,,False,False
CG-105246-0000,Co-operative Group,105246-0000,5246.0,Harrogate - Skipton Road,The Co-operative Group,Skipton Road,Harrogate,North Yorkshire,HG1 3DP,54.0056828,-1.5375537,Co-op location-services API,Food,True,,,False,False
CG-108524-0000,Co-operative Group,108524-0000,8524.0,Starbeck - High Street,The Co-operative Group,High Street,Harrogate,North Yorkshire,HG2 7JE,53.9991367,-1.498649,Co-op location-services API,Food,True,Starbeck,,False,False
CG-109155-0000,Co-operative Group,109155-0000,9155.0,Barton-upon-Humber - Market Lane,The Co-operative Group,12 Market Lane,Barton-Upon-Humber,North Lincolnshire,DN18 5DE,53.6827042,-0.4381326,Co-op location-services API,Food,True,,,False,False
CG-105427-0000,Co-operative Group,105427-0000,5427.0,Norwich - Sprowston Road,The Co-operative Group,195-197 Sprowston Road,Norwich,Norfolk,NR3 4JR,52.644964,1.302226,Co-op location-services API,Food,True,,,False,False
CG-108528-0000,Co-operative Group,108528-0000,8528.0,Bilton - King Edwards Drive,The Co-operative Group,King Edward Drive,Harrogate,North Yorkshire,HG1 4HW,54.0080941,-1.5307713,Co-op location-services API,Food,True,Bilton,,False,False
CG-108536-0000,Co-operative Group,108536-0000,8536.0,Copmanthorpe - Church Street,The Co-operative Group,17 Church Street,York,York,YO23 3SE,53.9150737,-1.1408309,Co-op location-services API,Food,True,Copmanthorpe,,False,False
CG-106017-0000,Co-operative Group,106017-0000,6017.0,Crosby - Peel Road,The Co-operative Group,Crosby Meadows,Crosby,Isle of Man,IM4 2EE,54.183823888889,-4.566838055556,Co-op location-services API,Food,True,,,False,False
CG-105496-0000,Co-operative Group,105496-0000,5496.0,North Somercotes - Conisholme Road,The Co-operative Group,Conisholme Road,Louth,Lincolnshire,LN11 7PR,53.446443888889,0.130763055556,Co-op location-services API,Food,True,North Somercotes,,False,False
CG-155694-0000,Co-operative Group,155694-0000,5694.0,Barrow upon Humber,The Co-operative Group,Market Place,Barrow upon Humber,North Lincolnshire,DN19 7BZ,53.67502,-0.380288,Co-op location-services API,Food,True,,,False,False
CG-108887-0000,Co-operative Group,108887-0000,8887.0,North Ferriby - High Street,The Co-operative Group,High Street,North Ferriby,East Riding Of Yorkshire,HU14 3JP,53.7230499,-0.5048981,Co-op location-services API,Food,True,,,False,False
CG-108533-0000,Co-operative Group,108533-0000,8533.0,Bishopthorpe - Main Street,The Co-operative Group,47 Main Street,York,York,YO23 2RA,53.9216486,-1.0966509,Co-op location-services API,Food,True,Bishopthorpe,,False,False
CG-109143-0000,Co-operative Group,109143-0000,9143.0,York - Foxwood,The Co-operative Group,6 Beagle Ridge Drive,York,York,YO24 3JQ,53.94338219999999,-1.1329183,Co-op location-services API,Food,True,Foxwood,,False,False
CG-109151-0000,Co-operative Group,109151-0000,9151.0,Hessle - The Square,The Co-operative Group,27 - 29 The Square,Hull,East Riding Of Yorkshire,HU13 0AE,53.7233469,-0.434511,Co-op location-services API,Food,True,Hessle,,False,False
CG-109156-0000,Co-operative Group,109156-0000,9156.0,Cleethorpes - St Peters Avenue,The Co-operative Group,52 St.Peters Avenue,Cleethorpes,North East Lincolnshire,DN35 8HP,53.5585583,-0.0311088999999999,Co-op location-services API,Food,True,,,False,False
CG-103676-0000,Co-operative Group,103676-0000,3676.0,York - Campleshon Road,The Co-operative Group,Campleshon Road,York,York,YO23 1PX,53.94017378652293,-1.0897093575454515,Co-op location-services API,Food,True,,,False,False
CG-105886-0000,Co-operative Group,105886-0000,5886.0,Laxey - Main Road,The Co-operative Group,White House Building,Laxey,Isle of Man,IM4 7BE,54.2317526,-4.4062158,Co-op location-services API,Lunar,True,Main Road,,False,False
CG-109776-0000,Co-operative Group,109776-0000,9776.0,Southwold - Market Place,The Co-operative Group,2 Market Place,Southwold,Suffolk,IP18 6EE,52.3263234,1.6791983,Co-op location-services API,Food,True,,,False,False
CG-108534-0000,Co-operative Group,108534-0000,8534.0,York - Broadway,The Co-operative Group,46-48 Broadway,York,York,YO10 4JX,53.9409649,-1.0698982,Co-op location-services API,Food,True,Fulford,,False,False
CG-108539-0000,Co-operative Group,108539-0000,8539.0,Acomb - Regents Building,The Co-operative Group,York Road,York,York,YO26 4LT,53.9564074,-1.1202007,Co-op location-services API,Food,True,Acomb,,False,False
CG-108525-0000,Co-operative Group,108525-0000,8525.0,Acomb - Beckfield Lane,The Co-operative Group,127 Beckfield Lane,York,York,YO26 5PW,53.9629005,-1.1343674,Co-op location-services API,Food,True,Acomb,,False,False
CG-105063-0000,Co-operative Group,105063-0000,5063.0,York - Paragon Street,The Co-operative Group,Paragon Street,York,York,YO10 4AH,53.9537444,-1.073588,Co-op location-services API,Lunar,True,,,False,False
CG-105373-0000,Co-operative Group,105373-0000,5373.0,Brundall - 49-53 The Street,The Co-operative Group,49-53 The Street,Norwich,Norfolk,NR13 5AA,52.624144,1.433495,Co-op location-services API,Food,True,Brundall,,False,False
CG-106627-0000,Co-operative Group,106627-0000,6627.0,Peel - Michael Street,The Co-operative Group,Michael Street,Peel,Isle of Man,IM5 1AG,54.2228112,-4.6942868,Co-op location-services API,Lunar,True,,,False,False
CG-109766-0000,Co-operative Group,109766-0000,9766.0,Aylsham - Market Place,The Co-operative Group,20-22 Market Place,Norwich,Norfolk,NR11 6EL,52.7955063,1.2511494,Co-op location-services API,Lunar,True,Aylsham,,False,False
CG-103753-0000,Co-operative Group,103753-0000,3753.0,York - The Stonebow,The Co-operative Group,8-10 The Stonebow,York,York,YO1 7NP,53.959397628322506,-1.0783494,Co-op location-services API,Lunar,True,,,False,False
CG-109138-0000,Co-operative Group,109138-0000,9138.0,York - Hull Road,The Co-operative Group,103-104 Hull Road,York,York,YO10 3LQ,53.953273,-1.053191,Co-op location-services API,Food,True,,,False,False
CG-108542-0000,Co-operative Group,108542-0000,8542.0,York - Tang Hall Lane,The Co-operative Group,143-145 Tang Hall Lane,York,York,YO10 3SD,53.959058,-1.049673,Co-op location-services API,Food,True,,,False,False
CG-105544-0000,Co-operative Group,105544-0000,5544.0,York - Clarence Street,The Co-operative Group,Clarence Street,York,York,YO31 7WS,53.96811,-1.082,Co-op location-services API,Food,True,,,False,False
CG-108538-0000,Co-operative Group,108538-0000,8538.0,Heworth - East Parade,The Co-operative Group,75-77 East Parade,York,York,YO31 7YB,53.9655742,-1.0639253,Co-op location-services API,Food,True,Heworth,,False,False
CG-109157-0000,Co-operative Group,109157-0000,9157.0,Cottingham - Crescent Street,The Co-operative Group,Crescent Street,Cottingham,East Riding Of Yorkshire,HU16 5QS,53.7823592,-0.4150211,Co-op location-services API,Food,True,,,False,False
CG-104079-0000,Co-operative Group,104079-0000,4079.0,Kessingland - Field Lane,The Co-operative Group,44-48 Field Lane,Lowestoft,Suffolk,NR33 7QA,52.42077219999999,1.7178415,Co-op location-services API,Food,True,Kessingland,,False,False
CG-105023-0000,Co-operative Group,105023-0000,5023.0,Hull - Greenwood Avenue,The Co-operative Group,Greenwood Avenue,Hull,"Kingston Upon Hull, City Of",HU6 9NA,53.7817207,-0.3613556,Co-op location-services API,Lunar,True,,,False,False
CG-108523-0000,Co-operative Group,108523-0000,8523.0,Haxby - Rydale Court,The Co-operative Group,Ryedale Court,York,York,YO32 3SA,54.01609929999999,-1.0736989,Co-op location-services API,Food,True,Haxby,,False,False
CG-106653-0000,Co-operative Group,106653-0000,6653.0,Pocklington - Market Place,The Co-operative Group,63 Market Place,York,East Riding Of Yorkshire,YO42 2AE,53.9309746,-0.7780258,Co-op location-services API,Food,True,Pocklington,,False,False
CG-105015-0000,Co-operative Group,105015-0000,5015.0,Thorngumbald - Main Road,The Co-operative Group,160 Main Road,Hull,East Riding Of Yorkshire,HU12 9NE,53.720156,-0.168127,Co-op location-services API,Food,True,Thorngumbald,,False,False
CG-104914-0000,Co-operative Group,104914-0000,4914.0,Hull - Elmbridge Parade,The Co-operative Group,Greatfield Estate,Hull,"Kingston Upon Hull, City Of",HU9 4JU,53.7565384,-0.2547089,Co-op location-services API,Food,True,Elmbridge Parade,,False,False
CG-104364-0000,Co-operative Group,104364-0000,4364.0,Beverley - Lincoln Way,The Co-operative Group,Lincoln Way,Beverley,East Riding Of Yorkshire,HU17 8RH,53.829508,-0.434504,Co-op location-services API,Lunar,True,,,False,False
CG-105962-0000,Co-operative Group,105962-0000,5962.0,Ramsey - Christian Street,The Co-operative Group,3 Christian Street,Ramsey,Isle of Man,IM8 1DG,54.3214286,-4.384236899999999,Co-op location-services API,Food,True,,,False,False
CG-106695-0000,Co-operative Group,106695-0000,6695.0,Ramsey - Parliament Street,The Co-operative Group,Parliament Street,Ramsey,Isle of Man,IM8 1AQ,54.3221898,-4.382778000000001,Co-op location-services API,Lunar,True,,,False,False
CG-104266-0000,Co-operative Group,104266-0000,4266.0,Kingswood - School Lane,The Co-operative Group,School Lane,Hull,"Kingston Upon Hull, City Of",HU7 3JQ,53.8017685,-0.3524315,Co-op location-services API,Food,True,Kingswood Parks,,False,False
CG-108264-0000,Co-operative Group,108264-0000,8264.0,Stamford Bridge - The Square,The Co-operative Group,4 The Square,York,East Riding Of Yorkshire,YO41 1AF,53.991425,-0.914858,Co-op location-services API,Food,True,Stamford Bridge,,False,False
CG-108045-0000,Co-operative Group,108045-0000,8045.0,Bowness - Lake Road,The Co-operative Group,Lake Road,Windermere,Cumbria,LA23 3BT,54.365441,-2.918277,Co-op location-services API,Food,True,Bowness-On-Windermere,,False,False
CG-105372-0000,Co-operative Group,105372-0000,5372.0,Cromer - High Street,The Co-operative Group,High Street,Cromer,Norfolk,NR27 9HG,52.9316388,1.3004638,Co-op location-services API,Food,True,,,False,False
CG-105734-0000,Co-operative Group,105734-0000,5734.0,Hawkshead - Main Street,The Co-operative Group,Main Street,Ambleside,Cumbria,LA22 0NZ,54.3749061,-2.9988463,Co-op location-services API,Food,True,Hawkshead,,False,False
CG-105094-0000,Co-operative Group,105094-0000,5094.0,Seascale - Gosforth Road,The Co-operative Group,Gosforth Road,Seascale,Cumbria,CA20 1PR,54.39639709999999,-3.480749899999999,Co-op location-services API,Food,True,,,False,False
CG-107779-0000,Co-operative Group,107779-0000,7779.0,Windermere - Oak Street,The Co-operative Group,2 Oak Street,Windermere,Cumbria,LA23 1EN,54.3778066,-2.9054633,Co-op location-services API,Food,True,,,False,False
CG-108537-0000,Co-operative Group,108537-0000,8537.0,Easingwold - Long Street,The Co-operative Group,179b Long Street,York,North Yorkshire,YO61 3JB,54.1183606,-1.1904334,Co-op location-services API,Food,True,Easingwold,,False,False
CG-106965-0000,Co-operative Group,106965-0000,6965.0,Masham - Leyburn Road,The Co-operative Group,7 Leyburn Road,Ripon,North Yorkshire,HG4 4ER,54.22360279999999,-1.6588562,Co-op location-services API,Food,True,Masham,,False,False
CG-108279-0000,Co-operative Group,108279-0000,8279.0,Easingwold - Market Place,The Co-operative Group,Market Place,York,North Yorkshire,YO61 3AG,54.12102,-1.192405,Co-op location-services API,Food,True,Easingwold,,False,False
CG-108046-0000,Co-operative Group,108046-0000,8046.0,Ambleside - Compston Road,The Co-operative Group,Compston Road,Ambleside,Cumbria,LA22 9DR,54.432175,-2.963629,Co-op location-services API,Food,True,,,False,False
CG-105498-0000,Co-operative Group,105498-0000,5498.0,Hemsby - Kings Way,The Co-operative Group,5-7 Kings way,Great Yarmouth,Norfolk,NR29 4JT,52.697622,1.691585,Co-op location-services API,Food,True,Hemsby,,False,False
CG-108236-0000,Co-operative Group,108236-0000,8236.0,Leyburn - Market Place,The Co-operative Group,11 Market Place,Leyburn,North Yorkshire,DL8 5BG,54.30957840000001,-1.8293553,Co-op location-services API,Food,True,,,False,False
CG-108047-0000,Co-operative Group,108047-0000,8047.0,Grasmere - Broadgate,The Co-operative Group,229 Broadgate,Ambleside,Cumbria,LA22 9TA,54.460321,-3.023351,Co-op location-services API,Food,True,Grasmere,,False,False
CG-109141-0000,Co-operative Group,109141-0000,9141.0,Thirsk - Market Place,The Co-operative Group,32 Market Place,Thirsk,North Yorkshire,YO7 1LB,54.2322953,-1.3425545,Co-op location-services API,Food,True,,,False,False
CG-108237-0000,Co-operative Group,108237-0000,8237.0,Bedale - Market Court,The Co-operative Group,3 Market Court,Bedale,North Yorkshire,DL8 1YA,54.288676,-1.5930159,Co-op location-services API,Food,True,,,False,False
CG-104909-0000,Co-operative Group,104909-0000,4909.0,Egremont - Main Street,The Co-operative Group,42 Main Street,Egremont,Cumbria,CA22 2AD,54.48194819999999,-3.5281216,Co-op location-services API,Food,True,,,False,False
CG-104258-0000,Co-operative Group,104258-0000,4258.0,Leeming Bar - Leeming Lane,The Co-operative Group,"1A, Leeming Lane",Northallerton,North Yorkshire,DL7 9AT,54.304851,-1.559436,Co-op location-services API,Food,True,Leeming Bar,,False,False
CG-105781-0000,Co-operative Group,105781-0000,5781.0,Hornsea - Newbegin,The Co-operative Group,29-51 Newbegin,Hornsea,East Riding Of Yorkshire,HU18 1AB,53.911263,-0.169938,Co-op location-services API,Lunar,True,,,False,False
CG-104796-0000,Co-operative Group,104796-0000,4796.0,Cleator Moor - Leconfield Street,The Co-operative Group,Leconfield Street,Cleator Moor,Cumbria,CA25 5PX,54.5230213,-3.5248644,Co-op location-services API,Food,True,,,False,False
CG-108541-0000,Co-operative Group,108541-0000,8541.0,Northallerton - Boroughbridge Road,The Co-operative Group,Boroughbridge Road,Northallerton,North Yorkshire,DL7 8BE,54.328409,-1.446201,Co-op location-services API,Food,True,,,False,False
CG-105853-0000,Co-operative Group,105853-0000,5853.0,Kirby Stephen - Red Mayne Road,The Co-operative Group,Redmayne Road,Kirkby Stephen,Cumbria,CA17 4RL,54.4764028,-2.3505842,Co-op location-services API,Food,True,,,False,False
CG-108240-0000,Co-operative Group,108240-0000,8240.0,Colburn - Broadway,The Co-operative Group,11 Broadway,Catterick Garrison,North Yorkshire,DL9 4RF,54.37936200000001,-1.686485,Co-op location-services API,Food,True,Catterick,,False,False
CG-108550-0000,Co-operative Group,108550-0000,8550.0,Helmsley - Market Place,The Co-operative Group,3-4 Market Place,York,North Yorkshire,YO62 5BH,54.246301,-1.060788,Co-op location-services API,Food,True,Helmsley,,False,False
CG-108238-0000,Co-operative Group,108238-0000,8238.0,Catterick - High Street,The Co-operative Group,44 High Street,Richmond,North Yorkshire,DL10 7LD,54.3781458,-1.6321113,Co-op location-services API,Food,True,Catterick,,False,False
CG-109142-0000,Co-operative Group,109142-0000,9142.0,Richmond - Market Place,The Co-operative Group,6 Market Place,Richmond,North Yorkshire,DL10 4HU,54.4033935,-1.7367947,Co-op location-services API,Food,True,,,False,False
CG-153774-SPET,Co-operative Group,153774-SPET,3774.0,Brompton - Northallerton,The Co-operative Group,Northallerton Road,Northallerton,North Yorkshire,DL6 2PX,54.37358941,-1.434092368,Co-op location-services API,Food/Petrol,True,Brompton,,False,False
CG-105664-0000,Co-operative Group,105664-0000,5664.0,Kirkbymoorside - Piercy End,The Co-operative Group,Piercy End,York,North Yorkshire,YO62 6DG,54.26667764557275,-0.9307294669896206,Co-op location-services API,Food,True,Kirkbymoorside,,False,False
CG-108111-0000,Co-operative Group,108111-0000,8111.0,Pickering - Eastgate,The Co-operative Group,99b Eastgate,Pickering,North Yorkshire,YO18 7DW,54.2421167,-0.7712044000000001,Co-op location-services API,Food,True,Eastgate,,False,False
CG-108257-0000,Co-operative Group,108257-0000,8257.0,Pickering - Market Place,The Co-operative Group,59 Champleys Mews,Pickering,North Yorkshire,YO18 7AE,54.245354,-0.778325,Co-op location-services API,Food,True,Market Place,,False,False
CG-103705-0000,Co-operative Group,103705-0000,3705.0,Appleby In Westmoreland - The Sands,The Co-operative Group,The Sands,Appleby-In-Westmorland,Cumbria,CA16 6XN,54.578027752010094,-2.4885519436367667,Co-op location-services API,Food,True,,,False,False
CG-106815-0000,Co-operative Group,106815-0000,6815.0,Bridlington - St. Johns Street,The Co-operative Group,100 St. John's Street,Bridlington,East Riding Of Yorkshire,YO16 7JS,54.0921659,-0.2041731,Co-op location-services API,Lunar,True,,,False,False
CG-109158-0000,Co-operative Group,109158-0000,9158.0,Bridlington - Martongate,The Co-operative Group,3 Martongate,Bridlington,East Riding Of Yorkshire,YO16 6YS,54.0996854,-0.1876875,Co-op location-services API,Food,True,Sewerby,,False,False
CG-104611-0000,Co-operative Group,104611-0000,4611.0,Barnard Castle - Horse Market,The Co-operative Group,17 Horsemarket,Barnard Castle,County Durham,DL12 8LY,54.54897740000001,-1.9126843,Co-op location-services API,Food,True,,,False,False
CG-105790-0000,Co-operative Group,105790-0000,5790.0,Hunmanby - Bridlington Street,The Co-operative Group,33 Bridlington Street,Filey,North Yorkshire,YO14 0JR,54.1799372,-0.3206803,Co-op location-services API,Food,True,Hunmanby,,False,False
CG-108850-0000,Co-operative Group,108850-0000,8850.0,Flamborough - Allison Lane,The Co-operative Group,Allison Lane,Bridlington,East Riding Of Yorkshire,YO15 1NE,54.116275,-0.122567,Co-op location-services API,Food,True,Flamborough,,False,False
CG-107560-0000,Co-operative Group,107560-0000,7560.0,Mowden - Fulthorpe Avenue,The Co-operative Group,102-106 Fulthorpe Avenue,Darlington,Darlington,DL3 9XT,54.5272114,-1.5942905,Co-op location-services API,Food,True,,,False,False
CG-109135-0000,Co-operative Group,109135-0000,9135.0,Cockerton - Cockerton Drive,The Co-operative Group,315-317 Woodland Road,Darlington,Darlington,DL3 9AA,54.53362389999999,-1.5788966,Co-op location-services API,Food,True,Cockerton,,False,False
CG-105075-0000,Co-operative Group,105075-0000,5075.0,Yarm - Davenport Road,The Co-operative Group,Davenport Road,Yarm,Stockton-On-Tees,TS15 9TN,54.4942884,-1.3562713,Co-op location-services API,Food,True,,,False,False
CG-107399-0000,Co-operative Group,107399-0000,7399.0,Middleton In Teesdale - Chapel Row,The Co-operative Group,9-12 Chapel Row,Barnard Castle,County Durham,DL12 0SN,54.6236899,-2.080801000000001,Co-op location-services API,Food,True,Middleton in Teesdale,,False,False
CG-108239-0000,Co-operative Group,108239-0000,8239.0,Stokesley - High Street,The Co-operative Group,44 High Street,Middlesbrough,North Yorkshire,TS9 5DQ,54.4698754,-1.1935923,Co-op location-services API,Food,True,Stokesley,,False,False
CG-108259-0000,Co-operative Group,108259-0000,8259.0,Stokesley - Springfield,The Co-operative Group,Springfield,Middlesbrough,North Yorkshire,TS9 5ER,54.471962,-1.1863725,Co-op location-services API,Food,True,,,False,False
CG-107380-0000,Co-operative Group,107380-0000,7380.0,Eaglescliffe - Sunningdale Drive,The Co-operative Group,1 Sunningdale Drive,Stockton-On-Tees,Stockton-On-Tees,TS16 9JP,54.52038040000001,-1.3498586,Co-op location-services API,Lunar,True,Eaglescliffe,,False,False
CG-104276-0000,Co-operative Group,104276-0000,4276.0,Hillsborough - Lisburn Street,The Co-operative Group,8 Lisburn Street,Hillsborough,Lisburn And Castlereagh,BT26 6AB,54.4632588,-6.0832115,Co-op location-services API,Food,True,,,False,False
CG-105398-0000,Co-operative Group,105398-0000,5398.0,Ingleby Barwick - The Rings,The Co-operative Group,The Rings,Stockton-On-Tees,Stockton-On-Tees,TS17 5AA,54.522395,-1.3216406,Co-op location-services API,Food,True,Ingleby Barwick,,False,False
CG-104805-0000,Co-operative Group,104805-0000,4805.0,Cockfield - Prospect Square,The Co-operative Group,Prospect Square,Bishop Auckland,County Durham,DL13 5ED,54.61295999999999,-1.807719,Co-op location-services API,Lunar,True,Front Street  Cockfield,,False,False
CG-108544-0000,Co-operative Group,108544-0000,8544.0,Scarborough - Newlands Park Drive,The Co-operative Group,42-46 Newlands Park Drive,Scarborough,North Yorkshire,YO12 6DJ,54.2935779,-0.4222025999999999,Co-op location-services API,Food,True,,,False,False
CG-104997-0000,Co-operative Group,104997-0000,4997.0,Great Ayton - High Street,The Co-operative Group,117 High Street,Middlesbrough,North Yorkshire,TS9 6BW,54.48836309999999,-1.1332191,Co-op location-services API,Food,True,Great Ayton,,False,False
CG-104591-0000,Co-operative Group,104591-0000,4591.0,Aspatria - King Street,The Co-operative Group,6 Queen Street carpark,Wigton,Cumbria,CA7 3AS,54.7641028,-3.3286797,Co-op location-services API,Food,True,Aspatria,,False,False
CG-106901-0000,Co-operative Group,106901-0000,6901.0,Brookfield - The Oval  Centre Court,The Co-operative Group,1-3 Centre Court,Middlesbrough,Middlesbrough,TS5 8HP,54.5313177,-1.2523225,Co-op location-services API,Food,True,The Oval  Brookfield,,False,False
CG-109132-0000,Co-operative Group,109132-0000,9132.0,Hartburn - Harper's Parade,The Co-operative Group,10 Harpers Parade,Stockton-On-Tees,Stockton-On-Tees,TS18 5EQ,54.5551033,-1.3406483,Co-op location-services API,Lunar,True,Hartburn,,False,False
CG-105929-0000,Co-operative Group,105929-0000,5929.0,Lisburn - Longstone Street,The Co-operative Group,164 Longstone Street,Lisburn,Lisburn And Castlereagh,BT28 1TT,54.509519,-6.0590982,Co-op location-services API,Food,True,,,False,False
CG-106078-0000,Co-operative Group,106078-0000,6078.0,Shildon - Dale Road,The Co-operative Group,Dale Road,Shildon,County Durham,DL4 2JT,54.62228897802828,-1.6393501121993113,Co-op location-services API,Food,True,,,False,False
CG-104632-0000,Co-operative Group,104632-0000,4632.0,Lisburn - Belsize Road,The Co-operative Group,100 Belsize Road,Lisburn,Lisburn And Castlereagh,BT27 4BP,54.5239442,-6.039752600000001,Co-op location-services API,Food,True,,,False,False
CG-105981-0000,Co-operative Group,105981-0000,5981.0,Belfast - Upper Malone Road,The Co-operative Group,32 Upper Malone Road,Belfast,Belfast,BT9 5NA,54.5552606,-5.9663586,Co-op location-services API,Food,True,,,False,False
CG-106699-0000,Co-operative Group,106699-0000,6699.0,Redhill Road - Stockton,The Co-operative Group,63 Redhill Road,Stockton-On-Tees,Stockton-On-Tees,TS19 9BX,54.5881017,-1.3419726,Co-op location-services API,Lunar,True,Roseworth Estate,,False,False
CG-104874-0000,Co-operative Group,104874-0000,4874.0,Donaghadee - New Street,The Co-operative Group,20 New Street,Donaghadee,Ards And North Down,BT21 0AG,54.6421722,-5.535506100000001,Co-op location-services API,Food,True,,,False,False
CG-106718-0000,Co-operative Group,106718-0000,6718.0,Belfast - Rosetta Road,The Co-operative Group,69 Rosetta Road,Belfast,Belfast,BT6 0LR,54.57098039999999,-5.902213199999999,Co-op location-services API,Food,True,,,False,False
CG-105861-0000,Co-operative Group,105861-0000,5861.0,Belfast - Ormeau Road,The Co-operative Group,390 Ormeau Road,Belfast,Belfast,BT7 3HX,54.5690198,-5.9135811,Co-op location-services API,Food,True,Knockbreda,,False,False
CG-104974-0000,Co-operative Group,104974-0000,4974.0,Gilnahirk - Kings Road,The Co-operative Group,Kings Road,Belfast,Belfast,BT5 7EJ,54.5892969,-5.8460127,Co-op location-services API,Food,True,,,False,False
CG-104940-0000,Co-operative Group,104940-0000,4940.0,Finaghy - Upper Lisburn Road,The Co-operative Group,124 Upper Lisburn Road,Belfast,Belfast,BT10 0BD,54.5617308,-5.983699299999999,Co-op location-services API,Food,True,,,False,False
CG-104830-0000,Co-operative Group,104830-0000,4830.0,Belfast - Cregagh Road,The Co-operative Group,61 Cregagh Road,Belfast,Belfast,BT6 8PY,54.5844592,-5.899182100000001,Co-op location-services API,Food,True,,,False,False
CG-104627-0000,Co-operative Group,104627-0000,4627.0,Belfast - Beersbridge Road,The Co-operative Group,361 Beersbridge Road,Belfast,Belfast,BT5 5DT,54.59300829999999,-5.888562899999999,Co-op location-services API,Food,True,,,False,False
CG-104692-0000,Co-operative Group,104692-0000,4692.0,Belfast - Lisburn Road,The Co-operative Group,191 Lisburn Road,Belfast,Belfast,BT9 7EJ,54.5824126,-5.946794199999998,Co-op location-services API,Food,True,,,False,False
CG-109107-0000,Co-operative Group,109107-0000,9107.0,Wigton - Station Road,The Co-operative Group,Station Road,Wigton,Cumbria,CA7 9AF,54.8266142,-3.1603354,Co-op location-services API,Food,True,,,False,False
CG-106850-0000,Co-operative Group,106850-0000,6850.0,Sydenham - Connsbrook Avenue,The Co-operative Group,156 Connsbrook Ave,Belfast,Belfast,BT4 1JX,54.6034735,-5.8815596,Co-op location-services API,Food,True,Sydenham,,False,False
CG-108728-0000,Co-operative Group,108728-0000,8728.0,Kirkcudbright - St Cuthbert Street,The Co-operative Group,St Cuthbert Street,Kirkcudbright,Dumfries And Galloway,DG6 4HZ,54.8368074,-4.0521194,Co-op location-services API,Food,True,,,False,False
CG-105967-0000,Co-operative Group,105967-0000,5967.0,Bangor - Groomsport Road,The Co-operative Group,82-84 Groomsport Road,Bangor,Ards And North Down,BT20 5NF,54.66344369999999,-5.6439287,Co-op location-services API,Food,True,Ballyholme,,False,False
CG-106753-0000,Co-operative Group,106753-0000,6753.0,Belfast - Shankill Road,The Co-operative Group,192-212 Shankill Road,Belfast,Belfast,BT13 2BJ,54.6038077,-5.949203399999999,Co-op location-services API,Food,True,,,False,False
CG-106748-0000,Co-operative Group,106748-0000,6748.0,Sedgefield - Front Street,The Co-operative Group,Front Street,Stockton-On-Tees,County Durham,TS21 3AT,54.6538038,-1.4504576,Co-op location-services API,Food,True,Sedgefield,,False,False
CG-106900-0000,Co-operative Group,106900-0000,6900.0,Wynyard - The Granary,The Co-operative Group,Unit 2 The Granary,Billingham,Stockton-On-Tees,TS22 5QG,54.6366972,-1.3501733,Co-op location-services API,Food,True,Wynyard Park Estate  Wynyard,,False,False
CG-108847-0000,Co-operative Group,108847-0000,8847.0,Dalston - Glave Hill Court,The Co-operative Group,Townhead Road,Carlisle,Cumbria,CA5 7QS,54.840933,-2.984511,Co-op location-services API,Food,True,Dalston,,False,False
CG-106115-0000,Co-operative Group,106115-0000,6115.0,Wynyard - Hanzard Drive,The Co-operative Group,Hanzard Drive,Wynyard,Stockton-On-Tees,TS22 5FD,54.63664565108561,-1.328272391427068,Co-op location-services API,Food,True,,,False,False
CG-106783-0000,Co-operative Group,106783-0000,6783.0,Skelton - High Street,The Co-operative Group,80 High Street,Saltburn-By-The-Sea,Redcar And Cleveland,TS12 2EB,54.561012,-0.9831339,Co-op location-services API,Food,True,Skelton,,False,False
CG-105983-0000,Co-operative Group,105983-0000,5983.0,Belfast - Antrim Road,The Co-operative Group,238-240 Antrim Road,Belfast,Belfast,BT15 2AR,54.61587859999999,-5.9378357,Co-op location-services API,Food,True,,,False,False
CG-108247-0000,Co-operative Group,108247-0000,8247.0,Willington - Commercial Street,The Co-operative Group,1 Commercial Street,Crook,County Durham,DL15 0AD,54.7111129,-1.6928543,Co-op location-services API,Food,True,Willington,,False,False
CG-104937-0000,Co-operative Group,104937-0000,4937.0,Ferryhill - Market Place,The Co-operative Group,9-10 Market Place,Ferryhill,County Durham,DL17 8JN,54.6889541,-1.5569033,Co-op location-services API,Food,True,,,False,False
CG-104571-0000,Co-operative Group,104571-0000,4571.0,Alston - Market Square,The Co-operative Group,Market Place,Alston,Cumbria,CA9 3HS,54.8124452,-2.4386219,Co-op location-services API,Lunar,True,,,False,False
CG-107523-0000,Co-operative Group,107523-0000,7523.0,Belfast - Old Park Road,The Co-operative Group,523-525 Old Park Road,Belfast,Belfast,BT14 6QU,54.6221717,-5.9563615,Co-op location-services API,Food,True,,,False,False
CG-106776-0000,Co-operative Group,106776-0000,6776.0,Silloth - Caldew Street,The Co-operative Group,Caldew Street,Wigton,Cumbria,CA7 4BY,54.8703865,-3.386076,Co-op location-services API,Food,True,Silloth,,False,False
CG-109134-0000,Co-operative Group,109134-0000,9134.0,Loftus - High Street,The Co-operative Group,29 High Street,Saltburn-By-The-Sea,Redcar And Cleveland,TS13 4HA,54.55387500000001,-0.8845383,Co-op location-services API,Food,True,Loftus,,False,False
CG-153776-0000,Co-operative Group,153776-0000,3776.0,Saltburn - Marske Road,The Co-operative Group,Marske Road,Salt Burn-By-The-Sea,Redcar And Cleveland,TS12 1NR,54.58108097,-0.991056131,Co-op location-services API,Food/Petrol,True,Cleveland,,False,False
CG-107989-0000,Co-operative Group,107989-0000,7989.0,Whitby - New Quay Road,The Co-operative Group,Langborne Road,Whitby,North Yorkshire,YO21 1YW,54.4842856,-0.614057,Co-op location-services API,Food,True,,,False,False
CG-105985-0000,Co-operative Group,105985-0000,5985.0,Belfast - Ballysillan Road,The Co-operative Group,323 Ballysillan Road,Belfast,Belfast,BT14 6RE,54.6288034,-5.963851500000001,Co-op location-services API,Food,True,,,False,False
CG-107257-0000,Co-operative Group,107257-0000,7257.0,Marske By The Sea - High Street,The Co-operative Group,69 High Street,Redcar,Redcar And Cleveland,TS11 6JL,54.59038160000001,-1.0195457,Co-op location-services API,Food,True,Marske-by-the-Sea,,False,False
CG-106955-0000,Co-operative Group,106955-0000,6955.0,Tow Law - High Street,The Co-operative Group,47a High Street,Bishop Auckland,County Durham,DL13 4DH,54.74610759999999,-1.815037099999999,Co-op location-services API,Food,True,Tow Law,,False,False
CG-104942-0000,Co-operative Group,104942-0000,4942.0,Fishburn - Butterwick Road,The Co-operative Group,10 Butterwick Road,Stockton-On-Tees,County Durham,TS21 4AP,54.6823874,-1.4348369,Co-op location-services API,Food,True,Fishburn,,False,False
CG-107541-0000,Co-operative Group,107541-0000,7541.0,Moy - Dungannon Road,The Co-operative Group,10 Dungannon Street,Dungannon,Mid Ulster,BT71 7SH,54.4473672,-6.6949348,Co-op location-services API,Food,True,Moy,,False,False
CG-106936-0000,Co-operative Group,106936-0000,6936.0,Staithes - Whitby Road,The Co-operative Group,5 Whitby Road,Saltburn-By-The-Sea,North Yorkshire,TS13 5AL,54.5516862,-0.7915765000000001,Co-op location-services API,Food,True,Staithes,,False,False
CG-107371-0000,Co-operative Group,107371-0000,7371.0,Morton - Carlisle,The Co-operative Group,Stonegarth Road,Carlisle,Cumbria,CA2 6PD,54.8825519,-2.9651177,Co-op location-services API,Food,True,Morton,,False,False
CG-107697-0000,Co-operative Group,107697-0000,7697.0,Trimdon - Church Road,The Co-operative Group,Church Road,Trimdon Station,County Durham,TS29 6PY,54.6986784,-1.428339,Co-op location-services API,Food,True,,,False,False
CG-104578-0000,Co-operative Group,104578-0000,4578.0,Wigtown - Main Street,The Co-operative Group,30 North Main Street,Newton Stewart,Dumfries And Galloway,DG8 9HJ,54.867515,-4.4444287,Co-op location-services API,Food,True,Wigtown,,False,False
CG-107298-0000,Co-operative Group,107298-0000,7298.0,Carlisle - Blackwell Road,The Co-operative Group,26a Blackwell Road,Carlisle,Cumbria,CA2 4EQ,54.88220260000001,-2.9284009,Co-op location-services API,Food,True,,,False,False
CG-104768-0000,Co-operative Group,104768-0000,4768.0,Harraby - Central Avenue,The Co-operative Group,Central Avenue,Carlisle,Cumbria,CA1 3QB,54.8816455,-2.9011333,Co-op location-services API,Food,True,Harraby,,False,False
CG-107342-0000,Co-operative Group,107342-0000,7342.0,Coxhoe - Park Road,The Co-operative Group,Petterson Dale,Durham,County Durham,DH6 4HA,54.716625,-1.502975,Co-op location-services API,Food,True,Coxhoe,,False,False
CG-104866-0000,Co-operative Group,104866-0000,4866.0,Carlisle - Denton Street,The Co-operative Group,Denton Street,Carlisle,Cumbria,CA2 5EN,54.8870639,-2.9403726,Co-op location-services API,Food,True,,,False,False
CG-105531-0000,Co-operative Group,105531-0000,5531.0,Bowburn - Durham Road,The Co-operative Group,Durham Road,Durham,County Durham,DH6 5AT,54.7308575,-1.5221162,Co-op location-services API,Food,True,Bowburn,,False,False
CG-104687-0000,Co-operative Group,104687-0000,4687.0,Brandon - Lowlands Road,The Co-operative Group,Lowland Road,Durham,County Durham,DH7 8NN,54.7516398,-1.6302728,Co-op location-services API,Food,True,Brandon,,False,False
CG-104920-0000,Co-operative Group,104920-0000,4920.0,Esh Winning - Newhouse Road,The Co-operative Group,New House Road,Durham,County Durham,DH7 9JX,54.770065,-1.704796,Co-op location-services API,Food,True,Esh Winning,,False,False
CG-108873-0000,Co-operative Group,108873-0000,8873.0,Warwick Bridge - King George Gdns,The Co-operative Group,King George Gardens,Carlisle,Cumbria,CA4 8SA,54.9038324,-2.8178431,Co-op location-services API,Food,True,,,False,False
CG-105980-0000,Co-operative Group,105980-0000,5980.0,Newtownabbey - Beverley Road,The Co-operative Group,10-12 Beverley Road,Newtownabbey,Antrim And Newtownabbey,BT36 6QD,54.6886923,-5.948705299999999,Co-op location-services API,Food,True,,,False,False
CG-108707-0000,Co-operative Group,108707-0000,8707.0,Dalbeattie - High Street,The Co-operative Group,55 High Street,Dalbeattie,Dumfries And Galloway,DG5 4HA,54.9321008,-3.8207588,Co-op location-services API,Food,True,,,False,False
CG-108249-0000,Co-operative Group,108249-0000,8249.0,Ushaw Moor - Broom Lane,The Co-operative Group,Broom Lane,Durham,County Durham,DH7 7LQ,54.7775226,-1.6445108,Co-op location-services API,Food,True,Ushaw Moor,,False,False
CG-104368-0000,Co-operative Group,104368-0000,4368.0,Wingate - Durham Road,The Co-operative Group,Durham Road,Wingate,County Durham,TS28 5HS,54.7375437,-1.3812352,Co-op location-services API,Food,True,,,False,False
CG-107984-0000,Co-operative Group,107984-0000,7984.0,Wheatley Hill - Quylstile Road,The Co-operative Group,Quillstile Road,Durham,County Durham,DH6 3RF,54.7451501,-1.4188992,Co-op location-services API,Food,True,Wheatley Hill,,False,False
CG-108705-0000,Co-operative Group,108705-0000,8705.0,Castle Douglas - Cotton Street,The Co-operative Group,Cotton St,Castle Douglas,Dumfries And Galloway,DG7 1AN,54.9409065,-3.9322219,Co-op location-services API,Food,True,,,False,False
CG-108250-0000,Co-operative Group,108250-0000,8250.0,Langley Park - Quebec Street,The Co-operative Group,36-38 Quebec Street,Durham,County Durham,DH7 9UU,54.798994,-1.6746038,Co-op location-services API,Food,True,Langley Park,,False,False
CG-106762-0000,Co-operative Group,106762-0000,6762.0,Sherburn Village - Front Street,The Co-operative Group,Front Street,Durham,County Durham,DH6 1HD,54.774677,-1.505616,Co-op location-services API,Food,True,Sherburn Village,,False,False
CG-105275-0000,Co-operative Group,105275-0000,5275.0,Framwellgate Moor - Dryburn View,The Co-operative Group,Dryburn View,Durham,County Durham,DH1 5AP,54.7928976,-1.590898,Co-op location-services API,Food,True,Framwellgate Moor,,False,False
CG-106773-0000,Co-operative Group,106773-0000,6773.0,Shotton Colliery - Old School Row,The Co-operative Group,Cooperative Terrace,Durham,County Durham,DH6 2LW,54.761545,-1.387854,Co-op location-services API,Food,True,Shotton Colliery,,False,False
CG-106576-0000,Co-operative Group,106576-0000,6576.0,Newton Hall - Carr House Drive,The Co-operative Group,Carr House Drive,Durham,County Durham,DH1 5LT,54.7993134,-1.5745311,Co-op location-services API,Food,True,Newton Hall,,False,False
CG-104656-0000,Co-operative Group,104656-0000,4656.0,Blackhall - Middle Street,The Co-operative Group,Middle Street,Hartlepool,County Durham,TS27 4EA,54.747228,-1.288895,Co-op location-services API,Food,True,Blackhall Colliery,,False,False
CG-104906-0000,Co-operative Group,104906-0000,4906.0,Brampton - Main Street,The Co-operative Group,1-7 Main Street,Brampton,Cumbria,CA8 1RS,54.942963,-2.733037,Co-op location-services API,Food,True,,,False,False
CG-107506-0000,Co-operative Group,107506-0000,7506.0,Leadgate - Front Street,The Co-operative Group,33-34 Front Street,Durham,County Durham,DH8 7SB,54.8595159,-1.806440399999999,Co-op location-services API,Food,True,Leadgate,,False,False
CG-106579-0000,Co-operative Group,106579-0000,6579.0,Newton Stewart - Victoria Street,The Co-operative Group,25 Victoria Street,Newton Stewart,Dumfries And Galloway,DG8 6NL,54.9582437,-4.4824435,Co-op location-services API,Food,True,,,False,False
CG-104944-0000,Co-operative Group,104944-0000,4944.0,Fivemiletown - Main Street,The Co-operative Group,Main Street,Fivemiletown,Mid Ulster,BT75 0RX,54.3766258,-7.319566800000001,Co-op location-services API,Food,True,,,False,False
CG-104898-0000,Co-operative Group,104898-0000,4898.0,Easington Colliery - Seaside Lane,The Co-operative Group,Seaside Lane,Peterlee,County Durham,SR8 3PF,54.7881404,-1.3295039,Co-op location-services API,Food,True,Easington Colliery,,False,False
CG-104207-0000,Co-operative Group,104207-0000,4207.0,Gretna - Annan Road,The Co-operative Group,Annan Road,Gretna,Dumfries And Galloway,DG16 5DH,54.9955195,-3.0686964,Co-op location-services API,Food,True,,,False,False
CG-106960-0000,Co-operative Group,106960-0000,6960.0,Ballynure - Main Street,The Co-operative Group,27 Main Street,Ballyclare,Antrim And Newtownabbey,BT39 9TU,54.7717718,-5.952448,Co-op location-services API,Lunar,True,Ballynure,,False,False
CG-103667-0000,Co-operative Group,103667-0000,3667.0,Great Lumley - Front Street,The Co-operative Group,Front Street,Chester Le Street,County Durham,DH3 4JB,54.83647371920389,-1.5473772851859002,Co-op location-services API,Food,True,Great Lumley,,False,False
CG-106087-0000,Co-operative Group,106087-0000,6087.0,Murton - Church Road,The Co-operative Group,Church Street,Seaham,County Durham,SR7 9NX,54.815043756408265,-1.3863119385663387,Co-op location-services API,Lunar,True,Murton,,False,False
CG-105715-0000,Co-operative Group,105715-0000,5715.0,Haltwhistle - Main Street,The Co-operative Group,Main Street,Haltwhistle,Northumberland,NE49 9AH,54.9696887,-2.46141,Co-op location-services API,Food,True,,,False,False
CG-106630-0000,Co-operative Group,106630-0000,6630.0,Pelton - Front Street,The Co-operative Group,4 Front Street,Chester-le-Street,County Durham,DH2 1DE,54.872943,-1.609205,Co-op location-services API,Food,True,Pelton,,False,False
CG-105736-0000,Co-operative Group,105736-0000,5736.0,Haydon Bridge - Ratcliffe Road,The Co-operative Group,4 Ratcliffe Road,Hexham,Northumberland,NE47 6ET,54.9732118,-2.2475187,Co-op location-services API,Food,True,Haydon Bridge,,False,False
CG-104114-0000,Co-operative Group,104114-0000,4114.0,Burnopfield - Leazes Villas,The Co-operative Group,20 The Leazes,Newcastle Upon Tyne,County Durham,NE16 6HR,54.9063339,-1.7398229,Co-op location-services API,Food,True,Burnopfield,,False,False
CG-107674-0000,Co-operative Group,107674-0000,7674.0,Shiney Row - Grangewood Court,The Co-operative Group,1-3 Grangewood Court,Houghton Le Spring,Sunderland,DH4 4RS,54.86720109999999,-1.4977195,Co-op location-services API,Food,True,Shiney Row,,False,False
CG-104785-0000,Co-operative Group,104785-0000,4785.0,Chopwell - Derwent Road,The Co-operative Group,Derwent Street,Newcastle Upon Tyne,Gateshead,NE17 7HS,54.9197474,-1.8151505,Co-op location-services API,Food,True,Chopwell,,False,False
CG-103648-0000,Co-operative Group,103648-0000,3648.0,Penshaw - Coxgreen Road,The Co-operative Group,Railway Terrace,Houghton le Spring,Sunderland,DH4 7JG,54.87555,-1.50119,Co-op location-services API,Food,True,Penshaw,,False,False
CG-105090-0000,Co-operative Group,105090-0000,5090.0,Hexham - West Street,The Co-operative Group,West Street,Hexham,Northumberland,NE46 3BH,54.9711689,-2.1123433,Co-op location-services API,Food,True,,,False,False
CG-108251-0000,Co-operative Group,108251-0000,8251.0,Sunniside - Dewhurst Terrace,The Co-operative Group,Dewhurst Terrace,Newcastle Upon Tyne,Gateshead,NE16 5LP,54.9224937,-1.6754408,Co-op location-services API,Food,True,Sunniside,,False,False
CG-107333-0000,Co-operative Group,107333-0000,7333.0,Corbridge - Hill Street,The Co-operative Group,3-5 Hill Street,Corbridge,Northumberland,NE45 5AA,54.97459850000001,-2.0186851,Co-op location-services API,Food,True,,,False,False
CG-106683-0000,Co-operative Group,106683-0000,6683.0,Prudhoe - Oakfield Terrace,The Co-operative Group,Oakfield Terrace,Prudhoe,Northumberland,NE42 5HF,54.9610665,-1.8505387,Co-op location-services API,Food,True,,,False,False
CG-109124-0000,Co-operative Group,109124-0000,9124.0,Whickham - Oakfield Road,The Co-operative Group,Oakfield Road,Whickham,Gateshead,NE16 5BY,54.9382343,-1.6927101,Co-op location-services API,Food,True,,,False,False
CG-105399-0000,Co-operative Group,105399-0000,5399.0,Sunderland - Broadway,The Co-operative Group,Springwell Road,Sunderland,Sunderland,SR4 8NW,54.8942791,-1.4299661,Co-op location-services API,Food,True,,,False,False
CG-107761-0000,Co-operative Group,107761-0000,7761.0,Washington - Speculation Place,The Co-operative Group,1 Victoria Place,Washington,Sunderland,NE37 2SU,54.912679,-1.521795,Co-op location-services API,Food,True,,,False,False
CG-107780-0000,Co-operative Group,107780-0000,7780.0,Winlaton - The Garth,The Co-operative Group,Front Street,Blaydon-on-Tyne,Gateshead,NE21 6DD,54.9547386,-1.7268236,Co-op location-services API,Food,True,Winlaton,,False,False
CG-108854-0000,Co-operative Group,108854-0000,8854.0,Beacon Lough - Gateshead,The Co-operative Group,Beacon Lough Road,Gateshead,Gateshead,NE9 6TA,54.9326586,-1.5874795,Co-op location-services API,Food,True,,,False,False
CG-109116-0000,Co-operative Group,109116-0000,9116.0,Low Fell - Durham Road,The Co-operative Group,459-463 Durham Road,Gateshead,Gateshead,NE9 5EX,54.93653450000001,-1.5994197,Co-op location-services API,Food,True,Low Fell,,False,False
CG-106254-0000,Co-operative Group,106254-0000,6254.0,Crawcrook - 12 Main Street,The Co-operative Group,12 Main Street,Ryton,Gateshead,NE40 4ND,54.967130833333,-1.787266944444,Co-op location-services API,Food,True,Crawcrook,,False,False
CG-105336-0000,Co-operative Group,105336-0000,5336.0,Wylam - Main Road,The Co-operative Group,Main Road,Wylam,Northumberland,NE41 8DN,54.9758129,-1.8183072,Co-op location-services API,Food,True,,,False,False
CG-109125-0000,Co-operative Group,109125-0000,9125.0,Ryton - Parsons Drive,The Co-operative Group,Parsons Drive,Ryton,Gateshead,NE40 3RA,54.972478,-1.759818,Co-op location-services API,Food,True,,,False,False
CG-105795-0000,Co-operative Group,105795-0000,5795.0,Hylton Castle - Chiswick Square,The Co-operative Group,31 Chiswick Square,Sunderland,Sunderland,SR5 3PZ,54.922854,-1.45176,Co-op location-services API,Food,True,Hylton Castle,,False,False
CG-104938-0000,Co-operative Group,104938-0000,4938.0,Fewster Square - Leam Lane,The Co-operative Group,Leam Lane Estate,Gateshead,Gateshead,NE10 8XQ,54.9411628,-1.5456065,Co-op location-services API,Food,True,Fewster Square,,False,False
CG-104765-0000,Co-operative Group,104765-0000,4765.0,Cedar Road - Fenham,The Co-operative Group,4 Cedar Road,Newcastle Upon Tyne,Newcastle Upon Tyne,NE4 9XU,54.98153909999999,-1.6658589,Co-op location-services API,Food,True,Fenham,,False,False
CG-155699-0000,Co-operative Group,155699-0000,5699.0,Newcastle Uni - Kings Walk,The Co-operative Group,Kings Walk,Newcastle Upon Tyne,Newcastle Upon Tyne,NE1 8QB,54.979212,-1.616058,Co-op location-services API,University,True,,,False,False
CG-156187-0000,Co-operative Group,156187-0000,6187.0,Newcastle RVI Hospital,The Co-operative Group,Queen Victoria Road,Newcastle upon Tyne,Newcastle Upon Tyne,NE1 4LP,54.98031263923022,-1.6190798112584173,Co-op location-services API,Food,True,,,False,False
CG-106127-0000,Co-operative Group,106127-0000,6127.0,Callerton - Carnation Way,The Co-operative Group,Unit 3 Carnation Way,Newcastle Upon Tyne,Newcastle Upon Tyne,NE5 1DH,55.006686,-1.713198,Co-op location-services API,Food,True,Callerton,,False,False
CG-106077-0000,Co-operative Group,106077-0000,6077.0,Whitburn - Elders Walk,The Co-operative Group,Elders Walk,Sunderland,Tyne & Wear,SR6 7EL,54.95072816452048,-1.3647618111560689,Co-op location-services API,Food,True,Whitburn,,False,False
CG-106578-0000,Co-operative Group,106578-0000,6578.0,Jesmond - Newton Road,The Co-operative Group,112 Newton Road,Newcastle Upon Tyne,Newcastle Upon Tyne,NE7 7HN,54.9971681,-1.5884618,Co-op location-services API,Food,True,High Heaton,,False,False
CG-108730-0000,Co-operative Group,108730-0000,8730.0,Langholm - Glenesk Road,The Co-operative Group,Glenesk Road,Langholm,Dumfries And Galloway,DG13 0ES,55.1467006,-2.9951537,Co-op location-services API,Food,True,,,False,False
CG-105280-0000,Co-operative Group,105280-0000,5280.0,South Shields - Mortimer Road,The Co-operative Group,Mortimer Road,South Shields,South Tyneside,NE34 0RU,54.9806983,-1.4230739,Co-op location-services API,Food,True,,,False,False
CG-108245-0000,Co-operative Group,108245-0000,8245.0,Ponteland - Broadway,The Co-operative Group,15 Broadway,Newcastle Upon Tyne,Northumberland,NE20 9PW,55.0364878,-1.7647841,Co-op location-services API,Food,True,Ponteland,,False,False
CG-106125-0000,Co-operative Group,106125-0000,6125.0,East Benton - Moor Drive,The Co-operative Group,Moor Drive,Newcastle upon Tyne,North Tyneside,NE28 9EW,55.011066666667,-1.548143888889,Co-op location-services API,Food,True,East Benton,,False,False
CG-105646-0000,Co-operative Group,105646-0000,5646.0,North Shields - Queen Alexandra Rd,The Co-operative Group,Queen Alexandra Road,North Shields,North Tyneside,NE29 9AL,55.01445,-1.457178,Co-op location-services API,Food,True,,,False,False
CG-106702-0000,Co-operative Group,106702-0000,6702.0,Reno House - Great North Road,The Co-operative Group,Great North Road,Newcastle Upon Tyne,North Tyneside,NE13 6LN,55.048261,-1.6245238,Co-op location-services API,Food,True,Wideopen,,False,False
CG-107753-0000,Co-operative Group,107753-0000,7753.0,Tynemouth - Front Street,The Co-operative Group,71-73 Front Street,North Shields,North Tyneside,NE30 4BP,55.0173811,-1.42468,Co-op location-services API,Food,True,Tynemouth,,False,False
CG-106962-0000,Co-operative Group,106962-0000,6962.0,Bellingham - Parkside Place,The Co-operative Group,2-3 Parkside Place,Hexham,Northumberland,NE48 2AY,55.1441893,-2.2540936,Co-op location-services API,Food,True,Bellingham  Northumberland,,False,False
CG-104341-0000,Co-operative Group,104341-0000,4341.0,Whitley Bay - Earsdon Road,The Co-operative Group,Earsdon Road,Whitley Bay,North Tyneside,NE25 9SX,55.0380738,-1.4728327,Co-op location-services API,Food,True,,,False,False
CG-104847-0000,Co-operative Group,104847-0000,4847.0,Cullercoats - John Street,The Co-operative Group,51 John Street,North Shields,North Tyneside,NE30 4PJ,55.037308,-1.4354385,Co-op location-services API,Food,True,Cullercoats,,False,False
CG-105350-0000,Co-operative Group,105350-0000,5350.0,Whitley Bay - Marine Avenue,The Co-operative Group,Marine Avenue,Whitley Bay,North Tyneside,NE26 1LY,55.047688,-1.4495067,Co-op location-services API,Food,True,,,False,False
CG-108746-0000,Co-operative Group,108746-0000,8746.0,Thornhill - Drumlanrig Street,The Co-operative Group,Drumlanrig St,Thornhill,Dumfries And Galloway,DG3 5LS,55.2411965,-3.7659802,Co-op location-services API,Food,True,,,False,False
CG-104165-0000,Co-operative Group,104165-0000,4165.0,Seaton Sluice - Beresford Road,The Co-operative Group,Beresford Road,Whitley Bay,Northumberland,NE26 4DP,55.080539,-1.472323,Co-op location-services API,Food,True,Seaton Sluice,,False,False
CG-106556-0000,Co-operative Group,106556-0000,6556.0,New Delaval - Newcastle Road,The Co-operative Group,2-6 Newcastle Road,Blyth,Northumberland,NE24 4AS,55.1114786,-1.5312369,Co-op location-services API,Food,True,Newsham  New Delaval,,False,False
CG-105611-0000,Co-operative Group,105611-0000,5611.0,Blyth - Links Road,The Co-operative Group,Links Road,Blyth,Northumberland,NE24 3PL,55.10983306399022,-1.50125503,Co-op location-services API,Food,True,,,False,False
CG-105072-0000,Co-operative Group,105072-0000,5072.0,Bedlington - Netherton Lane,The Co-operative Group,Netherton Lane,Bedlington,Northumberland,NE22 6DZ,55.1327801,-1.6076718,Co-op location-services API,Food,True,,,False,False
CG-105460-0000,Co-operative Group,105460-0000,5460.0,Morpeth - Loansdean,The Co-operative Group,A197,Morpeth,Northumberland,NE61 2DR,55.15223,-1.68915,Co-op location-services API,Food,True,Loansdean,,False,False
CG-104624-0000,Co-operative Group,104624-0000,4624.0,Bedlington - Station Road,The Co-operative Group,10 Station Road,Bedlington,Northumberland,NE22 5HB,55.1393511,-1.5699613,Co-op location-services API,Food,True,Bedlington Station,,False,False
CG-107317-0000,Co-operative Group,107317-0000,7317.0,Choppington - The Square,The Co-operative Group,38 The Square,Choppington,Northumberland,NE62 5DA,55.1592551,-1.6011333,Co-op location-services API,Food,True,,,False,False
CG-104090-0000,Co-operative Group,104090-0000,4090.0,Pegswood - Morpeth Road,The Co-operative Group,Morpeth Road,Morpeth,Northumberland,NE61 6RE,55.1809174,-1.6487934,Co-op location-services API,Food,True,Pegswood,,False,False
CG-105288-0000,Co-operative Group,105288-0000,5288.0,Ashington - Remscheid Way,The Co-operative Group,Remscheid Way,Ashington,Northumberland,NE63 8UJ,55.1724037,-1.5721069,Co-op location-services API,Food,True,,,False,False
CG-103743-0000,Co-operative Group,103743-0000,3743.0,Ashington - Newbiggin Road,The Co-operative Group,Newbiggin Road,Ashington,Northumberland,NE63 0XE,55.17074127020593,-1.5466302278988475,Co-op location-services API,Food,True,,,False,False
CG-107509-0000,Co-operative Group,107509-0000,7509.0,Moffat - Holme Street,The Co-operative Group,Holme Street,Moffat,Dumfries And Galloway,DG10 9EP,55.329822,-3.443531,Co-op location-services API,Food,True,Station Yard,,False,False
CG-104791-0000,Co-operative Group,104791-0000,4791.0,Dalmellington - Church Hill,The Co-operative Group,2 Churchill,Dalmellington,East Ayrshire,KA6 7QP,55.3242659,-4.3967578,Co-op location-services API,Food,True,High Main Street,,False,False
CG-106565-0000,Co-operative Group,106565-0000,6565.0,Newbiggin Central - Front Street,The Co-operative Group,85-87 Front Street,Newbiggin-By-The-Sea,Northumberland,NE64 6AD,55.1857556,-1.509129,Co-op location-services API,Food,True,,,False,False
CG-104758-0000,Co-operative Group,104758-0000,4758.0,Castlederg - High Street,The Co-operative Group,1-3 High Street,Castlederg,Derry City And Strabane,BT81 7AB,54.7091254,-7.5924068,Co-op location-services API,Food,True,,,False,False
CG-105656-0000,Co-operative Group,105656-0000,5656.0,Ellington - Lynemouth Road,The Co-operative Group,Primrose Way,Morpeth,Northumberland,NE61 5BR,55.219551944444,-1.558611944444,Co-op location-services API,Food,True,Saxon Vale  Ellington,,False,False
CG-107998-0000,Co-operative Group,107998-0000,7998.0,Widdrington - Ulgham,The Co-operative Group,Widdrington Station,Morpeth,Northumberland,NE61 5ND,55.2412792,-1.6172289,Co-op location-services API,Food,True,Ulgham,,False,False
CG-103643-0000,Co-operative Group,103643-0000,3643.0,Maybole - Kirkoswald Road,The Co-operative Group,51 Kirkoswald Road,Maybole,South Ayrshire,KA19 8BN,55.35055797933813,-4.6931828,Co-op location-services API,Food,True,,,False,False
CG-106231-0000,Co-operative Group,106231-0000,6231.0,Rothbury - Town Foot,The Co-operative Group,Town Foot,Morpeth,Northumberland,NE65 7SL,55.310091485403326,-1.9090984545284324,Co-op location-services API,Food,True,Rothbury,,False,False
CG-105709-0000,Co-operative Group,105709-0000,5709.0,Hadston - Hadston Road,The Co-operative Group,Hadston Estate,Morpeth,Northumberland,NE65 9YF,55.294243,-1.603398,Co-op location-services API,Food,True,Unit 7  The Precinct,,False,False
CG-104603-0000,Co-operative Group,104603-0000,4603.0,Ballycastle - The Diamond,The Co-operative Group,8-9 The Diamond,Ballycastle,Causeway Coast And Glens,BT54 6AW,55.2007074,-6.250216099999999,Co-op location-services API,Food,True,,,False,False
CG-108808-0000,Co-operative Group,108808-0000,8808.0,Alloway - Dunure Road,The Co-operative Group,Dunure Road,Ayr,South Ayrshire,KA7 4HY,55.43223,-4.659933,Co-op location-services API,Food,True,Alloway,,False,False
CG-108879-0000,Co-operative Group,108879-0000,8879.0,Ayr - Sandgate,The Co-operative Group,65 Sandgate,Ayr,South Ayrshire,KA7 1AA,55.4626907,-4.6337551,Co-op location-services API,Food,True,,,False,False
CG-108725-0000,Co-operative Group,108725-0000,8725.0,Jedburgh - High Street,The Co-operative Group,High Street,Jedburgh,Scottish Borders,TD8 6DQ,55.4791825,-2.5543311,Co-op location-services API,Food,True,,,False,False
CG-104736-0000,Co-operative Group,104736-0000,4736.0,Bushmills - Lower Main Street,The Co-operative Group,37 Lower Main Street,Bushmills,Causeway Coast And Glens,BT57 8QA,55.206725,-6.523844,Co-op location-services API,Food,True,,,False,False
CG-107838-0000,Co-operative Group,107838-0000,7838.0,Alnwick - Victoria Terrace,The Co-operative Group,Victoria Terrace,Alnwick,Northumberland,NE66 1RF,55.407059,-1.698502,Co-op location-services API,Lunar,True,,,False,False
CG-107311-0000,Co-operative Group,107311-0000,7311.0,Mauchline - Loudoun Street,The Co-operative Group,43-51 Loudoun Street,Mauchline,East Ayrshire,KA5 5BE,55.5150595,-4.3809764,Co-op location-services API,Food,True,,,False,False
CG-106252-0000,Co-operative Group,106252-0000,6252.0,Selkirk - 115 High Street,The Co-operative Group,115 - 117 High Street,Selkirk,Scottish Borders,TD7 4JX,55.54881716732604,-2.838933447551028,Co-op location-services API,Food,True,,,False,False
CG-104363-0000,Co-operative Group,104363-0000,4363.0,Longhoughton - Burnside,The Co-operative Group,Burnside,Alnwick,Northumberland,NE66 3JQ,55.4323197,-1.6173174,Co-op location-services API,Food,True,Longhoughton,,False,False
CG-104746-0000,Co-operative Group,104746-0000,4746.0,Campbeltown - Millknowe Road,The Co-operative Group,Rieclachan,Campbeltown,Argyll And Bute,PA28 6EX,55.426956,-5.609784,Co-op location-services API,Food,True,Longrow,,False,False
CG-105339-0000,Co-operative Group,105339-0000,5339.0,Symington - Main Street,The Co-operative Group,Main Street,Kilmarnock,South Ayrshire,KA1 5QE,55.550527777778,-4.568305555556,Co-op location-services API,Lunar,True,Symington,,False,False
CG-107700-0000,Co-operative Group,107700-0000,7700.0,Troon - Dundonald Road,The Co-operative Group,155 Dundonald Road,Troon,South Ayrshire,KA10 7AY,55.54605079999999,-4.634452199999999,Co-op location-services API,Food,True,Muirhead,,False,False
CG-108737-0000,Co-operative Group,108737-0000,8737.0,Newton St Boswells - Station Yard,The Co-operative Group,Station Yard,Melrose,Scottish Borders,TD6 0PP,55.576913,-2.6717501,Co-op location-services API,Food,True,Newtown St Boswells,,False,False
CG-105869-0000,Co-operative Group,105869-0000,5869.0,Isle of Arran - Lamlash Main Street,The Co-operative Group,Main Street,Isle Of Arran,North Ayrshire,KA27 8LX,55.5324479,-5.1294635,Co-op location-services API,Food,True,Lamlash,,False,False
CG-104642-0000,Co-operative Group,104642-0000,4642.0,Biggar - Market Road,The Co-operative Group,Old Auction Market,Biggar,South Lanarkshire,ML12 6BW,55.6231918,-3.5233799,Co-op location-services API,Food,True,Old Station Road,,False,False
CG-105390-0000,Co-operative Group,105390-0000,5390.0,Galston - Henrietta Street,The Co-operative Group,Henrietta Street,GALSTON,East Ayrshire,KA4 8HQ,55.600749,-4.378705,Co-op location-services API,Food,True,,,False,False
CG-105287-0000,Co-operative Group,105287-0000,5287.0,Melrose - High Street,The Co-operative Group,High Street,Melrose,Scottish Borders,TD6 9RU,55.5983301,-2.7212598,Co-op location-services API,Food,True,,,False,False
CG-108723-0000,Co-operative Group,108723-0000,8723.0,Innerleithen - Peebles Road,The Co-operative Group,Peebles Road,Innerleithen,Scottish Borders,EH44 6QZ,55.617377,-3.0669112,Co-op location-services API,Food,True,,,False,False
CG-105088-0000,Co-operative Group,105088-0000,5088.0,Hurlford - Academy Street,The Co-operative Group,2 Academy Street,Kilmarnock,East Ayrshire,KA1 5BU,55.60002249999999,-4.4544171,Co-op location-services API,Food,True,Hurlford,,False,False
CG-108853-0000,Co-operative Group,108853-0000,8853.0,Darvel - East Main Street,The Co-operative Group,23 East Main Street,Darvel,East Ayrshire,KA17 0HR,55.60987249999999,-4.28053,Co-op location-services API,Food,True,,,False,False
CG-104176-0000,Co-operative Group,104176-0000,4176.0,Wooler - Market Place,The Co-operative Group,10 Market Place,Wooler,Northumberland,NE71 6LH,55.5455327,-2.0143144,Co-op location-services API,Food,True,,,False,False
CG-108970-0000,Co-operative Group,108970-0000,8970.0,Kelso - Roxburgh Street,The Co-operative Group,26 Roxburgh Street,Kelso,Scottish Borders,TD5 7DH,55.59850400000001,-2.434923,Co-op location-services API,Food,True,,,False,False
CG-107373-0000,Co-operative Group,107373-0000,7373.0,Dreghorn - Townfoot,The Co-operative Group,96 Townfoot,Irvine,North Ayrshire,KA11 4EZ,55.60733579999999,-4.6223668,Co-op location-services API,Food,True,Dreghorn,,False,False
CG-108726-0000,Co-operative Group,108726-0000,8726.0,Kelso - High Croft,The Co-operative Group,Highcroft,Kelso,Scottish Borders,TD5 7NB,55.6066752,-2.4362574,Co-op location-services API,Food,True,,,False,False
CG-104699-0000,Co-operative Group,104699-0000,4699.0,Isle of Arran - Brodick Shore St,The Co-operative Group,2 Shore Street,Brodick,North Ayrshire,KA27 8AG,55.5763522,-5.1425675,Co-op location-services API,Food,True,,,False,False
CG-105805-0000,Co-operative Group,105805-0000,5805.0,Irvine - Caldon Road,The Co-operative Group,46 Caldon Road,Irvine,North Ayrshire,KA12 0RH,55.6230501,-4.6612746,Co-op location-services API,Food,True,,,False,False
CG-107480-0000,Co-operative Group,107480-0000,7480.0,Isle of Arran - Invercloy Main St,The Co-operative Group,Main Street,Isle of Arran,North Ayrshire,KA27 8AN,55.5778239,-5.1508221,Co-op location-services API,Food,True,Brodick,,False,False
CG-105285-0000,Co-operative Group,105285-0000,5285.0,Blackwood - Carlisle Road,The Co-operative Group,75 Carlisle Road,Lanark,South Lanarkshire,ML11 9RZ,55.67347,-3.925876,Co-op location-services API,Lunar,True,Blackwood,,False,False
CG-109102-0000,Co-operative Group,109102-0000,9102.0,Kilwinning - Main Street,The Co-operative Group,160-166 Main Street,Kilwinning,North Ayrshire,KA13 6EE,55.6538546,-4.7009727,Co-op location-services API,Food,True,,,False,False
CG-105999-0000,Co-operative Group,105999-0000,5999.0,Carnwath - Main Street,The Co-operative Group,79 Main Street,Lanark,South Lanarkshire,ML11 8HH,55.7005369,-3.6252733,Co-op location-services API,Lunar,True,Carnwath,,False,False
CG-106836-0000,Co-operative Group,106836-0000,6836.0,Stonehouse - King Street,The Co-operative Group,46-48 King Street,Larkhall,South Lanarkshire,ML9 3EF,55.6978778,-3.983377400000001,Co-op location-services API,Food,True,Stonehouse,,False,False
CG-107251-0000,Co-operative Group,107251-0000,7251.0,Belford - West Street,The Co-operative Group,West Street,Belford,Northumberland,NE70 7QE,55.5981187,-1.8298595,Co-op location-services API,Food,True,,,False,False
CG-106832-0000,Co-operative Group,106832-0000,6832.0,Stewarton - Main Street,The Co-operative Group,21 Main St,Kilmarnock,East Ayrshire,KA3 5BS,55.68044829999999,-4.5146221,Co-op location-services API,Lunar,True,Stewarton,,False,False
CG-106745-0000,Co-operative Group,106745-0000,6745.0,Seahouses - Main Street,The Co-operative Group,41 Main Street,Seahouses,Northumberland,NE68 7RF,55.5807642,-1.6543948,Co-op location-services API,Food,True,,,False,False
CG-108706-0000,Co-operative Group,108706-0000,8706.0,Coldstream - High Street,The Co-operative Group,34 High St,Coldstream,Scottish Borders,TD12 4AS,55.6502983,-2.2549137,Co-op location-services API,Food,True,,,False,False
CG-105879-0000,Co-operative Group,105879-0000,5879.0,Larkhall - Union Street,The Co-operative Group,118 Union Street,Larkhall,South Lanarkshire,ML9 1EF,55.73820310000001,-3.9738017,Co-op location-services API,Food,True,,,False,False
CG-107769-0000,Co-operative Group,107769-0000,7769.0,West Kilbride - Ritchie Street,The Co-operative Group,12 Ritchie Street,West Kilbride,North Ayrshire,KA23 9AL,55.6942976,-4.858966299999999,Co-op location-services API,Food,True,,,False,False
CG-104854-0000,Co-operative Group,104854-0000,4854.0,Dalry - New Street,The Co-operative Group,21 New Street,Dalry,North Ayrshire,KA24 5AH,55.7077914,-4.719626099999999,Co-op location-services API,Food,True,,,False,False
CG-108751-0000,Co-operative Group,108751-0000,8751.0,West Linton - Main Street,The Co-operative Group,21-23 Main Street,West Linton,Scottish Borders,EH46 7EE,55.75197799999999,-3.3556039,Co-op location-services API,Food,True,,,False,False
CG-106866-0000,Co-operative Group,106866-0000,6866.0,Forth - Main Street,The Co-operative Group,110 Main Street,Lanark,South Lanarkshire,ML11 8AB,55.7681548,-3.6858206,Co-op location-services API,Food,True,Forth,,False,False
CG-106023-0000,Co-operative Group,106023-0000,6023.0,Ferniegair - Carlisle Road,The Co-operative Group,1 Allanton Gardens,Hamilton,South Lanarkshire,ML3 7GQ,55.764036574236194,-4.003653530523523,Co-op location-services API,Lunar,True,Ferniegair,,False,False
CG-109064-0000,Co-operative Group,109064-0000,9064.0,Hamilton - Mill Road,The Co-operative Group,Mill Road,Hamilton,South Lanarkshire,ML3 8HU,55.7635097,-4.048377,Co-op location-services API,Food,True,,,False,False
CG-153775-0000,Co-operative Group,153775-0000,3775.0,East Kilbride - High Common Rd,The Co-operative Group,High Common Road,Glasgow,South Lanarkshire,G74 2AU,55.76306328,-4.15157416,Co-op location-services API,Food/Petrol,True,East Kilbride,,False,False
CG-104894-0000,Co-operative Group,104894-0000,4894.0,East Kilbride - Main Street,The Co-operative Group,35 Main Street,East Kilbride,South Lanarkshire,G74 4JU,55.7664769,-4.175710799999999,Co-op location-services API,Food,True,The Village,,False,False
CG-156329-0000,Co-operative Group,156329-0000,6329.0,Buchandyke,The Co-operative Group,75 Maxwellton Road,East Kilbride,South Lanarkshire,G74 3LT,55.77634390614429,-4.15184947617542,Co-op location-services API,Food/Petrol,True,,,False,False
CG-104628-0000,Co-operative Group,104628-0000,4628.0,Beith - Laigh Road,The Co-operative Group,Medine Avenue,Beith,North Ayrshire,KA15 2DJ,55.7535318,-4.633189,Co-op location-services API,Food,True,,,False,False
CG-105247-0000,Co-operative Group,105247-0000,5247.0,Newton Mearns - Broom Road East,The Co-operative Group,86 Broom Road East,Glasgow,East Renfrewshire,G77 5SR,55.77469929999999,-4.3047612,Co-op location-services API,Food,True,Newton Mearns,,False,False
CG-105270-0000,Co-operative Group,105270-0000,5270.0,Newton Mearns - Mearns Road,The Co-operative Group,421 Mearns Road,Newton Mearns,East Renfrewshire,G77 5RY,55.775178,-4.313849,Co-op location-services API,Food,True,Mearnskirk,,False,False
CG-105266-0000,Co-operative Group,105266-0000,5266.0,Newton Mearns - Harvie Avenue,The Co-operative Group,188 Harvie Avenue,Glasgow,East Renfrewshire,G77 6TR,55.7804863,-4.337907299999999,Co-op location-services API,Food,True,Newton Mearns,,False,False
CG-107320-0000,Co-operative Group,107320-0000,7320.0,Clarkston - Eaglesham Road,The Co-operative Group,17 Eaglesham Road,Glasgow,East Renfrewshire,G76 7DH,55.7842978,-4.275005299999999,Co-op location-services API,Food,True,Clarkson,,False,False
CG-107566-0000,Co-operative Group,107566-0000,7566.0,Neilston - Main Street,The Co-operative Group,115-119 Main Street,Neilston,East Renfrewshire,G78 3NH,55.7840275,-4.4276984,Co-op location-services API,Food,True,,,False,False
CG-104671-0000,Co-operative Group,104671-0000,4671.0,Bothwell - Main Street,The Co-operative Group,16 Main Street,Bothwell,South Lanarkshire,G71 8RD,55.802603,-4.066967,Co-op location-services API,Food,True,,,False,False
CG-106775-0000,Co-operative Group,106775-0000,6775.0,Shotts - Station Road,The Co-operative Group,Station Road,Shotts,North Lanarkshire,ML7 4BA,55.8189493,-3.804962,Co-op location-services API,Food,True,,,False,False
CG-156463-SPET,Co-operative Group,156463-SPET,6463.0,Darnley - Nitshill Road,The Co-operative Group,Nitshill Road,Glasgow,Glasgow City,G46 8AA,55.80346420468263,-4.333678659821448,Co-op location-services API,Petrol No BWS,True,Darnley,,False,False
CG-109075-0000,Co-operative Group,109075-0000,9075.0,Glasgow - Carmunnock Road,The Co-operative Group,351 Carmunnock Road,Glasgow,Glasgow City,G44 5HH,55.8109769,-4.244147100000001,Co-op location-services API,Food,True,Croftfoot,,False,False
CG-105243-0000,Co-operative Group,105243-0000,5243.0,Barrhead - Paisley Road,The Co-operative Group,60 Paisley Road,Barrhead,East Renfrewshire,G78 1HP,55.806224,-4.398464,Co-op location-services API,Food,True,,,False,False
CG-108712-0000,Co-operative Group,108712-0000,8712.0,Duns - Newtown Street,The Co-operative Group,Newtown Street,Duns,Scottish Borders,TD11 3DT,55.7782698,-2.3456366,Co-op location-services API,Food,True,,,False,False
CG-108694-0000,Co-operative Group,108694-0000,8694.0,Rutherglen - Main Street,The Co-operative Group,Main Street,Rutherglen,South Lanarkshire,G73 2HP,55.828215,-4.2126816,Co-op location-services API,Food,True,,,False,False
CG-104619-0000,Co-operative Group,104619-0000,4619.0,Glasgow - Battlefield Road,The Co-operative Group,102 Battlefield Road,Glasgow,Glasgow City,G42 9JN,55.8269166,-4.266391899999999,Co-op location-services API,Food,True,Langside,,False,False
CG-109043-0000,Co-operative Group,109043-0000,9043.0,Chapelhall - Woodhall Street,The Co-operative Group,41 Woodhall Street,Airdrie,North Lanarkshire,ML6 8RR,55.8412423,-3.9509537,Co-op location-services API,Food,True,Chapelhall,,False,False
CG-106755-0000,Co-operative Group,106755-0000,6755.0,Shawlands - Pollokshaws Road,The Co-operative Group,1060-1078 Pollokshaws Road,Glasgow,Glasgow City,G41 3EA,55.83124929999999,-4.279808,Co-op location-services API,Food,True,Shawlands,,False,False
CG-104684-0000,Co-operative Group,104684-0000,4684.0,Glasgow - Braidcraft Terrace,The Co-operative Group,20-24 Braidcraft Terrace,Glasgow,Glasgow City,G53 5EB,55.83130449999999,-4.340026199999999,Co-op location-services API,Food,True,Pollock,,False,False
CG-108947-0000,Co-operative Group,108947-0000,8947.0,Largs - Promenade,The Co-operative Group,Promenade,Largs,North Ayrshire,KA30 8BG,55.7950186,-4.8702158,Co-op location-services API,Lunar,True,,,False,False
CG-107645-0000,Co-operative Group,107645-0000,7645.0,Glasgow - Tollcross Road,The Co-operative Group,997 Tollcross Road,Glasgow,Glasgow City,G32 8UU,55.84393900000001,-4.1740868,Co-op location-services API,Food,True,,,False,False
CG-109093-0000,Co-operative Group,109093-0000,9093.0,Paisley - Neilston Road,The Co-operative Group,60-62 Neilston Road,Paisley,Renfrewshire,PA2 6NE,55.8352344,-4.4235577,Co-op location-services API,Food,True,,,False,False
CG-105545-0000,Co-operative Group,105545-0000,5545.0,Barrachnie - Baillieston Road,The Co-operative Group,171-177 Baillieston Road,Glasgow,Glasgow City,G32 0TN,55.85008,-4.134037,Co-op location-services API,Food,True,,,False,False
CG-109073-0000,Co-operative Group,109073-0000,9073.0,Glasgow - Crown Street,The Co-operative Group,190 Crown Street,Glasgow,Glasgow City,G5 9ZR,55.8488432,-4.250904000000001,Co-op location-services API,Food,True,Gorbals,,False,False
CG-106662-0000,Co-operative Group,106662-0000,6662.0,Isle of Islay - Port Ellen,The Co-operative Group,75 Frederick Crescent,Isle Of Islay,Argyll And Bute,PA42 7BE,55.6297424,-6.184736099999999,Co-op location-services API,Food,True,Port Ellen,,False,False
CG-105712-0000,Co-operative Group,105712-0000,5712.0,Glasgow - 1517 Paisley Road West,The Co-operative Group,1517 Paisley Road West,Glasgow,Glasgow City,G52 1SH,55.8461952,-4.332451100000001,Co-op location-services API,Food,True,Cardonald,,False,False
CG-104784-0000,Co-operative Group,104784-0000,4784.0,Chirnside - Main Street East End,The Co-operative Group,Main Street East End,Duns,Scottish Borders,TD11 3XR,55.8021752,-2.2067903,Co-op location-services API,Lunar,True,Chirnside,,False,False
CG-109046-0000,Co-operative Group,109046-0000,9046.0,Whitburn - West Main Street,The Co-operative Group,25 Westmain Street,Whitburn,West Lothian,EH47 0QB,55.8664285,-3.686075999999999,Co-op location-services API,Food,True,,,False,False
CG-105796-0000,Co-operative Group,105796-0000,5796.0,Glasgow - 390 Paisley Road West,The Co-operative Group,390-400 Paisley Road West,Glasgow,Glasgow City,G51 1BG,55.8517935,-4.296052,Co-op location-services API,Food,True,Ibrox,,False,False
CG-107518-0000,Co-operative Group,107518-0000,7518.0,Livingston - Bankton Retail Centre,The Co-operative Group,Bankton Retail Centre,Livingston,West Lothian,EH54 9DA,55.8722896,-3.5001494,Co-op location-services API,Food,True,Murieston,,False,False
CG-109057-0000,Co-operative Group,109057-0000,9057.0,Dalkeith - Main Street,The Co-operative Group,Main Street,Dalkeith,Midlothian,EH22 4PB,55.8651127,-3.067218,Co-op location-services API,Food,True,Newtongrange,,False,False
CG-105532-0000,Co-operative Group,105532-0000,5532.0,Glasgow - Argyle Street,The Co-operative Group,260 Argyle Street,Glasgow,Glasgow City,G2 8QW,55.85903,-4.26045,Co-op location-services API,Food,True,,,False,False
CG-109082-0000,Co-operative Group,109082-0000,9082.0,Glasgow - Alexandra Parade,The Co-operative Group,447 Alexandra Parade,Glasgow,Glasgow City,G31 3AD,55.8643502,-4.2194658,Co-op location-services API,Food,True,Dennistoun,,False,False
CG-104218-0000,Co-operative Group,104218-0000,4218.0,Glasgow - Sauchiehall Street,The Co-operative Group,Glasgow Park,Glasgow,Glasgow City,G3 7PQ,55.8645229,-4.257767299999999,Co-op location-services API,Food,True,,,False,False
CG-109056-0000,Co-operative Group,109056-0000,9056.0,Bonnyrigg - High Street,The Co-operative Group,78 High Street,Bonnyrigg,Midlothian,EH19 2AE,55.87737289999999,-3.1076474,Co-op location-services API,Food,True,,,False,False
CG-109094-0000,Co-operative Group,109094-0000,9094.0,Bridge of Weir - Main Street,The Co-operative Group,Main Street,Bridge Of Weir,Renfrewshire,PA11 3NR,55.8572605,-4.5787839,Co-op location-services API,Food,True,,,False,False
CG-107439-0000,Co-operative Group,107439-0000,7439.0,Glasgow - Great Western Road,The Co-operative Group,470 Great Western Road,Glasgow,Glasgow City,G12 8EW,55.8754266,-4.2811422,Co-op location-services API,Food,True,,,False,False
CG-108856-0000,Co-operative Group,108856-0000,8856.0,Livingston - Howden West Road,The Co-operative Group,Howden West Road,Livingston,West Lothian,EH54 6AA,55.893587,-3.5248033,Co-op location-services API,Food,True,,,False,False
CG-105109-0000,Co-operative Group,105109-0000,5109.0,Livingston - Follyburn Place,The Co-operative Group,1 Follyburn Place,Livingston,West Lothian,EH54 6BF,55.89374,-3.54077,Co-op location-services API,Food,True,,,False,False
CG-104247-0000,Co-operative Group,104247-0000,4247.0,Renfrew - Paisley Road,The Co-operative Group,93 Paisley Road,Renfrew,Renfrewshire,PA4 8LH,55.871686,-4.396621,Co-op location-services API,Food,True,,,False,False
CG-107472-0000,Co-operative Group,107472-0000,7472.0,Houston - Crosslee Cresent,The Co-operative Group,63 Crosslee Crescent,Johnstone,Renfrewshire,PA6 7DT,55.8636063,-4.541157299999999,Co-op location-services API,Food,True,Houston,,False,False
CG-105233-0000,Co-operative Group,105233-0000,5233.0,Glasgow - Norby Road,The Co-operative Group,14 Norby Road,Glasgow,Glasgow City,G11 7BN,55.87612970000001,-4.3240892,Co-op location-services API,Food,True,,,False,False
CG-109045-0000,Co-operative Group,109045-0000,9045.0,Livingston - Craigshill Shop Centre,The Co-operative Group,Craigshill Shopping Centre,Livingston,West Lothian,EH54 5DZ,55.8971314,-3.4967009,Co-op location-services API,Food,True,The Mall,,False,False
CG-109083-0000,Co-operative Group,109083-0000,9083.0,Glasgow - Cumbernauld Road,The Co-operative Group,63 Cumbernauld Road,Glasgow,North Lanarkshire,G33 6HZ,55.88786229999999,-4.1540076,Co-op location-services API,Food,True,Stepps,,False,False
CG-107499-0000,Co-operative Group,107499-0000,7499.0,Livingston - Newyearfield,The Co-operative Group,Newyearfield,Livingston,West Lothian,EH54 6AB,55.8992213,-3.5319579,Co-op location-services API,Food,True,Ladywell,,False,False
CG-107355-0000,Co-operative Group,107355-0000,7355.0,Currie - Corslet Place,The Co-operative Group,9-11 Corslet Place,Currie,City Of Edinburgh,EH14 5LS,55.9001984,-3.3075016,Co-op location-services API,Food,True,,,False,False
CG-107894-0000,Co-operative Group,107894-0000,7894.0,Glasgow - Wallacewell Road,The Co-operative Group,219-223 Wallacewell Road,Glasgow,Glasgow City,G21 3PR,55.891175,-4.204033,Co-op location-services API,Food,True,Balornock,,False,False
CG-156322-SPET,Co-operative Group,156322-SPET,6322.0,Stepps,The Co-operative Group,Junction 3 M80,Stepps,North Lanarkshire,G33 6DE,55.89616,-4.13676,Co-op location-services API,Food/Petrol,True,,,False,False
CG-107561-0000,Co-operative Group,107561-0000,7561.0,Muirhead - Cumbernauld Road,The Co-operative Group,114 Cumbernauld Road,Glasgow,North Lanarkshire,G69 9AA,55.8997622,-4.1082349,Co-op location-services API,Food,True,Muirhead,,False,False
CG-105447-0000,Co-operative Group,105447-0000,5447.0,Rothesay - Montague Street,The Co-operative Group,15-19 Montague Street,Isle Of Bute,Argyll And Bute,PA20 9DA,55.83726,-5.053731,Co-op location-services API,Food,True,Rothesay,,False,False
CG-103640-0000,Co-operative Group,103640-0000,3640.0,Edinburgh - Gilmerton South,The Co-operative Group,1-3 Carter Mews,Edinburgh,City Of Edinburgh,EH17 5GS,55.90361,-3.126703888889,Co-op location-services API,Food,True,,,False,False
CG-107211-0000,Co-operative Group,107211-0000,7211.0,Glasgow - Alderman Road,The Co-operative Group,269 Alderman Road,Glasgow,Glasgow City,G13 3AY,55.8906427,-4.3587278,Co-op location-services API,Food,True,,,False,False
CG-104339-0000,Co-operative Group,104339-0000,4339.0,Edinburgh - Bridge Road,The Co-operative Group,Bridge Road,Edinburgh,City Of Edinburgh,EH13 0LF,55.907517,-3.255877,Co-op location-services API,Food,True,,,False,False
CG-109105-0000,Co-operative Group,109105-0000,9105.0,Rothesay - Bridge Street,The Co-operative Group,Bridge Street,Isle Of Bute,Argyll And Bute,PA20 0HH,55.8377862,-5.0589254,Co-op location-services API,Food,True,Rothesay,,False,False
CG-103756-0000,Co-operative Group,103756-0000,3756.0,Edinburgh - Shawfair Park,The Co-operative Group,Plot 18,Edinburgh,Midlothian,EH22 1FD,55.90798503892343,-3.100005943553746,Co-op location-services API,Food,True,Shawfair Park,,False,False
CG-107358-0000,Co-operative Group,107358-0000,7358.0,Danderhall - Newton Church Road,The Co-operative Group,2B Church Newton Road,Edinburgh,Midlothian,EH22 1LT,55.9111308,-3.110159,Co-op location-services API,Food,True,Danderhall,,False,False
CG-105958-0000,Co-operative Group,105958-0000,5958.0,Moodiesburn - Blackwoods Crescent,The Co-operative Group,19 Blackwoods Crescent,Glasgow,North Lanarkshire,G69 0EN,55.9142715,-4.083483900000001,Co-op location-services API,Food,True,Moodiesburn,,False,False
CG-108739-0000,Co-operative Group,108739-0000,8739.0,Ormiston - Main Street,The Co-operative Group,Co-op Buildings,Ormiston,East Lothian,EH35 5HS,55.912826,-2.93889,Co-op location-services API,Food,True,Main St,,False,False
CG-108860-0000,Co-operative Group,108860-0000,8860.0,Kilmacolm - Lochwinnoch Road,The Co-operative Group,Campbell Place,Kilmacolm,Inverclyde,PA13 4HA,55.894173,-4.627291,Co-op location-services API,Food,True,Lochwinnoch Road,,False,False
CG-104025-0000,Co-operative Group,104025-0000,4025.0,Lenzie - Kirkintilloch Road,The Co-operative Group,Kirkintilloch Road,Kirkintilloch,East Dunbartonshire,G66 4LD,55.9208402,-4.1510776,Co-op location-services API,Food,True,Lenzie,,False,False
CG-108769-0000,Co-operative Group,108769-0000,8769.0,Bishopton - Greenock Road,The Co-operative Group,26-30 Greenock Road,Bishopton,Renfrewshire,PA7 5JN,55.9095844,-4.5097806,Co-op location-services API,Food,True,,,False,False
CG-105314-0000,Co-operative Group,105314-0000,5314.0,Wemyss Bay - Shore Road,The Co-operative Group,23 Greenock Road,Wemyss Bay,Inverclyde,PA18 6AY,55.882336,-4.88885,Co-op location-services API,Food,True,,,False,False
CG-104246-0000,Co-operative Group,104246-0000,4246.0,Edinburgh - South Clerk Street,The Co-operative Group,49 South Clerk Street,Edinburgh,City Of Edinburgh,EH8 9NZ,55.9401345,-3.1801268,Co-op location-services API,Food,True,,,False,False
CG-106004-0000,Co-operative Group,106004-0000,6004.0,Edinburgh - St John's Road,The Co-operative Group,141 St John's Road,Edinburgh,City Of Edinburgh,EH12 7SD,55.942522,-3.28176,Co-op location-services API,Food,True,,,False,False
CG-107562-0000,Co-operative Group,107562-0000,7562.0,Musselburgh - Clayknowes Road,The Co-operative Group,Clayknowes Road,Musselburgh,East Lothian,EH21 6UW,55.937042,-3.0732321,Co-op location-services API,Food,True,Stoneyhill,,False,False
CG-104925-0000,Co-operative Group,104925-0000,4925.0,Eyemouth - High Street,The Co-operative Group,30-40 High Street,Eyemouth,Scottish Borders,TD14 5EU,55.8729406,-2.0908372,Co-op location-services API,Food,True,Dicksons Yard,,False,False
CG-109050-0000,Co-operative Group,109050-0000,9050.0,Edinburgh - Dalry Road,The Co-operative Group,114 Dalry Road,Edinburgh,City Of Edinburgh,EH11 2EZ,55.94306510000001,-3.2209773,Co-op location-services API,Food,True,,,False,False
CG-108749-0000,Co-operative Group,108749-0000,8749.0,Tranent - Brotherstone's Way,The Co-operative Group,Brotherstones Way,Tranent,East Lothian,EH33 2QF,55.9354582,-2.9528527,Co-op location-services API,Food,True,Windygoul,,False,False
CG-104224-0000,Co-operative Group,104224-0000,4224.0,Edinburgh - Earl Grey Street,The Co-operative Group,5 Earl Grey Street,Edinburgh,City Of Edinburgh,EH3 9BN,55.9445558,-3.2042286,Co-op location-services API,Food,True,,,False,False
CG-105154-0000,Co-operative Group,105154-0000,5154.0,Bearsden - Stockiemuir Avenue,The Co-operative Group,57-59 Stockiemuir Avenue,Glasgow,East Dunbartonshire,G61 3JJ,55.930491,-4.335164099999999,Co-op location-services API,Food,True,Bearsden,,False,False
CG-105614-0000,Co-operative Group,105614-0000,5614.0,Edinburgh - Milton Road West,The Co-operative Group,8a Milton Road West,Edinburgh,City Of Edinburgh,EH15 1LF,55.943579,-3.118022,Co-op location-services API,Food,True,,,False,False
CG-108787-0000,Co-operative Group,108787-0000,8787.0,Edinburgh - Frederick Street,The Co-operative Group,26-28 Frederick Street,Edinburgh,City Of Edinburgh,EH2 2JR,55.9525219,-3.2005103,Co-op location-services API,Food,True,,,False,False
CG-103708-0000,Co-operative Group,103708-0000,3708.0,Edinburgh - Stockbridge,The Co-operative Group,6-8 Comely Bank Road,Edinburgh,City Of Edinburgh,EH4 1HG,55.9596954378964,-3.215970494920339,Co-op location-services API,Food,True,Stockbridge,,False,False
CG-104885-0000,Co-operative Group,104885-0000,4885.0,Port Glasgow - Dubbs Road,The Co-operative Group,38-44 Dubbs Road,Inverclyde,Inverclyde,PA14 5UA,55.9250267,-4.6649502,Co-op location-services API,Food,True,Port Glasgow,,False,False
CG-105061-0000,Co-operative Group,105061-0000,5061.0,Prestonpans - Mid Road,The Co-operative Group,Mid Road,Prestonpans,East Lothian,EH32 9ER,55.953387,-2.9764467,Co-op location-services API,Food,True,Northfields,,False,False
CG-156300-SPET,Co-operative Group,156300-SPET,6300.0,Macmerry,The Co-operative Group,A1 Gladsmuir Junction,Tranent,East Lothian,EH33 1EZ,55.95068470187156,-2.8801428587543567,Co-op location-services API,Petrol No BWS,True,Gladsmuir,,False,False
CG-108776-0000,Co-operative Group,108776-0000,8776.0,Edinburgh - McDonald Road,The Co-operative Group,8 McDonald Road,Edinburgh,City Of Edinburgh,EH7 4LU,55.9619758,-3.1824729,Co-op location-services API,Food,True,,,False,False
CG-104032-0000,Co-operative Group,104032-0000,4032.0,Milton of Campsie - Antermony Road,The Co-operative Group,Antermony Road,Glasgow,East Dunbartonshire,G66 8DB,55.9645228,-4.1602772,Co-op location-services API,Lunar,True,Milton of Campsie,,False,False
CG-106855-0000,Co-operative Group,106855-0000,6855.0,Tarbert - Barmore Road,The Co-operative Group,Barmore Road,Tarbert,Argyll And Bute,PA29 6TW,55.863514,-5.415533,Co-op location-services API,Food,True,,,False,False
CG-108722-0000,Co-operative Group,108722-0000,8722.0,Haddington - Hopetoun Drive,The Co-operative Group,32 Hopetoun Drive,Haddington,East Lothian,EH41 3AT,55.9566452,-2.7888573,Co-op location-services API,Food,True,,,False,False
CG-109042-0000,Co-operative Group,109042-0000,9042.0,Kilsyth - Main Street,The Co-operative Group,39-53 Main Street,Kilsyth,North Lanarkshire,G65 0AH,55.9766093,-4.0567895,Co-op location-services API,Food,True,Glasgow,,False,False
CG-108741-0000,Co-operative Group,108741-0000,8741.0,Port Seton - Links Road,The Co-operative Group,41 Links Road,Prestonpans,East Lothian,EH32 0DZ,55.971502,-2.9530379,Co-op location-services API,Food,True,Port Seton,,False,False
CG-105889-0000,Co-operative Group,105889-0000,5889.0,Lennoxtown - Main Street,The Co-operative Group,45 Main Street,Glasgow,East Dunbartonshire,G66 7HA,55.97447349999999,-4.2013719,Co-op location-services API,Food,True,Lennoxtown,,False,False
CG-108733-0000,Co-operative Group,108733-0000,8733.0,Longniddry - Elcho Road,The Co-operative Group,2B Elcho Road,Longniddry,East Lothian,EH32 0LB,55.9746933,-2.894890799999999,Co-op location-services API,Food,True,,,False,False
CG-107957-0000,Co-operative Group,107957-0000,7957.0,Laurieston - Mary Street,The Co-operative Group,76 Mary Street,Falkirk,Falkirk,FK2 9PS,55.9961158,-3.748314000000001,Co-op location-services API,Food,True,Laurieston,,False,False
CG-105245-0000,Co-operative Group,105245-0000,5245.0,Cardross - Main Road,The Co-operative Group,Main Road,Dumbarton,Argyll And Bute,G82 5PD,55.9644164,-4.6570456,Co-op location-services API,Food,True,Cardross,,False,False
CG-104676-0000,Co-operative Group,104676-0000,4676.0,Islay Bowmore - Main Street,The Co-operative Group,Main Street,Isle Of Islay,Argyll And Bute,PA43 7JN,55.7568163,-6.2876471,Co-op location-services API,Food,True,Bowmore,,False,False
CG-108968-0000,Co-operative Group,108968-0000,8968.0,Greenock - Eldon Street,The Co-operative Group,21 Eldon Street,Greenock,Inverclyde,PA16 7UG,55.9575417,-4.772153900000001,Co-op location-services API,Food,True,,,False,False
CG-103652-0000,Co-operative Group,103652-0000,3652.0,Gourock - Cardwell Road,The Co-operative Group,10-14 Cardwell Road,Gourock,Inverclyde,PA19 1UH,55.95613079801923,-4.80756577204872,Co-op location-services API,Food,True,,,False,False
CG-104890-0000,Co-operative Group,104890-0000,4890.0,Dunoon - Queen Street,The Co-operative Group,Queen Street,Dunoon,Argyll And Bute,PA23 8AX,55.954064,-4.9269138,Co-op location-services API,Food,True,,,False,False
CG-108714-0000,Co-operative Group,108714-0000,8714.0,East Linton - High Street,The Co-operative Group,53 High St,East Linton,East Lothian,EH40 3BQ,55.9877794,-2.6571844,Co-op location-services API,Food,True,,,False,False
CG-105638-0000,Co-operative Group,105638-0000,5638.0,Carron - Ronades Road,The Co-operative Group,5-6 Ronades Road,Falkirk,Falkirk,FK2 7TA,56.016085,-3.793204,Co-op location-services API,Food,True,,,False,False
CG-109095-0000,Co-operative Group,109095-0000,9095.0,Alexandria - Mitchell Way,The Co-operative Group,2 Mitchell Way,Alexandria,West Dunbartonshire,G83 0LW,55.9859976,-4.5807104,Co-op location-services API,Food,True,,,False,False
CG-104865-0000,Co-operative Group,104865-0000,4865.0,Denny - Stirling Street,The Co-operative Group,56-64 Stirling Street,Denny,Falkirk,FK6 6DJ,56.0240923,-3.9081066,Co-op location-services API,Food,True,,,False,False
CG-104602-0000,Co-operative Group,104602-0000,4602.0,Balloch - Carrochan Road,The Co-operative Group,Carrochan Road,Alexandria,West Dunbartonshire,G83 8BW,56.0036605,-4.5763282,Co-op location-services API,Food,True,Balloch,,False,False
CG-106719-0000,Co-operative Group,106719-0000,6719.0,Rosyth - Castlandhill Road,The Co-operative Group,Castlandhill Road,Rosyth,Fife,KY11 2PZ,56.0355132,-3.4154406,Co-op location-services API,Food,True,,,False,False
CG-108709-0000,Co-operative Group,108709-0000,8709.0,Dunbar - Countess Crescent,The Co-operative Group,Countess Crescent,Dunbar,East Lothian,EH42 1DX,56.0011507,-2.5174094,Co-op location-services API,Food,True,,,False,False
CG-108708-0000,Co-operative Group,108708-0000,8708.0,Dunbar - High Street,The Co-operative Group,118-120 High Street,Dunbar,East Lothian,EH42 1JJ,56.00276409999999,-2.5167362,Co-op location-services API,Food,True,,,False,False
CG-105744-0000,Co-operative Group,105744-0000,5744.0,Helensburgh - Sinclair Street,The Co-operative Group,54-56 Sinclair Street,Helensburgh,Argyll And Bute,G84 8TQ,56.00451260000001,-4.732756800000001,Co-op location-services API,Food,True,,,False,False
CG-108721-0000,Co-operative Group,108721-0000,8721.0,Gullane - High Street,The Co-operative Group,1B Rosebery Place,Gullane,East Lothian,EH31 2AN,56.0341244,-2.8340595,Co-op location-services API,Food,True,Main St,,False,False
CG-105161-0000,Co-operative Group,105161-0000,5161.0,Rosneath - The Clachan,The Co-operative Group,The Clachan,Helensburgh,Argyll And Bute,G84 0RF,56.009991,-4.8012366,Co-op location-services API,Food,True,Rosneath,,False,False
CG-105755-0000,Co-operative Group,105755-0000,5755.0,High Valleyfield - Chapel Street,The Co-operative Group,4 Chapel Street,High Valleyfield,Fife,KY12 8SJ,56.061405,-3.596581,Co-op location-services API,Food,True,,,False,False
CG-105829-0000,Co-operative Group,105829-0000,5829.0,Killearn - Main Street,The Co-operative Group,56 Main Street,Killearn,Stirling,G63 9RH,56.0417062,-4.3678923,Co-op location-services API,Food,True,,,False,False
CG-104727-0000,Co-operative Group,104727-0000,4727.0,Burntisland - High Street,The Co-operative Group,255 High Street,Burntisland,Fife,KY3 9AQ,56.05984249999999,-3.231020499999999,Co-op location-services API,Food,True,,,False,False
CG-104217-0000,Co-operative Group,104217-0000,4217.0,Kincardine - Silver Street,The Co-operative Group,Silver Street,Alloa,Fife,FK10 4NS,56.06706,-3.718801,Co-op location-services API,Food,True,Kincardine,,False,False
CG-108902-0000,Co-operative Group,108902-0000,8902.0,Burntisland - Dollar Road,The Co-operative Group,33 Dollar Road,Burntisland,Fife,KY3 0HN,56.0643879,-3.2387325,Co-op location-services API,Food,True,,,False,False
CG-108907-0000,Co-operative Group,108907-0000,8907.0,Dunfermline - Linburn Road,The Co-operative Group,Linburn Road,Dunfermline,Fife,KY11 4UH,56.0680884,-3.4169231,Co-op location-services API,Food,True,,,False,False
CG-105837-0000,Co-operative Group,105837-0000,5837.0,Kinghorn - High Street,The Co-operative Group,26 High Street,Kinghorn,Fife,KY3 9UE,56.07005589999999,-3.1751834,Co-op location-services API,Lunar,True,,,False,False
CG-104887-0000,Co-operative Group,104887-0000,4887.0,Dunfermline - Shamrock Street,The Co-operative Group,Shamrock St,Dunfermline,Fife,KY12 0JH,56.0781612,-3.4498289,Co-op location-services API,Food,True,Townhill Rd,,False,False
CG-108738-0000,Co-operative Group,108738-0000,8738.0,North Berwick - High Street,The Co-operative Group,117 High St,North Berwick,East Lothian,EH39 4HB,56.0580548,-2.722196099999999,Co-op location-services API,Food,True,,,False,False
CG-107640-0000,Co-operative Group,107640-0000,7640.0,Dunfermline - Robertson Road,The Co-operative Group,Robertson Road,Dunfermline,Fife,KY12 0XS,56.0817107,-3.4357441,Co-op location-services API,Food,True,Bellyeoman,,False,False
CG-106867-0000,Co-operative Group,106867-0000,6867.0,Oakley - Wardlaw Way,The Co-operative Group,5 Wardlaw Way,Oakley,Fife,KY12 9QH,56.0856396,-3.5681058,Co-op location-services API,Food,True,,,False,False
CG-104599-0000,Co-operative Group,104599-0000,4599.0,Balfron - Buchanan Street,The Co-operative Group,137-145 Buchanan Street,Balfron,Stirling,G63 0TF,56.0709555,-4.337115499999999,Co-op location-services API,Food,True,,,False,False
CG-107713-0000,Co-operative Group,107713-0000,7713.0,Stirling - Pike Road,The Co-operative Group,Pike Road,Stirling,Stirling,FK7 7XJ,56.100301,-3.9138877,Co-op location-services API,Food,True,Wallace Park  Ballquihiderock,,False,False
CG-104792-0000,Co-operative Group,104792-0000,4792.0,Clackmannan - Main Street,The Co-operative Group,23-25 Main Street,Clackmannan,Clackmannanshire,FK10 4JA,56.10745199999999,-3.7514576,Co-op location-services API,Lunar,True,,,False,False
CG-105345-0000,Co-operative Group,105345-0000,5345.0,Cambusbarron - The Brae,The Co-operative Group,The Brae,Stirling,Stirling,FK7 9LE,56.1100854,-3.967548,Co-op location-services API,Food,True,Cambusbarron,,False,False
CG-104359-0000,Co-operative Group,104359-0000,4359.0,Kirkcaldy - Bennochy Road,The Co-operative Group,93 Bennochy Road,Kirkcaldy,Fife,KY2 5RB,56.1172341,-3.1768875,Co-op location-services API,Lunar,True,,,False,False
CG-107218-0000,Co-operative Group,107218-0000,7218.0,Alloa - Tullibody Road,The Co-operative Group,44 Tullibody Road,Alloa,Clackmannanshire,FK10 2LX,56.12106379999999,-3.7992908,Co-op location-services API,Food,True,,,False,False
CG-108913-0000,Co-operative Group,108913-0000,8913.0,Kirkcaldy - Lauder Road,The Co-operative Group,Lauder Road,Kirkcaldy,Fife,KY2 5BD,56.1231765,-3.1620207,Co-op location-services API,Food,True,,,False,False
CG-105914-0000,Co-operative Group,105914-0000,5914.0,Lochgelly - Bank Street,The Co-operative Group,50 Bank Street,Lochgelly,Fife,KY5 9QN,56.1279377,-3.3092698,Co-op location-services API,Food,True,,,False,False
CG-105854-0000,Co-operative Group,105854-0000,5854.0,Kirkcaldy - Dunearn Drive,The Co-operative Group,193 Dunearn Drive,Kirkcaldy,Fife,KY2 6LE,56.1261984,-3.1839336,Co-op location-services API,Food,True,,,False,False
CG-105095-0000,Co-operative Group,105095-0000,5095.0,Kelty - Cocklaw Street,The Co-operative Group,Cocklaw Street,Kelty,Fife,KY4 0DD,56.13281804901186,-3.3814146952333743,Co-op location-services API,Food,True,,,False,False
CG-107715-0000,Co-operative Group,107715-0000,7715.0,Tullibody - Ochil Street,The Co-operative Group,26 Ochil Street,Alloa,Clackmannanshire,FK10 2PT,56.134499,-3.8371709,Co-op location-services API,Food,True,Tullibody,,False,False
CG-106037-0000,Co-operative Group,106037-0000,6037.0,Stirling - Causewayhead Road,The Co-operative Group,42-44 Causewayhead Road,Stirling,Stirling,FK9 5EY,56.135732,-3.927541,Co-op location-services API,Food,True,,,False,False
CG-105915-0000,Co-operative Group,105915-0000,5915.0,Lochgilphead - Oban Road,The Co-operative Group,Oban Road,Lochgilphead,Argyll And Bute,PA31 8NG,56.039396,-5.433227,Co-op location-services API,Food,True,,,False,False
CG-107633-0000,Co-operative Group,107633-0000,7633.0,Tillicoultry - High Street,The Co-operative Group,74 High Street,Tillicoultry,Clackmannanshire,FK13 6AB,56.15364,-3.745749,Co-op location-services API,Food,True,,,False,False
CG-104572-0000,Co-operative Group,104572-0000,4572.0,Alva - Stirling Street,The Co-operative Group,70 Stirling Street,Alva,Clackmannanshire,FK12 5EA,56.15325230000001,-3.7995938,Co-op location-services API,Food,True,,,False,False
CG-105917-0000,Co-operative Group,105917-0000,5917.0,Lochore - Lochleven Road,The Co-operative Group,112-114 Lochleven Road,Lochore,Fife,KY5 8DA,56.157386,-3.3217828,Co-op location-services API,Food,True,,,False,False
CG-104873-0000,Co-operative Group,104873-0000,4873.0,Dollar - Bridge Street,The Co-operative Group,43-47 Bridge Street,Dollar,Clackmannanshire,FK14 7DG,56.1626308,-3.674171399999999,Co-op location-services API,Food,True,,,False,False
CG-104607-0000,Co-operative Group,104607-0000,4607.0,Methil - Methilhaven Road,The Co-operative Group,285 Methilhaven Road,Methil,Fife,KY8 3HP,56.18555689999999,-3.0306788,Co-op location-services API,Food,True,Methilhaven,,False,False
CG-108983-0000,Co-operative Group,108983-0000,8983.0,Glenrothes - Woodside Road,The Co-operative Group,Woodside Road,Glenrothes,Fife,KY7 4AF,56.190152,-3.158272,Co-op location-services API,Food,True,,,False,False
CG-105138-0000,Co-operative Group,105138-0000,5138.0,Doune - Castlehill Court,The Co-operative Group,Castlehill Court,Doune,Stirling,FK16 6BT,56.188881,-4.050892,Co-op location-services API,Lunar,True,,,False,False
CG-103651-0000,Co-operative Group,103651-0000,3651.0,Aberfoyle - Main Street,The Co-operative Group,Main Street,Aberfoyle,Stirling,FK8 3UQ,56.17830926435837,-4.381112682798352,Co-op location-services API,Food,True,,,False,False
CG-108919-0000,Co-operative Group,108919-0000,8919.0,Markinch - High Street,The Co-operative Group,20 High Street,Markinch,Fife,KY7 6DQ,56.20219350000001,-3.1316788,Co-op location-services API,Food,True,,,False,False
CG-107293-0000,Co-operative Group,107293-0000,7293.0,Glenrothes - Cadham Centre,The Co-operative Group,7 Cadham Centre,Glenrothes,Fife,KY7 6RU,56.20814350000001,-3.1691582,Co-op location-services API,Food,True,Cadham,,False,False
CG-108910-0000,Co-operative Group,108910-0000,8910.0,Kennoway - Bishops Court,The Co-operative Group,11-16 Bishops court,Kennoway,Fife,KY8 5LA,56.210271,-3.047776,Co-op location-services API,Food,True,,,False,False
CG-104579-0000,Co-operative Group,104579-0000,4579.0,Anstruther - St Andrews Road,The Co-operative Group,St. Andrews Road,Anstruther,Fife,KY10 3JS,56.2250747,-2.7073427,Co-op location-services API,Food,True,,,False,False
CG-104739-0000,Co-operative Group,104739-0000,4739.0,Callander - Main Street,The Co-operative Group,124 Main Street,Callander,Stirling,FK17 8BG,56.2420608,-4.207742400000001,Co-op location-services API,Food,True,,,False,False
CG-107345-0000,Co-operative Group,107345-0000,7345.0,Crail - High Street,The Co-operative Group,7 High Street,Crail,Fife,KY10 3TA,56.2605246,-2.6270631,Co-op location-services API,Food,True,,,False,False
CG-103674-0000,Co-operative Group,103674-0000,3674.0,Auchtermuchty - Low Road,The Co-operative Group,10 Low Road,Auchtermuchty,Fife,KY14 7AU,56.2900475,-3.235317702128562,Co-op location-services API,Food,True,,,False,False
CG-104594-0000,Co-operative Group,104594-0000,4594.0,Auchterarder - High Street,The Co-operative Group,124 High Street,Auchterarder,Perth And Kinross,PH3 1AA,56.2957943,-3.7072593,Co-op location-services API,Food,True,,,False,False
CG-104249-0000,Co-operative Group,104249-0000,4249.0,Inveraray - The Avenue,The Co-operative Group,The Avenue,Inveraray,Argyll And Bute,PA32 8UQ,56.2287026,-5.0763929,Co-op location-services API,Food,True,,,False,False
CG-104849-0000,Co-operative Group,104849-0000,4849.0,Cupar - Bonnygate,The Co-operative Group,99 Bonnygate,Cupar,Fife,KY15 4LG,56.31917239999999,-3.0180003,Co-op location-services API,Food,True,,,False,False
CG-104190-0000,Co-operative Group,104190-0000,4190.0,Bridge of Earn - Main Street,The Co-operative Group,Main Street,Perth,Perth And Kinross,PH2 9PJ,56.3499338,-3.4068551,Co-op location-services API,Food,True,Bridge of Earn,,False,False
CG-105242-0000,Co-operative Group,105242-0000,5242.0,Newburgh - High Street,The Co-operative Group,76 - 78 High Street,Cupar,Fife,KY14 6AQ,56.3509262,-3.2370577,Co-op location-services API,Food,True,Newburgh,,False,False
CG-109035-0000,Co-operative Group,109035-0000,9035.0,Crieff - Town Green,The Co-operative Group,Town Green,Crieff,Perth And Kinross,PH7 4DE,56.3719872,-3.8449583,Co-op location-services API,Food,True,,,False,False
CG-108923-0000,Co-operative Group,108923-0000,8923.0,Perth - Darnhall Drive,The Co-operative Group,17 Darnhall Drive,Perth,Perth And Kinross,PH2 0HD,56.3886459,-3.4463694,Co-op location-services API,Food,True,,,False,False
CG-104123-0000,Co-operative Group,104123-0000,4123.0,Perth - Main Street,The Co-operative Group,38 Main Street,Perth,Perth And Kinross,PH2 7HB,56.4006999,-3.4238599,Co-op location-services API,Food,True,Bridge End,,False,False
CG-106696-0000,Co-operative Group,106696-0000,6696.0,Perth - Rannoch Road,The Co-operative Group,191-201 Rannoch Road,Perth,Perth And Kinross,PH1 2DP,56.4017083,-3.4709827,Co-op location-services API,Food,True,Letham,,False,False
CG-108925-0000,Co-operative Group,108925-0000,8925.0,Perth - Tulloch Square,The Co-operative Group,Tulloch Square,Perth,Perth And Kinross,PH1 2PW,56.4105937,-3.4625223,Co-op location-services API,Food,True,,,False,False
CG-108922-0000,Co-operative Group,108922-0000,8922.0,Perth - Argyll Road,The Co-operative Group,Argyll Road,Perth,Perth And Kinross,PH1 3BZ,56.4132738,-3.4498529,Co-op location-services API,Food,True,,,False,False
CG-106742-0000,Co-operative Group,106742-0000,6742.0,Scone - Perth Road,The Co-operative Group,60 Perth Road,Perth,Perth And Kinross,PH2 6JL,56.4182375,-3.4021644,Co-op location-services API,Food,True,Scone,,False,False
CG-106858-0000,Co-operative Group,106858-0000,6858.0,Tayport - Nelson Street,The Co-operative Group,24 Nelson Street,Tayport,Fife,DD6 9DR,56.4453146,-2.8768346,Co-op location-services API,Food,True,,,False,False
CG-109036-0000,Co-operative Group,109036-0000,9036.0,Dundee - Brook Street,The Co-operative Group,Brook Street,Dundee,Dundee City,DD1 5BP,56.4617266,-2.989484,Co-op location-services API,Food,True,,,False,False
CG-109032-0000,Co-operative Group,109032-0000,9032.0,Barnhill - Nursery Road,The Co-operative Group,Unit 7 Campfield Square,Dundee,Dundee City,DD5 2PU,56.4743496,-2.8584501,Co-op location-services API,Food,True,Broughty Ferry,,False,False
CG-108690-0000,Co-operative Group,108690-0000,8690.0,Dundee - Lawers Drive,The Co-operative Group,134 Lawers Drive,Dundee,Dundee City,DD5 3UN,56.48382849999999,-2.8522894,Co-op location-services API,Food,True,Broughty Ferry,,False,False
CG-103644-0000,Co-operative Group,103644-0000,3644.0,Killin - Lyon Road,The Co-operative Group,Lyon Road,Killin,Stirling,FK21 8UJ,56.49707385558479,-4.31499261,Co-op location-services API,Food,True,,,False,False
CG-108845-0000,Co-operative Group,108845-0000,8845.0,Carnoustie - Barry Road,The Co-operative Group,Barry Road,Carnoustie,Angus,DD7 7QJ,56.5003219,-2.7260124,Co-op location-services API,Food,True,,,False,False
CG-108704-0000,Co-operative Group,108704-0000,8704.0,Carnoustie - High Street,The Co-operative Group,3 High St,Carnoustie,Angus,DD7 6AN,56.5011892,-2.7076256,Co-op location-services API,Food,True,,,False,False
CG-104888-0000,Co-operative Group,104888-0000,4888.0,Dunkeld - Bridge Street,The Co-operative Group,Bridge Street,Dunkeld,Perth And Kinross,PH8 0AH,56.5653601,-3.5855392,Co-op location-services API,Food,True,,,False,False
CG-107262-0000,Co-operative Group,107262-0000,7262.0,Blairgowrie - Perth Street,The Co-operative Group,Perth Street,Blairgowrie,Perth And Kinross,PH10 6DL,56.5891945,-3.3424552,Co-op location-services API,Food,True,,,False,False
CG-108734-0000,Co-operative Group,108734-0000,8734.0,Arbroath - Mayfield Terrace,The Co-operative Group,14-15 Mayfield Terrace,Arbroath,Angus,DD11 5DJ,56.56682099999999,-2.5690942,Co-op location-services API,Food,True,,,False,False
CG-108984-0000,Co-operative Group,108984-0000,8984.0,Aberfeldy - Dunkeld Street,The Co-operative Group,46 Dunkeld Street,Aberfeldy,Perth And Kinross,PH15 2AF,56.61961949999999,-3.864457,Co-op location-services API,Food,True,,,False,False
CG-105315-0000,Co-operative Group,105315-0000,5315.0,Alyth - Market Square,The Co-operative Group,3 Market Square,Blairgowrie,Perth And Kinross,PH11 8AA,56.623123,-3.230064,Co-op location-services API,Food,True,Alyth,,False,False
CG-108729-0000,Co-operative Group,108729-0000,8729.0,Kirriemuir - The Roods,The Co-operative Group,33 The Roods,Kirriemuir,Angus,DD8 4HN,56.6747064,-3.0046908,Co-op location-services API,Food,True,,,False,False
CG-106650-0000,Co-operative Group,106650-0000,6650.0,Pitlochry - West Moulin Road,The Co-operative Group,West Moulin Road,Pitlochry,Perth And Kinross,PH16 5EA,56.7042115,-3.7339662,Co-op location-services API,Food,True,,,False,False
CG-104026-0000,Co-operative Group,104026-0000,4026.0,Ballachulish - Old Station Yard,The Co-operative Group,Park Road,Ballachulish,Highland,PH49 4JS,56.6782491,-5.1310191,Co-op location-services API,Food,True,,,False,False
CG-109027-0000,Co-operative Group,109027-0000,9027.0,Brechin - Trinity Road,The Co-operative Group,Trinity Road,Brechin,Angus,DD9 6BL,56.7356461,-2.6607902,Co-op location-services API,Food,True,,,False,False
CG-105847-0000,Co-operative Group,105847-0000,5847.0,Kinlochleven - Leven Road,The Co-operative Group,Leven Road,Kinlochleven,Highland,PH50 4RW,56.7130467,-4.9643697,Co-op location-services API,Food,True,,,False,False
CG-107639-0000,Co-operative Group,107639-0000,7639.0,Tobermory - Main Street,The Co-operative Group,33 Main Street,Isle Of Mull,Argyll And Bute,PA75 6NT,56.62288330000001,-6.068250500000001,Co-op location-services API,Food,True,Tobermory,,False,False
CG-107638-0000,Co-operative Group,107638-0000,7638.0,Tiree - Scarinish,The Co-operative Group,Scarinish,Isle Of Tiree,Argyll And Bute,PA77 6UH,56.5004668,-6.8073633,Co-op location-services API,Food,True,,,False,False
CG-104248-0000,Co-operative Group,104248-0000,4248.0,Laurencekirk - Aberdeen Road,The Co-operative Group,Aberdeen Road,Laurencekirk,Aberdeenshire,AB30 1AG,56.8322875,-2.4688951,Co-op location-services API,Food,True,,,False,False
CG-104748-0000,Co-operative Group,104748-0000,4748.0,Caol - Kilmallie Road,The Co-operative Group,Kilmallie Road,Fort William,Highland,PH33 7EN,56.8376289,-5.1006955,Co-op location-services API,Food,True,Caol,,False,False
CG-104819-0000,Co-operative Group,104819-0000,4819.0,Corpach - Main Street,The Co-operative Group,Royal Bank Buildings,Fort William,Highland,PH33 7JG,56.8437779,-5.124253,Co-op location-services API,Food,True,Main Street  Corpach,,False,False
CG-107717-0000,Co-operative Group,107717-0000,7717.0,Stonehaven - Market Square,The Co-operative Group,12 Market Square,Stonehaven,Aberdeenshire,AB39 2BE,56.9637995,-2.2095181,Co-op location-services API,Food,True,,,False,False
CG-109024-0000,Co-operative Group,109024-0000,9024.0,Stonehaven - David Street,The Co-operative Group,David Street,Stonehaven,Aberdeenshire,AB39 2AL,56.9665038,-2.2086129,Co-op location-services API,Food,True,,,False,False
CG-109026-0000,Co-operative Group,109026-0000,9026.0,Stonehaven - Redcloak Drive,The Co-operative Group,Redcloak Drive,Stonehaven,Aberdeenshire,AB39 2XJ,56.9730211,-2.2306555,Co-op location-services API,Food,True,Redcloak,,False,False
CG-104082-0000,Co-operative Group,104082-0000,4082.0,Ballater - Golf Road,The Co-operative Group,4 Golf Road,Ballater,Aberdeenshire,AB35 5RE,57.0491971,-3.0405092,Co-op location-services API,Food,True,,,False,False
CG-108848-0000,Co-operative Group,108848-0000,8848.0,Newtonmore - Church Terrace,The Co-operative Group,Main Street,Newtonmore,Highland,PH20 1DR,57.0676167,-4.11589,Co-op location-services API,Food,True,,,False,False
CG-104268-0000,Co-operative Group,104268-0000,4268.0,Kingussie - High Street,The Co-operative Group,24 High Street,Kingussie,Highland,PH21 1HR,57.0799345,-4.051648900000001,Co-op location-services API,Food,True,,,False,False
CG-104312-0000,Co-operative Group,104312-0000,4312.0,Banchory - Hill of Banchory,The Co-operative Group,Hill Of Banchory South,Banchory,Aberdeenshire,AB31 5BQ,57.059542,-2.478695,Co-op location-services API,Lunar,True,,,False,False
CG-104555-0000,Co-operative Group,104555-0000,4555.0,Aboyne - Old Mart Road,The Co-operative Group,Old Mart Road,Aboyne,Aberdeenshire,AB34 5GR,57.074669,-2.7779193,Co-op location-services API,Food,True,,,False,False
CG-104377-0000,Co-operative Group,104377-0000,4377.0,Aberdeen - Lethan Fields,The Co-operative Group,1 Hillside Court,Aberdeen,Aberdeenshire,AB12 4NN,57.0730754,-2.1351241,Co-op location-services API,Lunar,True,Portlethen,,False,False
CG-156476-SPET,Co-operative Group,156476-SPET,6476.0,Portlethen,The Co-operative Group,City South Office Park A92,Aberdeen,Aberdeenshire,AB12 4XX,57.0782245394913,-2.1259846316161903,Co-op location-services API,Petrol No BWS,True,Portlethen,,False,False
CG-105169-0000,Co-operative Group,105169-0000,5169.0,Peterculter - North Deeside Road,The Co-operative Group,279 North Deeside Road,Aberdeen,Aberdeen City,AB14 0UL,57.0959677,-2.269262,Co-op location-services API,Food,True,Peterculter,,False,False
CG-107843-0000,Co-operative Group,107843-0000,7843.0,Mallaig - Station Road,The Co-operative Group,Station Road,Mallaig,Highland,PH41 4PY,57.0058796,-5.8289409,Co-op location-services API,Food,True,,,False,False
CG-104029-0000,Co-operative Group,104029-0000,4029.0,Cove Bay - Earnsheugh Road,The Co-operative Group,Land at Earnsheugh Road,Aberdeen,Aberdeen City,AB12 3FL,57.1035933,-2.0868545,Co-op location-services API,Food,True,Cove Bay,,False,False
CG-109010-0000,Co-operative Group,109010-0000,9010.0,Aberdeen - Great Western Road,The Co-operative Group,485 Great Western Road,Aberdeen,Aberdeen City,AB10 6NN,57.1321354,-2.1354424,Co-op location-services API,Food,True,,,False,False
CG-109011-0000,Co-operative Group,109011-0000,9011.0,Aberdeen - Countesswells Road,The Co-operative Group,76-78 Countesswells Road,Aberdeen,Aberdeen City,AB15 7YJ,57.13320470000001,-2.1476008,Co-op location-services API,Food,True,,,False,False
CG-108717-0000,Co-operative Group,108717-0000,8717.0,Aberdeen - Fountainhall Road,The Co-operative Group,15 Fountainhall Road,Aberdeen,Aberdeen City,AB15 4DX,57.1441354,-2.1278382,Co-op location-services API,Food,True,,,False,False
CG-109029-0000,Co-operative Group,109029-0000,9029.0,Aberdeen - Union Street,The Co-operative Group,204 Union Street,Aberdeen,Aberdeen City,AB10 1QS,57.1449231,-2.1053129,Co-op location-services API,Food,True,,,False,False
CG-104277-0000,Co-operative Group,104277-0000,4277.0,Aviemore - Dalfaber Drive,The Co-operative Group,Dalfaber Drive,Aviemore,Highland,PH22 1UQ,57.2011114,-3.8237269,Co-op location-services API,Food,True,,,False,False
CG-107494-0000,Co-operative Group,107494-0000,7494.0,Aberdeen - Kingswells Avenue,The Co-operative Group,Kingswells Avenue,Aberdeen,Aberdeen City,AB15 8TG,57.156179,-2.22436,Co-op location-services API,Food,True,Kingswells,,False,False
CG-109023-0000,Co-operative Group,109023-0000,9023.0,Aberdeen - Rosemount Place,The Co-operative Group,293 Rosemount Place,Aberdeen,Aberdeen City,AB25 2YB,57.1492773,-2.1229069,Co-op location-services API,Food,True,,,False,False
CG-107512-0000,Co-operative Group,107512-0000,7512.0,Aberdeen - Lewis Road,The Co-operative Group,"Unit 2, Lewis Road",Aberdeen,Aberdeen City,AB16 6TU,57.1547241,-2.1786585,Co-op location-services API,Lunar,True,South Sheddocksley,,False,False
CG-106021-0000,Co-operative Group,106021-0000,6021.0,Aberdeen - Mounthooly Way,The Co-operative Group,2 Mounthooly Way,Aberdeen,Aberdeen City,AB24 3ER,57.155525075179824,-2.097658711161291,Co-op location-services API,Food,True,,,False,False
CG-104360-0000,Co-operative Group,104360-0000,4360.0,Aberdeen - Rosehill Drive,The Co-operative Group,93 Rosehill Drive,Aberdeen,Aberdeen City,AB24 4JS,57.163626,-2.136047,Co-op location-services API,Food,True,,,False,False
CG-103642-0000,Co-operative Group,103642-0000,3642.0,Aberdeen - King Street,The Co-operative Group,504 King Street,Aberdeen,Aberdeen City,AB24 5ST,57.16266427088539,-2.0966807772361813,Co-op location-services API,Food,True,,,False,False
CG-109014-0000,Co-operative Group,109014-0000,9014.0,Aberdeen - Scotstown Road,The Co-operative Group,21 Scotstown Road,Aberdeen,Aberdeen City,AB22 8HH,57.181073,-2.0998541,Co-op location-services API,Food,True,Bridge Of Don,,False,False
CG-104328-0000,Co-operative Group,104328-0000,4328.0,Aberdeen - Stoneywood Road,The Co-operative Group,Land at Stoneywood Road,Aberdeen,Aberdeen City,AB21 9JS,57.1889808,-2.1780804,Co-op location-services API,Food,True,Stoneywood,,False,False
CG-108701-0000,Co-operative Group,108701-0000,8701.0,Blackburn - Main Street,The Co-operative Group,Main Street,Aberdeen,Aberdeenshire,AB21 0XN,57.2034226,-2.2864765,Co-op location-services API,Food,True,Blackburn,,False,False
CG-104566-0000,Co-operative Group,104566-0000,4566.0,Alford - Mart Road,The Co-operative Group,Mart Road,Alford,Aberdeenshire,AB33 8BZ,57.2298822,-2.7000152,Co-op location-services API,Food,True,,,False,False
CG-106243-0000,Co-operative Group,106243-0000,6243.0,Kemnay - Station Road,The Co-operative Group,Station Road,Inverurie,Aberdeenshire,AB51 5RB,57.23456,-2.44666,Co-op location-services API,Food,True,Kemnay,,False,False
CG-109012-0000,Co-operative Group,109012-0000,9012.0,Kintore - Northern Road,The Co-operative Group,Northern Road,Inverurie,Aberdeenshire,AB51 0WL,57.2389951,-2.3477889,Co-op location-services API,Food,True,Kintore,,False,False
CG-105975-0000,Co-operative Group,105975-0000,5975.0,Balmedie - Rowan Drive,The Co-operative Group,Rowan Drive,Aberdeen,Aberdeenshire,AB23 8SW,57.246538,-2.057639,Co-op location-services API,Food,True,Balmedie,,False,False
CG-109013-0000,Co-operative Group,109013-0000,9013.0,Newmachar - Oldmeldrum Road,The Co-operative Group,27 The Oldmeldrum Road,Aberdeen,Aberdeenshire,AB21 0PJ,57.266559,-2.191374,Co-op location-services API,Food,True,Newmacher,,False,False
CG-107288-0000,Co-operative Group,107288-0000,7288.0,Inverurie - Burghmuir Drive,The Co-operative Group,Burghmuir Drive,Inverurie,Aberdeenshire,AB51 4GY,57.2903516,-2.3962365,Co-op location-services API,Food,True,,,False,False
CG-104992-0000,Co-operative Group,104992-0000,4992.0,Grantown-on-Spey - The Square,The Co-operative Group,4 The Square,Grantown-On-Spey,Highland,PH26 3HG,57.33202480000001,-3.6074138,Co-op location-services API,Food,True,,,False,False
CG-106944-0000,Co-operative Group,106944-0000,6944.0,Barra - Castlebay,The Co-operative Group,Isle Of Barra,Castlebay,Na H-Eileanan Siar,HS9 5XD,56.9553997,-7.4985678,Co-op location-services API,Food,True,Na h-Eileanan,,False,False
CG-108861-0000,Co-operative Group,108861-0000,8861.0,Insch - Commerce Street,The Co-operative Group,38 Commerce Street,Insch,Aberdeenshire,AB52 6JB,57.34230289999999,-2.6142739,Co-op location-services API,Food,True,,,False,False
CG-104030-0000,Co-operative Group,104030-0000,4030.0,Oldmeldrum - Colpy Road,The Co-operative Group,Colpy Road,Inverurie,Aberdeenshire,AB51 0BZ,57.3351231,-2.3347952,Co-op location-services API,Food,True,,,False,False
CG-104695-0000,Co-operative Group,104695-0000,4695.0,Broadford - Main Street,The Co-operative Group,Main Street,Isle Of Skye,Highland,IV49 9AE,57.2413321,-5.9069421,Co-op location-services API,Food,True,Broadford,,False,False
CG-108740-0000,Co-operative Group,108740-0000,8740.0,Pitmedden - Tarves Road,The Co-operative Group,Tarves Road,Ellon,Aberdeenshire,AB41 7NY,57.33801519999998,-2.1808411,Co-op location-services API,Food,True,Pitmedden,,False,False
CG-105864-0000,Co-operative Group,105864-0000,5864.0,Kyle of Lochalsh - Bridge Road,The Co-operative Group,1 Bridge Road,Kyle Of Lochalsh,Highland,IV40 8BH,57.28053809999999,-5.7180012,Co-op location-services API,Food,True,,,False,False
CG-108715-0000,Co-operative Group,108715-0000,8715.0,Ellon - Esslemont Circle,The Co-operative Group,Esslemont Circle,Ellon,Aberdeenshire,AB41 9UF,57.3700323,-2.0971887,Co-op location-services API,Lunar,True,,,False,False
CG-107890-0000,Co-operative Group,107890-0000,7890.0,Dufftown - Fife Street,The Co-operative Group,18-20 Fife Street,Keith,Moray,AB55 4AL,57.4449328,-3.127116,Co-op location-services API,Food,True,Dufftown,,False,False
CG-104054-0000,Co-operative Group,104054-0000,4054.0,Milton of Leys - Leys Square,The Co-operative Group,Leys Square,Inverness,Highland,IV2 6HF,57.4504326,-4.1726576,Co-op location-services API,Food,True,,,False,False
CG-107423-0000,Co-operative Group,107423-0000,7423.0,Fyvie - Main Street,The Co-operative Group,Main Street,Turriff,Aberdeenshire,AB53 8PB,57.4294398,-2.3958496,Co-op location-services API,Food,True,Fyvie,,False,False
CG-108806-0000,Co-operative Group,108806-0000,8806.0,Inverness - West Inshes Road,The Co-operative Group,West Inches Place,Inverness,Highland,IV2 5HZ,57.4627383,-4.1859534,Co-op location-services API,Food,True,Milton Of Leys,,False,False
CG-104553-0000,Co-operative Group,104553-0000,4553.0,Aberlour - High Street,The Co-operative Group,91 High Street,Aberlour,Moray,AB38 9QB,57.4704831,-3.2250679,Co-op location-services API,Food,True,Charleston,,False,False
CG-105897-0000,Co-operative Group,105897-0000,5897.0,Inverness - Church Street,The Co-operative Group,59 Church Street,Inverness,Highland,IV1 1DY,57.4788469,-4.2269644,Co-op location-services API,Food,True,,,False,False
CG-156313-0000,Co-operative Group,156313-0000,6313.0,IKSF Cruden Bay,The Co-operative Group,Main Street,Peterhead,Aberdeenshire,AB42 0NA,57.416648119103726,-1.848858721412984,Co-op location-services API,Food,True,Cruden Bay,,False,False
CG-106862-0000,Co-operative Group,106862-0000,6862.0,Inverness - Telford Street,The Co-operative Group,74 Telford Street,Inverness,Highland,IV3 5LS,57.48281950000001,-4.2448727,Co-op location-services API,Food,True,Telford Retail Park,,False,False
CG-107353-0000,Co-operative Group,107353-0000,7353.0,Culloden - Keppoch Road,The Co-operative Group,Shopping Centre,Culloden,Highland,IV2 7LL,57.4867961,-4.14228,Co-op location-services API,Food,True,Keppock Road,,False,False
CG-104088-0000,Co-operative Group,104088-0000,4088.0,Beauly - Station Road,The Co-operative Group,Station Road,Beauly,Highland,IV4 7EH,57.4799609,-4.4678569,Co-op location-services API,Food,True,,,False,False
CG-104853-0000,Co-operative Group,104853-0000,4853.0,Isle of South Uist - Daliburgh,The Co-operative Group,292 Daliburgh,Daliburgh,Na H-Eileanan Siar,HS8 5SS,57.165778,-7.371257,Co-op location-services API,Food,True,,,False,False
CG-103675-0000,Co-operative Group,103675-0000,3675.0,Muir of Ord - Great North Road,The Co-operative Group,Great North Road,Muir Of Ord,Highland,IV6 7TP,57.51642978072544,-4.458216980215302,Co-op location-services API,Food,True,,,False,False
CG-107720-0000,Co-operative Group,107720-0000,7720.0,Turriff - Balmellie Street,The Co-operative Group,Balmellie Street,Turriff,Aberdeenshire,AB53 4DU,57.5370774,-2.4585299,Co-op location-services API,Food,True,,,False,False
CG-107563-0000,Co-operative Group,107563-0000,7563.0,Nairn - Moss-Side Road,The Co-operative Group,11 Moss-side Road,Nairn,Highland,IV12 5NQ,57.5757651,-3.8926336,Co-op location-services API,Food,True,,,False,False
CG-104147-0000,Co-operative Group,104147-0000,4147.0,Peterhead - Kinmundy Road,The Co-operative Group,Kinmundy Road,Peterhead,Aberdeenshire,AB42 2AE,57.5022982,-1.8115846,Co-op location-services API,Lunar,True,,,False,False
CG-104250-0000,Co-operative Group,104250-0000,4250.0,Conon Bridge - School Road,The Co-operative Group,School Road,Dingwall,Highland,IV7 8AF,57.5647943,-4.4279223,Co-op location-services API,Food,True,Conon Bridge,,False,False
CG-109006-0000,Co-operative Group,109006-0000,9006.0,Portree - Bank Street,The Co-operative Group,Bank Street,Portree,Highland,IV51 9DA,57.4128304,-6.1923122,Co-op location-services API,Food,True,Portree,,False,False
CG-105960-0000,Co-operative Group,105960-0000,5960.0,Aberchirder - Main Street,The Co-operative Group,112 Main Street,Huntly,Aberdeenshire,AB54 7TD,57.5610155,-2.6259633,Co-op location-services API,Food,True,Aberchirder,,False,False
CG-108809-0000,Co-operative Group,108809-0000,8809.0,Mintlaw - Station Road,The Co-operative Group,Off Station Road,Peterhead,Aberdeenshire,AB42 5EE,57.5264025,-2.0168163,Co-op location-services API,Food,True,Mintlaw,,False,False
CG-107557-0000,Co-operative Group,107557-0000,7557.0,Nairn - High Street,The Co-operative Group,45 High Street,Nairn,Highland,IV12 4AU,57.5843453,-3.869056500000001,Co-op location-services API,Lunar,True,,,False,False
CG-109007-0000,Co-operative Group,109007-0000,9007.0,Nairn - King Street,The Co-operative Group,King Street,Nairn,Highland,IV12 4DN,57.5845308,-3.8710366,Co-op location-services API,Food,True,,,False,False
CG-106673-0000,Co-operative Group,106673-0000,6673.0,Portree - Woodlands Road,The Co-operative Group,Woodpark Road,Isle Of Skye,Highland,IV51 9HQ,57.417597,-6.207789,Co-op location-services API,Food,True,Portree,,False,False
CG-104953-0000,Co-operative Group,104953-0000,4953.0,Fortrose - High Street,The Co-operative Group,60-73 High Street,Fortrose,Highland,IV10 8TF,57.5821521,-4.1299326,Co-op location-services API,Food,True,,,False,False
CG-105523-0000,Co-operative Group,105523-0000,5523.0,Forres - Grantown Road,The Co-operative Group,4 Grantown Road,Forres,Moray,IV36 2UG,57.598728,-3.624874,Co-op location-services API,Food,True,,,False,False
CG-104952-0000,Co-operative Group,104952-0000,4952.0,Forres - High Street,The Co-operative Group,52-56 High Street,Forres,Moray,IV36 1PF,57.61054499999999,-3.6120057,Co-op location-services API,Food,True,,,False,False
CG-105146-0000,Co-operative Group,105146-0000,5146.0,Fochabers - High Street,The Co-operative Group,25 High Street,Fochabers,Moray,IV32 7DX,57.6133876,-3.0950022,Co-op location-services API,Food,True,,,False,False
CG-107367-0000,Co-operative Group,107367-0000,7367.0,Dingwall - Old Evanton Road,The Co-operative Group,Old Evanton Road,Dingwall,Highland,IV15 9GA,57.6042335,-4.4327673,Co-op location-services API,Food,True,,,False,False
CG-105512-0000,Co-operative Group,105512-0000,5512.0,Lhanbryde - St Andrew's Road,The Co-operative Group,15 St Andrew's Road,Elgin,Moray,IV30 8NZ,57.635285,-3.222578,Co-op location-services API,Food,True,Lhanbryde,,False,False
CG-108744-0000,Co-operative Group,108744-0000,8744.0,Strichen - Bridge Street,The Co-operative Group,2-4 Bridge Street,Fraserburgh,Aberdeenshire,AB43 6SS,57.5865023,-2.0901501,Co-op location-services API,Lunar,True,Strichen,,False,False
CG-107504-0000,Co-operative Group,107504-0000,7504.0,Evanton - Balconie Street,The Co-operative Group,13 Balconie Street,Dingwall,Highland,IV16 9UN,57.66303500000001,-4.337138299999999,Co-op location-services API,Food,True,Evanton,,False,False
CG-104713-0000,Co-operative Group,104713-0000,4713.0,Buckie - East Church Street,The Co-operative Group,36 East Church Street,Buckie,Moray,AB56 1AB,57.6769632,-2.9619122,Co-op location-services API,Food,True,,,False,False
CG-109002-0000,Co-operative Group,109002-0000,9002.0,Banff - Bridge Road,The Co-operative Group,Bridge Road,Banff,Aberdeenshire,AB45 1HE,57.6634682,-2.5152959,Co-op location-services API,Food,True,,,False,False
CG-103678-0000,Co-operative Group,103678-0000,3678.0,Invergordon - High Street,The Co-operative Group,110 High Street,Invergordon,Highland,IV18 0DL,57.688514444444,-4.165054722222,Co-op location-services API,Food,True,,,False,False
CG-106674-0000,Co-operative Group,106674-0000,6674.0,Portsoy - Seafield Street,The Co-operative Group,6-10 Seafield St,Banff,Aberdeenshire,AB45 2QL,57.68140399999999,-2.6913627,Co-op location-services API,Food,True,Portsoy,,False,False
CG-107352-0000,Co-operative Group,107352-0000,7352.0,Cullen - Grant Street,The Co-operative Group,12 Grant Street,Buckie,Moray,AB56 4RS,57.6904516,-2.8206962,Co-op location-services API,Food,True,Cullen,,False,False
CG-109001-0000,Co-operative Group,109001-0000,9001.0,Alness - High Street,The Co-operative Group,46-48 High Street,Alness,Highland,IV17 0PS,57.69562519999999,-4.254775,Co-op location-services API,Food,True,,,False,False
CG-105930-0000,Co-operative Group,105930-0000,5930.0,Lossiemouth - Couldardbank Road,The Co-operative Group,Couldardbank Road,Lossiemouth,Moray,IV31 6ED,57.7131164,-3.2987499,Co-op location-services API,Food,True,Faroes Court,,False,False
CG-103707-0000,Co-operative Group,103707-0000,3707.0,Lossiemouth - Queen Street,The Co-operative Group,44 Queen Street,Lossiemouth,Moray,IV31 6PN,57.72254015383721,-3.283618791681401,Co-op location-services API,Food,True,,,False,False
CG-108880-0000,Co-operative Group,108880-0000,8880.0,Fraserburgh - Albert Street,The Co-operative Group,Albert Street,Fraserburgh,Aberdeenshire,AB43 9JJ,57.6936642,-2.0125853,Co-op location-services API,Food,True,,,False,False
CG-104831-0000,Co-operative Group,104831-0000,4831.0,Isle of Benbecula - Creagorry,The Co-operative Group,Creagorry,South Uist,Na H-Eileanan Siar,HS7 5PG,57.4105727,-7.3348259,Co-op location-services API,Food,True,Isle of Benbecula,,False,False
CG-107725-0000,Co-operative Group,107725-0000,7725.0,Tain - High Street,The Co-operative Group,14 High Street,Tain,Highland,IV19 1AE,57.81178250000001,-4.054269899999999,Co-op location-services API,Lunar,True,,,False,False
CG-106259-0000,Co-operative Group,106259-0000,6259.0,Gairloch - Main Road,The Co-operative Group,"Land at A832 & B8021, Drium Achadh",Gairloch,Highland,IV21 2BH,57.72715053875552,-5.691178136908919,Co-op location-services API,Food,True,,,False,False
CG-108863-0000,Co-operative Group,108863-0000,8863.0,Dornoch - St Gilbert Street,The Co-operative Group,Cathedral Square,Dornoch,Highland,IV25 3SJ,57.880546,-4.030953,Co-op location-services API,Food,True,,,False,False
CG-104985-0000,Co-operative Group,104985-0000,4985.0,Golspie - Main Street,The Co-operative Group,Main Street,Golspie,Highland,KW10 6RA,57.9740153,-3.9747333,Co-op location-services API,Food,True,,,False,False
CG-106792-0000,Co-operative Group,106792-0000,6792.0,North Uist - Sollas,The Co-operative Group,Sollas,Lochmaddy,Na H-Eileanan Siar,HS6 5BS,57.6501336,-7.3444987,Co-op location-services API,Food,True,North Uist,,False,False
CG-104705-0000,Co-operative Group,104705-0000,4705.0,Brora - Gower Street,The Co-operative Group,Fountain Square,Brora,Highland,KW9 6NX,58.01097,-3.855293,Co-op location-services API,Food,True,,,False,False
CG-106020-0000,Co-operative Group,106020-0000,6020.0,Stornoway - Cromwell Street,The Co-operative Group,49-51 Cromwell Street,Isle of Lewis,Na H-Eileanan Siar,HS1 2DD,58.208771,-6.388179,Co-op location-services API,Food,True,Stornoway,,False,False
CG-106838-0000,Co-operative Group,106838-0000,6838.0,Stornoway - MacAulay Road,The Co-operative Group,8 Macaulay Road,Isle Of Lewis,Na H-Eileanan Siar,HS1 2HU,58.2162569,-6.3839502,Co-op location-services API,Food,True,Stornoway,,False,False
CG-107997-0000,Co-operative Group,107997-0000,7997.0,Wick - Thurso Road,The Co-operative Group,Angle Park,Wick,Highland,KW1 5LW,58.4407816,-3.0985375,Co-op location-services API,Food,True,Thurso Road,,False,False
CG-107617-0000,Co-operative Group,107617-0000,7617.0,Thurso - Meadow Lane,The Co-operative Group,Meadow Lane,Thurso,Highland,KW14 8ER,58.5946296,-3.518742,Co-op location-services API,Food,True,,,False,False
CG-108948-0000,Co-operative Group,108948-0000,8948.0,Orkney Stromness - Ferry Road,The Co-operative Group,Ferry Road,Stromness,Orkney Islands,KW16 3AE,58.9674408,-3.294251,Co-op location-services API,Food,True,,,False,False
CG-105856-0000,Co-operative Group,105856-0000,5856.0,Kirkwall - Pickaquoy Road,The Co-operative Group,Pickaquoy Road,Kirkwall,Orkney Islands,KW15 1RR,58.9807263,-2.9689073,Co-op location-services API,Food,True,,,False,False
CG-108883-0000,Co-operative Group,108883-0000,8883.0,Orkney Kirkwall - Albert Street,The Co-operative Group,19 Albert Street,Kirkwall,Orkney Islands,KW15 1HP,58.98356259999998,-2.958382599999999,Co-op location-services API,Food,True,,,False,False
CG-105890-0000,Co-operative Group,105890-0000,5890.0,Shetland Lerwick - Holmsgarth Road,The Co-operative Group,Holmsgarth Road,Shetland,Shetland Islands,ZE1 0PW,60.15945,-1.156433,Co-op location-services API,Food,True,Lerwick,,False,False
CG-105286-0000,Co-operative Group,105286-0000,5286.0,Shetland Brae - Hillside,The Co-operative Group,Hillside,Shetland,Shetland Islands,ZE2 9QG,60.3963671,-1.3546966,Co-op location-services API,Food,True,Brae,,False,False
