addressExtra,businessId,callToActions,city,country,distance,fax,futureOpeningDate,id,identifier,inventory,lat,lng,name,openingHours,openingHoursNotes,openNow,phone,photos,province,specialOpeningHours,streetAndNumber,zip,nextOpen.closedNow,nextOpen.neverOpens,nextOpen.dayOfWeek,nextOpen.hour,nextOpen.date
"Ground Floor, Shirley",2183408,[],Croydon,UK,,,,4700812,9822,[],51.38602983,-0.04009346,Welcome Shirley,"[{'dayOfWeek': 1, 'from1': '07:00', 'to1': '22:00'}, {'dayOfWeek': 2, 'from1': '07:00', 'to1': '22:00'}, {'dayOfWeek': 3, 'from1': '07:00', 'to1': '22:00'}, {'dayOfWeek': 4, 'from1': '07:00', 'to1': '22:00'}, {'dayOfWeek': 5, 'from1': '07:00', 'to1': '22:00'}, {'dayOfWeek': 6, 'from1': '07:00', 'to1': '22:00'}, {'dayOfWeek': 7, 'from1': '07:00', 'to1': '22:00'}]",,True,+44 20 4501 4098,"[{'publicUrl': 'https://locator.uberall.com/uberall-userpics-prod-optimized/4700812/thumb_3qxRQqLyWf.png', 'type': 'MAIN', 'description': None}]",Greater London,[],118-122 Orchard Way,CR0 7NN,False,,,,
Cliffe Woods,2183408,[],Medway,UK,,,,4700813,9744,[],51.43423227,0.49651982,Welcome Cliffe Woods,"[{'dayOfWeek': 1, 'from1': '07:00', 'to1': '21:00'}, {'dayOfWeek': 2, 'from1': '07:00', 'to1': '21:00'}, {'dayOfWeek': 3, 'from1': '07:00', 'to1': '21:00'}, {'dayOfWeek': 4, 'from1': '07:00', 'to1': '21:00'}, {'dayOfWeek': 5, 'from1': '07:00', 'to1': '21:00'}, {'dayOfWeek': 6, 'from1': '07:00', 'to1': '21:00'}, {'dayOfWeek': 7, 'from1': '07:00', 'to1': '21:00'}]",Post Office services available: Mon-Sun 06:00 - 22:00,True,+44 1634 222073,"[{'publicUrl': 'https://locator.uberall.com/uberall-userpics-prod-optimized/4700813/thumb_iKHzxNdYnw.png', 'type': 'MAIN', 'description': None}]",Medway,[],9-11 Parkside,ME3 8HX,False,,,,
,2183408,[],Ashtead,UK,,,,4700815,9787,[],51.3090621,-0.2998355,Welcome Ashtead,"[{'dayOfWeek': 1, 'from1': '07:00', 'to1': '22:00'}, {'dayOfWeek': 2, 'from1': '07:00', 'to1': '22:00'}, {'dayOfWeek': 3, 'from1': '07:00', 'to1': '22:00'}, {'dayOfWeek': 4, 'from1': '07:00', 'to1': '22:00'}, {'dayOfWeek': 5, 'from1': '07:00', 'to1': '22:00'}, {'dayOfWeek': 6, 'from1': '07:00', 'to1': '22:00'}, {'dayOfWeek': 7, 'from1': '07:00', 'to1': '22:00'}]",,True,+44 1372 276333,"[{'publicUrl': 'https://locator.uberall.com/uberall-userpics-prod-optimized/4700815/thumb_jPWHpBjv9e.png', 'type': 'MAIN', 'description': None}]",Surrey,[],46 The Street,KT21 1AZ,False,,,,
,2183408,[],Ash,UK,,,,4700816,9718,[],51.2792272,1.2763508,Welcome Ash,"[{'dayOfWeek': 1, 'from1': '07:00', 'to1': '21:00'}, {'dayOfWeek': 2, 'from1': '07:00', 'to1': '21:00'}, {'dayOfWeek': 3, 'from1': '07:00', 'to1': '21:00'}, {'dayOfWeek': 4, 'from1': '07:00', 'to1': '21:00'}, {'dayOfWeek': 5, 'from1': '07:00', 'to1': '21:00'}, {'dayOfWeek': 6, 'from1': '07:00', 'to1': '21:00'}, {'dayOfWeek': 7, 'from1': '07:30', 'to1': '21:00'}]",,True,+44 1304 814368,"[{'publicUrl': 'https://locator.uberall.com/uberall-userpics-prod-optimized/4700816/thumb_pzmQxtIyDJ.jpg', 'type': 'MAIN', 'description': None}]",Kent,[],20 The Street,CT3 2EW,False,,,,
,2183408,[],London,UK,,,,4700817,9726,[],51.536246,-0.0963168,Welcome Angel Islington,"[{'dayOfWeek': 1, 'from1': '07:00', 'to1': '22:00'}, {'dayOfWeek': 2, 'from1': '07:00', 'to1': '22:00'}, {'dayOfWeek': 3, 'from1': '07:00', 'to1': '22:00'}, {'dayOfWeek': 4, 'from1': '07:00', 'to1': '22:00'}, {'dayOfWeek': 5, 'from1': '07:00', 'to1': '22:00'}, {'dayOfWeek': 6, 'from1': '07:00', 'to1': '22:00'}, {'dayOfWeek': 7, 'from1': '07:00', 'to1': '22:00'}]",,True,+44 20 7226 1587,"[{'publicUrl': 'https://locator.uberall.com/uberall-userpics-prod-optimized/4700817/thumb_xk8SBFt7un.png', 'type': 'MAIN', 'description': None}]",Greater London,[],47-49 Packington Street,N1 7FZ,False,,,,
The Buckskin,2183408,[],Basingstoke,UK,,,,4700818,9745,[],51.2563472,-1.1335096,Welcome Buckskin,"[{'dayOfWeek': 1, 'from1': '07:00', 'to1': '23:00'}, {'dayOfWeek': 2, 'from1': '07:00', 'to1': '23:00'}, {'dayOfWeek': 3, 'from1': '07:00', 'to1': '23:00'}, {'dayOfWeek': 4, 'from1': '07:00', 'to1': '23:00'}, {'dayOfWeek': 5, 'from1': '07:00', 'to1': '23:00'}, {'dayOfWeek': 6, 'from1': '07:00', 'to1': '23:00'}, {'dayOfWeek': 7, 'from1': '08:00', 'to1': '22:00'}]",,True,+44 1256 334934,"[{'publicUrl': 'https://locator.uberall.com/uberall-userpics-prod-optimized/4700818/thumb_yn50HBz66P.jpg', 'type': 'MAIN', 'description': None}]",Hampshire,[],Blackdown Close,RG22 5BW,False,,,,
Ongar Hill,2183408,[],Addlestone,UK,,,,4700819,9719,[],51.36339673,-0.50554418,Welcome Rowtown,"[{'dayOfWeek': 1, 'from1': '06:00', 'to1': '21:00'}, {'dayOfWeek': 2, 'from1': '06:00', 'to1': '21:00'}, {'dayOfWeek': 3, 'from1': '06:00', 'to1': '21:00'}, {'dayOfWeek': 4, 'from1': '06:00', 'to1': '21:00'}, {'dayOfWeek': 5, 'from1': '06:00', 'to1': '21:00'}, {'dayOfWeek': 6, 'from1': '06:00', 'to1': '21:00'}, {'dayOfWeek': 7, 'from1': '07:00', 'to1': '21:00'}]",,True,+44 1932 848102,"[{'publicUrl': 'https://locator.uberall.com/uberall-userpics-prod-optimized/4700819/thumb_fpgah3k8sy.png', 'type': 'MAIN', 'description': None}]",Surrey,[],2 Ongar Parade,KT15 1JH,False,,,,
,2183408,[],Rickmansworth,UK,,,,4700820,9727,[],51.63643006,-0.48364936,Welcome Rickmansworth,"[{'dayOfWeek': 1, 'from1': '07:00', 'to1': '22:00'}, {'dayOfWeek': 2, 'from1': '07:00', 'to1': '22:00'}, {'dayOfWeek': 3, 'from1': '07:00', 'to1': '22:00'}, {'dayOfWeek': 4, 'from1': '07:00', 'to1': '22:00'}, {'dayOfWeek': 5, 'from1': '07:00', 'to1': '22:00'}, {'dayOfWeek': 6, 'from1': '07:00', 'to1': '22:00'}, {'dayOfWeek': 7, 'from1': '07:00', 'to1': '22:00'}]",,True,+44 1923 903665,"[{'publicUrl': 'https://locator.uberall.com/uberall-userpics-prod-optimized/4700820/thumb_2arMnTjtJN.jpg', 'type': 'MAIN', 'description': None}]",Hertfordshire,[],5-6 Moneyhill Parade,WD3 7BQ,False,,,,
,2183408,[],Cranbrook,UK,,,,4700823,9717,[],51.09615734,0.53481466,Welcome Cranbrook,"[{'dayOfWeek': 1, 'from1': '07:00', 'to1': '21:30'}, {'dayOfWeek': 2, 'from1': '07:00', 'to1': '21:30'}, {'dayOfWeek': 3, 'from1': '07:00', 'to1': '21:30'}, {'dayOfWeek': 4, 'from1': '07:00', 'to1': '21:30'}, {'dayOfWeek': 5, 'from1': '07:00', 'to1': '21:30'}, {'dayOfWeek': 6, 'from1': '07:00', 'to1': '21:30'}, {'dayOfWeek': 7, 'from1': '08:00', 'to1': '21:30'}]",,True,+44 1580 714410,"[{'publicUrl': 'https://locator.uberall.com/uberall-userpics-prod-optimized/4700823/thumb_1PGFGVeqKJ.png', 'type': 'MAIN', 'description': None}]",Kent,[],58 High Street,TN17 3DN,False,,,,
,2183408,[],Shere,UK,,,,4700824,9716,[],51.22025994,-0.46433315,Welcome Shere,"[{'dayOfWeek': 1, 'from1': '07:00', 'to1': '21:00'}, {'dayOfWeek': 2, 'from1': '07:00', 'to1': '21:00'}, {'dayOfWeek': 3, 'from1': '07:00', 'to1': '21:00'}, {'dayOfWeek': 4, 'from1': '07:00', 'to1': '21:00'}, {'dayOfWeek': 5, 'from1': '07:00', 'to1': '21:00'}, {'dayOfWeek': 6, 'from1': '08:00', 'to1': '21:00'}, {'dayOfWeek': 7, 'from1': '08:00', 'to1': '21:00'}]",,True,+44 1483 202907,"[{'publicUrl': 'https://locator.uberall.com/uberall-userpics-prod-optimized/4700824/thumb_D9jkzZ7tbN.png', 'type': 'MAIN', 'description': None}]",Surrey,[],Middle Street,GU5 9HF,False,,,,
,2183408,[],Lancing,UK,,,,4700825,9738,[],50.83770887,-0.32851993,Welcome Manor Road,"[{'dayOfWeek': 1, 'from1': '06:00', 'to1': '22:00'}, {'dayOfWeek': 2, 'from1': '06:00', 'to1': '22:00'}, {'dayOfWeek': 3, 'from1': '06:00', 'to1': '22:00'}, {'dayOfWeek': 4, 'from1': '06:00', 'to1': '22:00'}, {'dayOfWeek': 5, 'from1': '06:00', 'to1': '22:00'}, {'dayOfWeek': 6, 'from1': '06:00', 'to1': '22:00'}, {'dayOfWeek': 7, 'from1': '07:00', 'to1': '21:00'}]",,True,+44 1903 765684,"[{'publicUrl': 'https://locator.uberall.com/uberall-userpics-prod-optimized/4700825/thumb_goG7GS6Hbb.jpg', 'type': 'MAIN', 'description': None}]",West Sussex,[],Manor Road,BN15 0HL,False,,,,
Pan Estate,2183408,[],Newport,UK,,,,4700826,9724,[],50.6986833,-1.2824648,Welcome Royal Exchange,"[{'dayOfWeek': 1, 'from1': '06:00', 'to1': '22:00'}, {'dayOfWeek': 2, 'from1': '06:00', 'to1': '22:00'}, {'dayOfWeek': 3, 'from1': '06:00', 'to1': '22:00'}, {'dayOfWeek': 4, 'from1': '06:00', 'to1': '22:00'}, {'dayOfWeek': 5, 'from1': '06:00', 'to1': '22:00'}, {'dayOfWeek': 6, 'from1': '06:00', 'to1': '22:00'}, {'dayOfWeek': 7, 'from1': '07:00', 'to1': '22:00'}]","Post Office Hours: Monday-Saturday 07:00 - 21:00, Sunday 10:00 - 21:00",True,+44 1983 522055,"[{'publicUrl': 'https://locator.uberall.com/uberall-userpics-prod-optimized/4700826/thumb_tbZzspSVOk.png', 'type': 'MAIN', 'description': None}]",Isle of Wight,[],87-91 Royal Exchange,PO30 2HW,False,,,,
,2183408,[],London,UK,,,,4700828,9729,[],51.54293548,-0.17174922,Welcome Swiss Cottage,"[{'dayOfWeek': 1, 'from1': '07:00', 'to1': '22:00'}, {'dayOfWeek': 2, 'from1': '07:00', 'to1': '22:00'}, {'dayOfWeek': 3, 'from1': '07:00', 'to1': '22:00'}, {'dayOfWeek': 4, 'from1': '07:00', 'to1': '22:00'}, {'dayOfWeek': 5, 'from1': '07:00', 'to1': '22:00'}, {'dayOfWeek': 6, 'from1': '07:00', 'to1': '22:00'}, {'dayOfWeek': 7, 'from1': '07:00', 'to1': '22:00'}]",,True,+44 20 7586 2270,"[{'publicUrl': 'https://locator.uberall.com/uberall-userpics-prod-optimized/4700828/thumb_0o9Wou1TSI.jpg', 'type': 'MAIN', 'description': None}]",Greater London,[],2-4 Winchester Road,NW3 3NT,False,,,,
,2183408,[],Worthing,UK,,,,4700829,9720,[],50.83531244,-0.39795203,Welcome Durrington,"[{'dayOfWeek': 1, 'from1': '07:00', 'to1': '20:00'}, {'dayOfWeek': 2, 'from1': '07:00', 'to1': '20:00'}, {'dayOfWeek': 3, 'from1': '07:00', 'to1': '20:00'}, {'dayOfWeek': 4, 'from1': '07:00', 'to1': '20:00'}, {'dayOfWeek': 5, 'from1': '07:00', 'to1': '20:00'}, {'dayOfWeek': 6, 'from1': '07:00', 'to1': '20:00'}, {'dayOfWeek': 7, 'from1': '07:30', 'to1': '17:00'}]",,True,+44 1903 695233,"[{'publicUrl': 'https://locator.uberall.com/uberall-userpics-prod-optimized/4700829/thumb_od46Ly8C1m.png', 'type': 'MAIN', 'description': None}]",West Sussex,[],2 Half Moon Lane,BN13 2EL,False,,,,
,2183408,[],Horsham,UK,,,,4700830,9728,[],51.0282558,-0.3517982,Welcome Southwater,"[{'dayOfWeek': 1, 'from1': '06:00', 'to1': '22:00'}, {'dayOfWeek': 2, 'from1': '06:00', 'to1': '22:00'}, {'dayOfWeek': 3, 'from1': '06:00', 'to1': '22:00'}, {'dayOfWeek': 4, 'from1': '06:00', 'to1': '22:00'}, {'dayOfWeek': 5, 'from1': '06:00', 'to1': '22:00'}, {'dayOfWeek': 6, 'from1': '06:00', 'to1': '22:00'}, {'dayOfWeek': 7, 'from1': '07:00', 'to1': '21:00'}]",,True,+44 1403 731765,"[{'publicUrl': 'https://locator.uberall.com/uberall-userpics-prod-optimized/4700830/thumb_wByrjVELrp.jpg', 'type': 'MAIN', 'description': None}]",West Sussex,[],Worthing Road,RH13 9HA,False,,,,
"The University of Bath, Claverton Down",2183408,[],Bath,UK,,,,4700831,9722,[],51.37821916,-2.32561245,Welcome University of Bath,"[{'dayOfWeek': 1, 'from1': '07:30', 'to1': '22:00'}, {'dayOfWeek': 2, 'from1': '07:30', 'to1': '22:00'}, {'dayOfWeek': 3, 'from1': '07:30', 'to1': '22:00'}, {'dayOfWeek': 4, 'from1': '07:30', 'to1': '22:00'}, {'dayOfWeek': 5, 'from1': '07:30', 'to1': '22:00'}, {'dayOfWeek': 6, 'from1': '08:30', 'to1': '22:00'}, {'dayOfWeek': 7, 'from1': '10:00', 'to1': '16:00'}]",,True,+44 7929 097776,"[{'publicUrl': 'https://locator.uberall.com/uberall-userpics-prod-optimized/4700831/thumb_7IpDvydoA5.jpg', 'type': 'MAIN', 'description': None}]",Bath and North East Somerset,[],Convocation Avenue,BA2 7AY,False,,,,
,2183408,[],Southampton,UK,,,,4700833,9702,[],50.9014204,-1.3322342,Welcome Sholing,"[{'dayOfWeek': 1, 'from1': '06:00', 'to1': '22:00'}, {'dayOfWeek': 2, 'from1': '06:00', 'to1': '22:00'}, {'dayOfWeek': 3, 'from1': '06:00', 'to1': '22:00'}, {'dayOfWeek': 4, 'from1': '06:00', 'to1': '22:00'}, {'dayOfWeek': 5, 'from1': '06:00', 'to1': '22:00'}, {'dayOfWeek': 6, 'from1': '07:00', 'to1': '22:00'}, {'dayOfWeek': 7, 'from1': '07:00', 'to1': '22:00'}]",,True,+44 23 8184 4729,"[{'publicUrl': 'https://locator.uberall.com/uberall-userpics-prod-optimized/4700833/thumb_zmPw5C9n9Q.jpg', 'type': 'MAIN', 'description': None}]",Southampton,[],430 Bursledon Road,SO19 8NG,False,,,,
Lower Willingdon,2183408,[],Eastbourne,UK,,,,4700834,9721,[],50.80788879,0.24796738,Welcome Lower Willingdon,"[{'dayOfWeek': 1, 'from1': '07:00', 'to1': '21:00'}, {'dayOfWeek': 2, 'from1': '07:00', 'to1': '21:00'}, {'dayOfWeek': 3, 'from1': '07:00', 'to1': '21:00'}, {'dayOfWeek': 4, 'from1': '07:00', 'to1': '21:00'}, {'dayOfWeek': 5, 'from1': '07:00', 'to1': '21:00'}, {'dayOfWeek': 6, 'from1': '07:00', 'to1': '21:00'}, {'dayOfWeek': 7, 'from1': '07:00', 'to1': '21:00'}]",,True,+44 1323 483380,"[{'publicUrl': 'https://locator.uberall.com/uberall-userpics-prod-optimized/4700834/thumb_FqUgmm1wkI.jpg', 'type': 'MAIN', 'description': None}]",East Sussex,[],2-4 Coppice Avenue,BN20 9PN,False,,,,
,2183408,[],Bembridge,UK,,,,4700835,9723,[],50.6867472,-1.0804209,Welcome Bembridge,"[{'dayOfWeek': 1, 'from1': '06:00', 'to1': '22:00'}, {'dayOfWeek': 2, 'from1': '06:00', 'to1': '22:00'}, {'dayOfWeek': 3, 'from1': '06:00', 'to1': '22:00'}, {'dayOfWeek': 4, 'from1': '06:00', 'to1': '22:00'}, {'dayOfWeek': 5, 'from1': '06:00', 'to1': '22:00'}, {'dayOfWeek': 6, 'from1': '06:00', 'to1': '22:00'}, {'dayOfWeek': 7, 'from1': '06:00', 'to1': '22:00'}]","Post Office Hours: Monday-Friday 09:00-17:30, Saturday 09:00-12:30, Sunday Closed",True,+44 1983 872627,"[{'publicUrl': 'https://locator.uberall.com/uberall-userpics-prod-optimized/4700835/thumb_igzxwQDH1h.jpg', 'type': 'MAIN', 'description': None}]",Isle of Wight,[],Lane End Road,PO35 5UE,False,,,,
,2183408,[],Camberley,UK,,,,4700837,9749,[],51.2903698,-0.7254733,Welcome Mytchett,"[{'dayOfWeek': 1, 'from1': '06:00', 'to1': '21:00'}, {'dayOfWeek': 2, 'from1': '06:00', 'to1': '21:00'}, {'dayOfWeek': 3, 'from1': '06:00', 'to1': '21:00'}, {'dayOfWeek': 4, 'from1': '06:00', 'to1': '21:00'}, {'dayOfWeek': 5, 'from1': '06:00', 'to1': '21:00'}, {'dayOfWeek': 6, 'from1': '06:00', 'to1': '21:00'}, {'dayOfWeek': 7, 'from1': '07:00', 'to1': '21:00'}]",,True,+44 1252 544600,"[{'publicUrl': 'https://locator.uberall.com/uberall-userpics-prod-optimized/4700837/thumb_cjRspdhth0.jpg', 'type': 'MAIN', 'description': None}]",Surrey,[],103 Mytchett Road,GU16 6ES,False,,,,
,2183408,[],London,UK,,,,4700838,9743,[],51.5045336,-0.21912976,Welcome Shepherd's Bush,"[{'dayOfWeek': 1, 'from1': '00:00', 'to1': '24:00'}, {'dayOfWeek': 2, 'from1': '00:00', 'to1': '24:00'}, {'dayOfWeek': 3, 'from1': '00:00', 'to1': '24:00'}, {'dayOfWeek': 4, 'from1': '00:00', 'to1': '24:00'}, {'dayOfWeek': 5, 'from1': '00:00', 'to1': '24:00'}, {'dayOfWeek': 6, 'from1': '00:00', 'to1': '24:00'}, {'dayOfWeek': 7, 'from1': '00:00', 'to1': '24:00'}]",,True,+44 20 8743 7711,"[{'publicUrl': 'https://locator.uberall.com/uberall-userpics-prod-optimized/4700838/thumb_OdLtHGiUVC.jpg', 'type': 'MAIN', 'description': None}]",Greater London,[],54 Uxbridge Road,W12 8LP,False,,,,
,2183408,[],Epsom,UK,,,,4700839,9753,[],51.3476478,-0.2501838,Welcome Ewell,"[{'dayOfWeek': 1, 'from1': '07:00', 'to1': '22:00'}, {'dayOfWeek': 2, 'from1': '07:00', 'to1': '22:00'}, {'dayOfWeek': 3, 'from1': '07:00', 'to1': '22:00'}, {'dayOfWeek': 4, 'from1': '07:00', 'to1': '22:00'}, {'dayOfWeek': 5, 'from1': '07:00', 'to1': '22:00'}, {'dayOfWeek': 6, 'from1': '07:00', 'to1': '22:00'}, {'dayOfWeek': 7, 'from1': '08:00', 'to1': '21:00'}]",,True,+44 20 8393 0041,"[{'publicUrl': 'https://locator.uberall.com/uberall-userpics-prod-optimized/4700839/thumb_cSSFv03iuP.jpg', 'type': 'MAIN', 'description': None}]",Surrey,[],82 High Street,KT17 1RE,False,,,,
Gipsy Hill,2183408,[],London,UK,,,,4700841,9751,[],51.4193561,-0.08348631,Welcome Central Hill,"[{'dayOfWeek': 1, 'from1': '06:00', 'to1': '23:00'}, {'dayOfWeek': 2, 'from1': '06:00', 'to1': '23:00'}, {'dayOfWeek': 3, 'from1': '06:00', 'to1': '23:00'}, {'dayOfWeek': 4, 'from1': '06:00', 'to1': '23:00'}, {'dayOfWeek': 5, 'from1': '06:00', 'to1': '23:00'}, {'dayOfWeek': 6, 'from1': '06:00', 'to1': '23:00'}, {'dayOfWeek': 7, 'from1': '06:00', 'to1': '23:00'}]",,True,+44 20 8670 5044,"[{'publicUrl': 'https://locator.uberall.com/uberall-userpics-prod-optimized/4700841/thumb_9xNZPmxASq.jpg', 'type': 'MAIN', 'description': None}]",Greater London,[],15-17 Central Hill,SE19 1BG,False,,,,
Staplegrove,2183408,[],Taunton,UK,,,,4700842,9739,[],51.03005284,-3.12663029,Welcome Staplegrove,"[{'dayOfWeek': 1, 'from1': '07:00', 'to1': '22:00'}, {'dayOfWeek': 2, 'from1': '07:00', 'to1': '22:00'}, {'dayOfWeek': 3, 'from1': '07:00', 'to1': '22:00'}, {'dayOfWeek': 4, 'from1': '07:00', 'to1': '22:00'}, {'dayOfWeek': 5, 'from1': '07:00', 'to1': '22:00'}, {'dayOfWeek': 6, 'from1': '07:00', 'to1': '22:00'}, {'dayOfWeek': 7, 'from1': '07:00', 'to1': '22:00'}]",,True,+44 1823 333071,"[{'publicUrl': 'https://locator.uberall.com/uberall-userpics-prod-optimized/4700842/thumb_aXZYKN5R2V.jpg', 'type': 'MAIN', 'description': None}]",Somerset,[],Manor Road,TA2 6AN,False,,,,
,2183408,[],London,UK,,,,4700844,9740,[],51.49320242,0.10924521,Welcome Abbey Wood,"[{'dayOfWeek': 1, 'from1': '07:00', 'to1': '22:00'}, {'dayOfWeek': 2, 'from1': '07:00', 'to1': '22:00'}, {'dayOfWeek': 3, 'from1': '07:00', 'to1': '22:00'}, {'dayOfWeek': 4, 'from1': '07:00', 'to1': '22:00'}, {'dayOfWeek': 5, 'from1': '07:00', 'to1': '22:00'}, {'dayOfWeek': 6, 'from1': '07:00', 'to1': '22:00'}, {'dayOfWeek': 7, 'from1': '07:00', 'to1': '22:00'}]",,True,+44 20 8320 6023,"[{'publicUrl': 'https://locator.uberall.com/uberall-userpics-prod-optimized/4700844/thumb_oUXGIdcuoL.jpg', 'type': 'MAIN', 'description': None}]",Greater London,[],182 Eynsham Drive,SE2 9PS,False,,,,
Meopham,2183408,[],Gravesend,UK,,,,4700846,9741,[],51.3421932,0.3460341,Welcome Culverstone,"[{'dayOfWeek': 1, 'from1': '06:00', 'to1': '23:00'}, {'dayOfWeek': 2, 'from1': '06:00', 'to1': '23:00'}, {'dayOfWeek': 3, 'from1': '06:00', 'to1': '23:00'}, {'dayOfWeek': 4, 'from1': '06:00', 'to1': '23:00'}, {'dayOfWeek': 5, 'from1': '06:00', 'to1': '23:00'}, {'dayOfWeek': 6, 'from1': '06:00', 'to1': '23:00'}, {'dayOfWeek': 7, 'from1': '06:00', 'to1': '22:00'}]",,True,+44 1732 824090,"[{'publicUrl': 'https://locator.uberall.com/uberall-userpics-prod-optimized/4700846/thumb_fAwTgXLQL7.jpg', 'type': 'MAIN', 'description': None}]",Kent,[],Wrotham Road,DA13 0RF,False,,,,
,2183408,[],Bristol,UK,,,,4700847,9736,[],51.4811879,-2.6347803,Welcome Stoke Bishop,"[{'dayOfWeek': 1, 'from1': '07:00', 'to1': '21:00'}, {'dayOfWeek': 2, 'from1': '07:00', 'to1': '21:00'}, {'dayOfWeek': 3, 'from1': '07:00', 'to1': '21:00'}, {'dayOfWeek': 4, 'from1': '07:00', 'to1': '21:00'}, {'dayOfWeek': 5, 'from1': '07:00', 'to1': '21:00'}, {'dayOfWeek': 6, 'from1': '07:00', 'to1': '21:00'}, {'dayOfWeek': 7, 'from1': '08:00', 'to1': '20:00'}]",,True,+44 117 968 1961,"[{'publicUrl': 'https://locator.uberall.com/uberall-userpics-prod-optimized/4700847/thumb_3F76LFbFfm.jpg', 'type': 'MAIN', 'description': None}]",Bristol City,[],5 Druid Hill,BS9 1EW,False,,,,
Halterworth,2183408,[],Romsey,UK,,,,4700848,9839,[],50.99077399,-1.47471024,Welcome Halterworth,"[{'dayOfWeek': 1, 'from1': '07:00', 'to1': '22:00'}, {'dayOfWeek': 2, 'from1': '07:00', 'to1': '22:00'}, {'dayOfWeek': 3, 'from1': '07:00', 'to1': '22:00'}, {'dayOfWeek': 4, 'from1': '07:00', 'to1': '22:00'}, {'dayOfWeek': 5, 'from1': '07:00', 'to1': '22:00'}, {'dayOfWeek': 6, 'from1': '07:00', 'to1': '22:00'}, {'dayOfWeek': 7, 'from1': '07:00', 'to1': '22:00'}]",,True,+44 1794 523308,"[{'publicUrl': 'https://locator.uberall.com/uberall-userpics-prod-optimized/4700848/thumb_WqLX1G0lPT.jpg', 'type': 'MAIN', 'description': None}]",Hampshire,[],50-52 Saxon Way,SO51 5QY,False,,,,
,2183408,[],London,UK,,,,4700849,9821,[],51.38926165,-0.08902054,Welcome Selhurst,"[{'dayOfWeek': 1, 'from1': '07:00', 'to1': '22:00'}, {'dayOfWeek': 2, 'from1': '07:00', 'to1': '22:00'}, {'dayOfWeek': 3, 'from1': '07:00', 'to1': '22:00'}, {'dayOfWeek': 4, 'from1': '07:00', 'to1': '22:00'}, {'dayOfWeek': 5, 'from1': '07:00', 'to1': '22:00'}, {'dayOfWeek': 6, 'from1': '07:00', 'to1': '22:00'}, {'dayOfWeek': 7, 'from1': '07:00', 'to1': '22:00'}]",,True,+44 20 8664 9716,"[{'publicUrl': 'https://locator.uberall.com/uberall-userpics-prod-optimized/4700849/thumb_Eysp9IWqtb.png', 'type': 'MAIN', 'description': None}]",Greater London,[],Selhurst Road,SE25 5QF,False,,,,
,2183408,[],Carshalton,UK,,,,4700850,9763,[],51.38456299,-0.1744455,Welcome Carshalton,"[{'dayOfWeek': 1, 'from1': '06:00', 'to1': '23:00'}, {'dayOfWeek': 2, 'from1': '06:00', 'to1': '23:00'}, {'dayOfWeek': 3, 'from1': '06:00', 'to1': '23:00'}, {'dayOfWeek': 4, 'from1': '06:00', 'to1': '23:00'}, {'dayOfWeek': 5, 'from1': '06:00', 'to1': '23:00'}, {'dayOfWeek': 6, 'from1': '06:00', 'to1': '23:00'}, {'dayOfWeek': 7, 'from1': '07:00', 'to1': '22:00'}]",,True,+44 20 8646 6653,"[{'publicUrl': 'https://locator.uberall.com/uberall-userpics-prod-optimized/4700850/thumb_NO1qivjCcM.jpg', 'type': 'MAIN', 'description': None}]",Greater London,[],376 Middleton Road,SM5 1HA,False,,,,
,2183408,[],Hayes,UK,,,,4700851,9762,[],51.50444255,-0.42567033,Welcome Hayes,"[{'dayOfWeek': 1, 'from1': '07:00', 'to1': '22:00'}, {'dayOfWeek': 2, 'from1': '07:00', 'to1': '22:00'}, {'dayOfWeek': 3, 'from1': '07:00', 'to1': '22:00'}, {'dayOfWeek': 4, 'from1': '07:00', 'to1': '22:00'}, {'dayOfWeek': 5, 'from1': '07:00', 'to1': '22:00'}, {'dayOfWeek': 6, 'from1': '07:00', 'to1': '22:00'}, {'dayOfWeek': 7, 'from1': '07:00', 'to1': '22:00'}]",,True,+44 20 8813 6984,"[{'publicUrl': 'https://locator.uberall.com/uberall-userpics-prod-optimized/4700851/thumb_qJ9dJXod15.png', 'type': 'MAIN', 'description': None}]",Greater London,[],2 Material Walk,UB3 1DZ,False,,,,
,2183408,[],Crawley,UK,,,,4700852,9780,[],51.11991829,-0.14458118,Welcome Crawley,"[{'dayOfWeek': 1, 'from1': '07:00', 'to1': '22:00'}, {'dayOfWeek': 2, 'from1': '07:00', 'to1': '22:00'}, {'dayOfWeek': 3, 'from1': '07:00', 'to1': '22:00'}, {'dayOfWeek': 4, 'from1': '07:00', 'to1': '22:00'}, {'dayOfWeek': 5, 'from1': '07:00', 'to1': '22:00'}, {'dayOfWeek': 6, 'from1': '07:00', 'to1': '22:00'}, {'dayOfWeek': 7, 'from1': '07:00', 'to1': '21:00'}]",,True,+44 1293 665830,"[{'publicUrl': 'https://locator.uberall.com/uberall-userpics-prod-optimized/4700852/thumb_uPAYVQEdzE.jpg', 'type': 'MAIN', 'description': None}]",West Sussex,[],5 Shire Parade,RH10 7XR,False,,,,
Wharley End,2183408,[],Bedford,UK,,,,4700853,9777,[],52.0747977,-0.6277775,Welcome Cranfield,"[{'dayOfWeek': 1, 'from1': '07:00', 'to1': '22:00'}, {'dayOfWeek': 2, 'from1': '07:00', 'to1': '22:00'}, {'dayOfWeek': 3, 'from1': '07:00', 'to1': '22:00'}, {'dayOfWeek': 4, 'from1': '07:00', 'to1': '22:00'}, {'dayOfWeek': 5, 'from1': '07:00', 'to1': '22:00'}, {'dayOfWeek': 6, 'from1': '07:00', 'to1': '22:00'}, {'dayOfWeek': 7, 'from1': '07:00', 'to1': '22:00'}]",,True,+44 1234 750200,"[{'publicUrl': 'https://locator.uberall.com/uberall-userpics-prod-optimized/4700853/thumb_VR11Uu3UN7.jpg', 'type': 'MAIN', 'description': None}]",Central Bedfordshire,[],24 University Way,MK43 0ST,False,,,,
,2183408,[],Faversham,UK,,,,4700854,9765,[],51.3141298,0.898185,Welcome Faversham,"[{'dayOfWeek': 1, 'from1': '07:00', 'to1': '21:00'}, {'dayOfWeek': 2, 'from1': '07:00', 'to1': '21:00'}, {'dayOfWeek': 3, 'from1': '07:00', 'to1': '21:00'}, {'dayOfWeek': 4, 'from1': '07:00', 'to1': '21:00'}, {'dayOfWeek': 5, 'from1': '07:00', 'to1': '21:00'}, {'dayOfWeek': 6, 'from1': '07:00', 'to1': '21:00'}, {'dayOfWeek': 7, 'from1': '08:00', 'to1': '20:00'}]",,True,+44 1795 227215,"[{'publicUrl': 'https://locator.uberall.com/uberall-userpics-prod-optimized/4700854/thumb_BJ0yYFeOW7.jpg', 'type': 'MAIN', 'description': None}]",Kent,[],9 Whitstable Road,ME13 8BE,False,,,,
,2183408,[],Beccles,UK,,,,4700856,9782,[],52.45779725,1.56330369,Welcome Beccles,"[{'dayOfWeek': 1, 'from1': '07:00', 'to1': '22:00'}, {'dayOfWeek': 2, 'from1': '07:00', 'to1': '22:00'}, {'dayOfWeek': 3, 'from1': '07:00', 'to1': '22:00'}, {'dayOfWeek': 4, 'from1': '07:00', 'to1': '22:00'}, {'dayOfWeek': 5, 'from1': '07:00', 'to1': '22:00'}, {'dayOfWeek': 6, 'from1': '07:00', 'to1': '22:00'}, {'dayOfWeek': 7, 'from1': '07:00', 'to1': '22:00'}]",,True,+44 1502 713534,"[{'publicUrl': 'https://locator.uberall.com/uberall-userpics-prod-optimized/4700856/thumb_nR7j2HpDiq.jpg', 'type': 'MAIN', 'description': None}]",Suffolk,[],8a Market Street,NR34 9HA,False,,,,
,2183408,[],Addlestone,UK,,,,4700857,9759,[],51.37442677,-0.49697108,Welcome Addlestone,"[{'dayOfWeek': 1, 'from1': '07:00', 'to1': '22:00'}, {'dayOfWeek': 2, 'from1': '07:00', 'to1': '22:00'}, {'dayOfWeek': 3, 'from1': '07:00', 'to1': '22:00'}, {'dayOfWeek': 4, 'from1': '07:00', 'to1': '22:00'}, {'dayOfWeek': 5, 'from1': '07:00', 'to1': '22:00'}, {'dayOfWeek': 6, 'from1': '07:00', 'to1': '22:00'}, {'dayOfWeek': 7, 'from1': '07:00', 'to1': '22:00'}]",,True,+44 1932 850799,"[{'publicUrl': 'https://locator.uberall.com/uberall-userpics-prod-optimized/4700857/thumb_bmW7vyVbkR.png', 'type': 'MAIN', 'description': None}]",Surrey,[],51-53 Green Lane,KT15 2TX,False,,,,
,2183408,[],Barking,UK,,,,4700858,9785,[],51.5286112,0.1042077,Welcome Thames View,"[{'dayOfWeek': 1, 'from1': '05:30', 'to1': '22:00'}, {'dayOfWeek': 2, 'from1': '05:30', 'to1': '22:00'}, {'dayOfWeek': 3, 'from1': '05:30', 'to1': '22:00'}, {'dayOfWeek': 4, 'from1': '05:30', 'to1': '22:00'}, {'dayOfWeek': 5, 'from1': '05:30', 'to1': '22:00'}, {'dayOfWeek': 6, 'from1': '05:30', 'to1': '22:00'}, {'dayOfWeek': 7, 'from1': '07:00', 'to1': '22:00'}]",,True,+44 20 8594 9400,"[{'publicUrl': 'https://locator.uberall.com/uberall-userpics-prod-optimized/4700858/thumb_crJ0C2bU1s.jpg', 'type': 'MAIN', 'description': None}]",Greater London,[],1 Farr Avenue,IG11 0NY,False,,,,
,2183408,[],Upminster,UK,,,,4700859,9786,[],51.55726713,0.2499106,Welcome Upminster,"[{'dayOfWeek': 1, 'from1': '06:00', 'to1': '22:00'}, {'dayOfWeek': 2, 'from1': '06:00', 'to1': '22:00'}, {'dayOfWeek': 3, 'from1': '06:00', 'to1': '22:00'}, {'dayOfWeek': 4, 'from1': '06:00', 'to1': '22:00'}, {'dayOfWeek': 5, 'from1': '06:00', 'to1': '22:00'}, {'dayOfWeek': 6, 'from1': '07:00', 'to1': '23:00'}, {'dayOfWeek': 7, 'from1': '07:00', 'to1': '23:00'}]",,True,+44 1708 226856,"[{'publicUrl': 'https://locator.uberall.com/uberall-userpics-prod-optimized/4700859/thumb_AINwaYpMxx.jpg', 'type': 'MAIN', 'description': None}]",Greater London,[],28 Station Road,RM14 2UB,False,,,,
Kents Hill,2183408,[],Milton Keynes,UK,,,,4700860,9774,[],52.0256327,-0.6956843,Welcome Kents Hill,"[{'dayOfWeek': 1, 'from1': '07:00', 'to1': '22:00'}, {'dayOfWeek': 2, 'from1': '07:00', 'to1': '22:00'}, {'dayOfWeek': 3, 'from1': '07:00', 'to1': '22:00'}, {'dayOfWeek': 4, 'from1': '07:00', 'to1': '22:00'}, {'dayOfWeek': 5, 'from1': '07:00', 'to1': '22:00'}, {'dayOfWeek': 6, 'from1': '07:00', 'to1': '22:00'}, {'dayOfWeek': 7, 'from1': '07:00', 'to1': '22:00'}]",,True,+44 1908 677116,"[{'publicUrl': 'https://locator.uberall.com/uberall-userpics-prod-optimized/4700860/thumb_Tje8xWrclF.jpg', 'type': 'MAIN', 'description': None}]",Milton Keynes,[],1 Tenterden Crescent,MK7 6HH,False,,,,
Unit 1-2,2183408,[],Milton Keynes,UK,,,,4700861,9776,[],52.05807185,-0.82506393,Welcome Stratford Park,"[{'dayOfWeek': 1, 'from1': '07:00', 'to1': '22:00'}, {'dayOfWeek': 2, 'from1': '07:00', 'to1': '22:00'}, {'dayOfWeek': 3, 'from1': '07:00', 'to1': '22:00'}, {'dayOfWeek': 4, 'from1': '07:00', 'to1': '22:00'}, {'dayOfWeek': 5, 'from1': '07:00', 'to1': '22:00'}, {'dayOfWeek': 6, 'from1': '07:00', 'to1': '22:00'}, {'dayOfWeek': 7, 'from1': '07:00', 'to1': '22:00'}]",,True,+44 1908 590354,"[{'publicUrl': 'https://locator.uberall.com/uberall-userpics-prod-optimized/4700861/thumb_uoltP3fxQI.jpg', 'type': 'MAIN', 'description': None}]",Milton Keynes,[],Addington Avenue,MK12 5GH,False,,,,
,2183408,[],Bedford,UK,,,,4700862,9779,[],52.091154,-0.4609806,Welcome Wixams,"[{'dayOfWeek': 1, 'from1': '07:00', 'to1': '22:00'}, {'dayOfWeek': 2, 'from1': '07:00', 'to1': '22:00'}, {'dayOfWeek': 3, 'from1': '07:00', 'to1': '22:00'}, {'dayOfWeek': 4, 'from1': '07:00', 'to1': '22:00'}, {'dayOfWeek': 5, 'from1': '07:00', 'to1': '22:00'}, {'dayOfWeek': 6, 'from1': '07:00', 'to1': '22:00'}, {'dayOfWeek': 7, 'from1': '07:00', 'to1': '22:00'}]",,True,+44 1234 740404,"[{'publicUrl': 'https://locator.uberall.com/uberall-userpics-prod-optimized/4700862/thumb_xtGK6kf2XS.jpg', 'type': 'MAIN', 'description': None}]",Bedford,[],147 Brooklands Avenue,MK42 6AE,False,,,,
"Unit 1, Grove Park Shopping Centre",2183408,[],Sittingbourne,UK,,,,4700863,9843,[],51.3470466,0.71263022,Welcome Sittingbourne,"[{'dayOfWeek': 1, 'from1': '06:00', 'to1': '22:00'}, {'dayOfWeek': 2, 'from1': '06:00', 'to1': '22:00'}, {'dayOfWeek': 3, 'from1': '06:00', 'to1': '22:00'}, {'dayOfWeek': 4, 'from1': '06:00', 'to1': '22:00'}, {'dayOfWeek': 5, 'from1': '06:00', 'to1': '22:00'}, {'dayOfWeek': 6, 'from1': '06:00', 'to1': '22:00'}, {'dayOfWeek': 7, 'from1': '06:00', 'to1': '22:00'}]",,True,+44 1795 394590,"[{'publicUrl': 'https://locator.uberall.com/uberall-userpics-prod-optimized/4700863/thumb_JUhWLF2jIy.jpg', 'type': 'MAIN', 'description': None}]",Kent,[],Gadby Road,ME10 1TH,False,,,,
,2183408,[],Milton Keynes,UK,,,,4700864,9781,[],52.05389447,-0.74770718,Welcome Downs Barn,"[{'dayOfWeek': 1, 'from1': '07:00', 'to1': '22:00'}, {'dayOfWeek': 2, 'from1': '07:00', 'to1': '22:00'}, {'dayOfWeek': 3, 'from1': '07:00', 'to1': '22:00'}, {'dayOfWeek': 4, 'from1': '07:00', 'to1': '22:00'}, {'dayOfWeek': 5, 'from1': '07:00', 'to1': '22:00'}, {'dayOfWeek': 6, 'from1': '07:00', 'to1': '22:00'}, {'dayOfWeek': 7, 'from1': '07:00', 'to1': '22:00'}]",,True,+44 1908 393984,"[{'publicUrl': 'https://locator.uberall.com/uberall-userpics-prod-optimized/4700864/thumb_xU6p6lTRS0.jpg', 'type': 'MAIN', 'description': None}]",Milton Keynes,[],127 Downs Barn Boulevard,MK14 7QB,False,,,,
,2183408,[],Guildford,UK,,,,4700865,9760,[],51.26282634,-0.62036047,Welcome Fairlands,"[{'dayOfWeek': 1, 'from1': '07:00', 'to1': '20:00'}, {'dayOfWeek': 2, 'from1': '07:00', 'to1': '20:00'}, {'dayOfWeek': 3, 'from1': '07:00', 'to1': '20:00'}, {'dayOfWeek': 4, 'from1': '07:00', 'to1': '20:00'}, {'dayOfWeek': 5, 'from1': '07:00', 'to1': '20:00'}, {'dayOfWeek': 6, 'from1': '07:00', 'to1': '20:00'}, {'dayOfWeek': 7, 'from1': '08:00', 'to1': '18:00'}]",,True,+44 1483 889944,"[{'publicUrl': 'https://locator.uberall.com/uberall-userpics-prod-optimized/4700865/thumb_Y0PJTKC7n8.jpg', 'type': 'MAIN', 'description': None}]",Surrey,[],65 Fairlands Avenue,GU3 3NB,False,,,,
Beanhill,2183408,[],Milton Keynes,UK,,,,4700866,9783,[],52.0178598,-0.7358205,Welcome Beanhill,"[{'dayOfWeek': 1, 'from1': '07:00', 'to1': '22:00'}, {'dayOfWeek': 2, 'from1': '07:00', 'to1': '22:00'}, {'dayOfWeek': 3, 'from1': '07:00', 'to1': '22:00'}, {'dayOfWeek': 4, 'from1': '07:00', 'to1': '22:00'}, {'dayOfWeek': 5, 'from1': '07:00', 'to1': '22:00'}, {'dayOfWeek': 6, 'from1': '07:00', 'to1': '22:00'}, {'dayOfWeek': 7, 'from1': '07:00', 'to1': '22:00'}]",,True,+44 1908 691717,"[{'publicUrl': 'https://locator.uberall.com/uberall-userpics-prod-optimized/4700866/thumb_fC5r1VjSvn.jpg', 'type': 'MAIN', 'description': None}]",Milton Keynes,[],Unit 1 Dodkin,MK6 4LP,False,,,,
,2183408,[],London,UK,,,,4700867,9789,[],51.5395469,-0.0235269,Welcome Monier Road,"[{'dayOfWeek': 1, 'from1': '07:00', 'to1': '22:00'}, {'dayOfWeek': 2, 'from1': '07:00', 'to1': '22:00'}, {'dayOfWeek': 3, 'from1': '07:00', 'to1': '22:00'}, {'dayOfWeek': 4, 'from1': '07:00', 'to1': '22:00'}, {'dayOfWeek': 5, 'from1': '07:00', 'to1': '22:00'}, {'dayOfWeek': 6, 'from1': '07:00', 'to1': '22:00'}, {'dayOfWeek': 7, 'from1': '07:00', 'to1': '22:00'}]",,True,+44 7841 521951,"[{'publicUrl': 'https://locator.uberall.com/uberall-userpics-prod-optimized/4700867/thumb_5KJ9cz9IqG.jpg', 'type': 'MAIN', 'description': None}]",Greater London,[],79-85 Monier Road,E3 2PS,False,,,,
,2183408,[],Bedford,UK,,,,4700868,9778,[],52.14449238,-0.53542934,Welcome Bromham,"[{'dayOfWeek': 1, 'from1': '07:00', 'to1': '22:00'}, {'dayOfWeek': 2, 'from1': '07:00', 'to1': '22:00'}, {'dayOfWeek': 3, 'from1': '07:00', 'to1': '22:00'}, {'dayOfWeek': 4, 'from1': '07:00', 'to1': '22:00'}, {'dayOfWeek': 5, 'from1': '07:00', 'to1': '22:00'}, {'dayOfWeek': 6, 'from1': '07:00', 'to1': '22:00'}, {'dayOfWeek': 7, 'from1': '10:00', 'to1': '16:00'}]",,True,+44 1234 824040,"[{'publicUrl': 'https://locator.uberall.com/uberall-userpics-prod-optimized/4700868/thumb_3803vuiwEN.jpg', 'type': 'MAIN', 'description': None}]",Bedford,[],100 Stagsden Road,MK43 8PU,False,,,,
,2183408,[],Basingstoke,UK,,,,4700869,9742,[],51.2752452,-1.10337736,Welcome Houndmills,"[{'dayOfWeek': 1, 'from1': '00:00', 'to1': '24:00'}, {'dayOfWeek': 2, 'from1': '00:00', 'to1': '24:00'}, {'dayOfWeek': 3, 'from1': '00:00', 'to1': '24:00'}, {'dayOfWeek': 4, 'from1': '00:00', 'to1': '24:00'}, {'dayOfWeek': 5, 'from1': '00:00', 'to1': '24:00'}, {'dayOfWeek': 6, 'from1': '00:00', 'to1': '24:00'}, {'dayOfWeek': 7, 'from1': '00:00', 'to1': '24:00'}]",,True,+44 1256 844111,"[{'publicUrl': 'https://locator.uberall.com/uberall-userpics-prod-optimized/4700869/thumb_RdqFFSHCXF.jpg', 'type': 'MAIN', 'description': None}]",Hampshire,[],Aldermaston Road South,RG21 6BN,False,,,,
"Belvedere Retail Park, Unit 1",2183408,[],Taunton,UK,,,,4700870,9764,[],51.01989551,-3.10578946,Welcome Taunton,"[{'dayOfWeek': 1, 'from1': '06:00', 'to1': '22:00'}, {'dayOfWeek': 2, 'from1': '06:00', 'to1': '22:00'}, {'dayOfWeek': 3, 'from1': '06:00', 'to1': '22:00'}, {'dayOfWeek': 4, 'from1': '06:00', 'to1': '22:00'}, {'dayOfWeek': 5, 'from1': '06:00', 'to1': '23:00'}, {'dayOfWeek': 6, 'from1': '06:00', 'to1': '23:00'}, {'dayOfWeek': 7, 'from1': '06:00', 'to1': '22:00'}]",,True,+44 1823 322240,"[{'publicUrl': 'https://locator.uberall.com/uberall-userpics-prod-optimized/4700870/thumb_6iBvSi9Ujg.jpg', 'type': 'MAIN', 'description': None}]",Somerset,[],Station Road,TA1 1NQ,False,,,,
,2183408,[],Southsea,UK,,,,4700871,9790,[],50.7911131,-1.0896532,Welcome Southsea,"[{'dayOfWeek': 1, 'from1': '07:00', 'to1': '21:00'}, {'dayOfWeek': 2, 'from1': '07:00', 'to1': '21:00'}, {'dayOfWeek': 3, 'from1': '07:00', 'to1': '21:00'}, {'dayOfWeek': 4, 'from1': '07:00', 'to1': '21:00'}, {'dayOfWeek': 5, 'from1': '07:00', 'to1': '21:00'}, {'dayOfWeek': 6, 'from1': '07:00', 'to1': '21:00'}, {'dayOfWeek': 7, 'from1': '07:00', 'to1': '21:00'}]",,True,+44 23 9283 3066,"[{'publicUrl': 'https://locator.uberall.com/uberall-userpics-prod-optimized/4700871/thumb_qG9XQu3jzr.jpg', 'type': 'MAIN', 'description': None}]",Portsmouth,[],43 Green Road,PO5 4DY,False,,,,
Rainworth,2183408,[],Mansfield,UK,,,,4700872,9796,[],53.1187157,-1.11870283,Welcome Rainworth,"[{'dayOfWeek': 1, 'from1': '07:00', 'to1': '22:00'}, {'dayOfWeek': 2, 'from1': '07:00', 'to1': '22:00'}, {'dayOfWeek': 3, 'from1': '07:00', 'to1': '22:00'}, {'dayOfWeek': 4, 'from1': '07:00', 'to1': '22:00'}, {'dayOfWeek': 5, 'from1': '07:00', 'to1': '22:00'}, {'dayOfWeek': 6, 'from1': '07:00', 'to1': '22:00'}, {'dayOfWeek': 7, 'from1': '07:00', 'to1': '22:00'}]",,True,+44 1623 797085,"[{'publicUrl': 'https://locator.uberall.com/uberall-userpics-prod-optimized/4700872/thumb_aowUFlCTnI.png', 'type': 'MAIN', 'description': None}]",Nottinghamshire,[],Southwell Road East,NG21 0AA,False,,,,
Ivel Park,2183408,[],Sandy,UK,,,,4700873,9793,[],52.1413025,-0.2946669,Welcome Sandy,"[{'dayOfWeek': 1, 'from1': '07:00', 'to1': '21:00'}, {'dayOfWeek': 2, 'from1': '07:00', 'to1': '21:00'}, {'dayOfWeek': 3, 'from1': '07:00', 'to1': '21:00'}, {'dayOfWeek': 4, 'from1': '07:00', 'to1': '21:00'}, {'dayOfWeek': 5, 'from1': '07:00', 'to1': '21:00'}, {'dayOfWeek': 6, 'from1': '07:00', 'to1': '21:00'}, {'dayOfWeek': 7, 'from1': '08:00', 'to1': '20:00'}]",,True,+44 1767 699079,"[{'publicUrl': 'https://locator.uberall.com/uberall-userpics-prod-optimized/4700873/thumb_bZ7myHydms.jpg', 'type': 'MAIN', 'description': None}]",Central Bedfordshire,[],Kestrel Way,SG19 2TG,False,,,,
"Wilsley Pound, Cranbrook Service Station",2183408,[],Cranbrook,UK,,,,4700874,9792,[],51.1089868,0.5472283,Welcome Wilsley Pound,"[{'dayOfWeek': 1, 'from1': '07:00', 'to1': '22:00'}, {'dayOfWeek': 2, 'from1': '07:00', 'to1': '22:00'}, {'dayOfWeek': 3, 'from1': '07:00', 'to1': '22:00'}, {'dayOfWeek': 4, 'from1': '07:00', 'to1': '22:00'}, {'dayOfWeek': 5, 'from1': '07:00', 'to1': '22:00'}, {'dayOfWeek': 6, 'from1': '07:00', 'to1': '22:00'}, {'dayOfWeek': 7, 'from1': '07:00', 'to1': '22:00'}]",,True,+44 1580 854060,"[{'publicUrl': 'https://locator.uberall.com/uberall-userpics-prod-optimized/4700874/thumb_UqsTlquiTY.jpeg', 'type': 'MAIN', 'description': None}]",Kent,[],A229,TN17 2HR,False,,,,
,2183408,[],Dewsbury,UK,,,,4700895,9797,[],53.6990057,-1.6134547,Welcome Dewsbury,"[{'dayOfWeek': 1, 'from1': '07:00', 'to1': '23:00'}, {'dayOfWeek': 2, 'from1': '07:00', 'to1': '23:00'}, {'dayOfWeek': 3, 'from1': '07:00', 'to1': '23:00'}, {'dayOfWeek': 4, 'from1': '07:00', 'to1': '23:00'}, {'dayOfWeek': 5, 'from1': '07:00', 'to1': '23:00'}, {'dayOfWeek': 6, 'from1': '07:00', 'to1': '23:00'}, {'dayOfWeek': 7, 'from1': '07:00', 'to1': '23:00'}]",,True,+44 1924 463600,"[{'publicUrl': 'https://locator.uberall.com/uberall-userpics-prod-optimized/4700895/thumb_THXHioU3Fi.jpg', 'type': 'MAIN', 'description': None}]",West Yorkshire,[],396 Leeds Road,WF12 7QE,False,,,,
,2183408,[],Bournemouth,UK,,,,4700896,9812,[],50.73253433,-1.85043148,Welcome Boscombe,"[{'dayOfWeek': 1, 'from1': '06:00', 'to1': '23:00'}, {'dayOfWeek': 2, 'from1': '06:00', 'to1': '23:00'}, {'dayOfWeek': 3, 'from1': '06:00', 'to1': '23:00'}, {'dayOfWeek': 4, 'from1': '06:00', 'to1': '23:00'}, {'dayOfWeek': 5, 'from1': '06:00', 'to1': '23:00'}, {'dayOfWeek': 6, 'from1': '06:00', 'to1': '23:00'}, {'dayOfWeek': 7, 'from1': '06:00', 'to1': '23:00'}]",,True,+44 1202 720828,"[{'publicUrl': 'https://locator.uberall.com/uberall-userpics-prod-optimized/4700896/thumb_qFXySzXlC6.png', 'type': 'MAIN', 'description': None}]",Dorset,[],382 Holdenhurst Road,BH8 8BN,False,,,,
,2183408,[],Eastbourne,UK,,,,4700897,9788,[],50.7563179,0.267957,Welcome Meads,"[{'dayOfWeek': 1, 'from1': '07:00', 'to1': '22:00'}, {'dayOfWeek': 2, 'from1': '07:00', 'to1': '22:00'}, {'dayOfWeek': 3, 'from1': '07:00', 'to1': '22:00'}, {'dayOfWeek': 4, 'from1': '07:00', 'to1': '22:00'}, {'dayOfWeek': 5, 'from1': '07:00', 'to1': '22:00'}, {'dayOfWeek': 6, 'from1': '07:00', 'to1': '22:00'}, {'dayOfWeek': 7, 'from1': '07:00', 'to1': '22:00'}]",,True,+44 1323 749110,"[{'publicUrl': 'https://locator.uberall.com/uberall-userpics-prod-optimized/4700897/thumb_lHaIiQ6Ms9.png', 'type': 'MAIN', 'description': None}]",East Sussex,[],34 Meads Street,BN20 7QY,False,,,,
,2183408,[],Cheltenham,UK,,,,4700898,9794,[],51.89932818,-2.06626989,Welcome Cheltenham,"[{'dayOfWeek': 1, 'from1': '06:00', 'to1': '23:00'}, {'dayOfWeek': 2, 'from1': '06:00', 'to1': '23:00'}, {'dayOfWeek': 3, 'from1': '06:00', 'to1': '23:00'}, {'dayOfWeek': 4, 'from1': '06:00', 'to1': '23:00'}, {'dayOfWeek': 5, 'from1': '06:00', 'to1': '23:00'}, {'dayOfWeek': 6, 'from1': '06:00', 'to1': '23:00'}, {'dayOfWeek': 7, 'from1': '06:00', 'to1': '23:00'}]",,True,+44 1242 703553,"[{'publicUrl': 'https://locator.uberall.com/uberall-userpics-prod-optimized/4700898/thumb_3GsXYkMETW.png', 'type': 'MAIN', 'description': None}]",Gloucestershire,[],58-60 Hewlett Road,GL52 6AH,False,,,,
,2183408,[],Bolton,UK,,,,4700899,9811,[],53.5488211,-2.52241,Welcome Westhoughton,"[{'dayOfWeek': 1, 'from1': '07:00', 'to1': '22:00'}, {'dayOfWeek': 2, 'from1': '07:00', 'to1': '22:00'}, {'dayOfWeek': 3, 'from1': '07:00', 'to1': '22:00'}, {'dayOfWeek': 4, 'from1': '07:00', 'to1': '22:00'}, {'dayOfWeek': 5, 'from1': '07:00', 'to1': '22:00'}, {'dayOfWeek': 6, 'from1': '07:00', 'to1': '22:00'}, {'dayOfWeek': 7, 'from1': '07:00', 'to1': '22:00'}]",,True,+44 1942 813566,"[{'publicUrl': 'https://locator.uberall.com/uberall-userpics-prod-optimized/4700899/thumb_o1ttXlBfis.jpg', 'type': 'MAIN', 'description': None}]",Greater Manchester,[],34-40 Market Street,BL5 3AN,False,,,,
,2183408,[],Godalming,UK,,,,4700900,9823,[],51.1714973,-0.6431515,Welcome Milford,"[{'dayOfWeek': 1, 'from1': '06:30', 'to1': '21:30'}, {'dayOfWeek': 2, 'from1': '06:30', 'to1': '21:30'}, {'dayOfWeek': 3, 'from1': '06:30', 'to1': '21:30'}, {'dayOfWeek': 4, 'from1': '06:30', 'to1': '21:30'}, {'dayOfWeek': 5, 'from1': '06:30', 'to1': '21:30'}, {'dayOfWeek': 6, 'from1': '06:30', 'to1': '21:30'}, {'dayOfWeek': 7, 'from1': '08:00', 'to1': '20:00'}]",,True,+44 1483 414183,"[{'publicUrl': 'https://locator.uberall.com/uberall-userpics-prod-optimized/4700900/thumb_CT2XBQPH3Q.png', 'type': 'MAIN', 'description': None}]",Surrey,[],47 Church Road,GU8 5JB,False,,,,
,2183408,[],Ripon,UK,,,,4700901,9799,[],54.13927234,-1.54240309,Welcome Ripon,"[{'dayOfWeek': 1, 'from1': '07:00', 'to1': '22:00'}, {'dayOfWeek': 2, 'from1': '07:00', 'to1': '22:00'}, {'dayOfWeek': 3, 'from1': '07:00', 'to1': '22:00'}, {'dayOfWeek': 4, 'from1': '07:00', 'to1': '22:00'}, {'dayOfWeek': 5, 'from1': '07:00', 'to1': '22:00'}, {'dayOfWeek': 6, 'from1': '07:00', 'to1': '22:00'}, {'dayOfWeek': 7, 'from1': '07:00', 'to1': '22:00'}]",,True,+44 1765 698052,"[{'publicUrl': 'https://locator.uberall.com/uberall-userpics-prod-optimized/4700901/thumb_UiVwYow5x0.png', 'type': 'MAIN', 'description': None}]",North Yorkshire,[],32 Clotherholme Road,HG4 2DQ,False,,,,
Hall Green,2183408,[],Wakefield,UK,,,,4700902,9798,[],53.6325534,-1.5198058,Welcome Wakefield,"[{'dayOfWeek': 1, 'from1': '07:00', 'to1': '22:00'}, {'dayOfWeek': 2, 'from1': '07:00', 'to1': '22:00'}, {'dayOfWeek': 3, 'from1': '07:00', 'to1': '22:00'}, {'dayOfWeek': 4, 'from1': '07:00', 'to1': '22:00'}, {'dayOfWeek': 5, 'from1': '07:00', 'to1': '22:00'}, {'dayOfWeek': 6, 'from1': '07:00', 'to1': '22:00'}, {'dayOfWeek': 7, 'from1': '07:00', 'to1': '22:00'}]",,True,+44 1924 375548,"[{'publicUrl': 'https://locator.uberall.com/uberall-userpics-prod-optimized/4700902/thumb_PvywUBNwHw.png', 'type': 'MAIN', 'description': None}]",West Yorkshire,[],59 Stoney Lane,WF4 3JR,False,,,,
Yarnton Way,2183408,[],London,UK,,,,4700903,9817,[],51.4965826,0.12184991,Welcome Thamesmead,"[{'dayOfWeek': 1, 'from1': '07:00', 'to1': '22:00'}, {'dayOfWeek': 2, 'from1': '07:00', 'to1': '22:00'}, {'dayOfWeek': 3, 'from1': '07:00', 'to1': '22:00'}, {'dayOfWeek': 4, 'from1': '07:00', 'to1': '22:00'}, {'dayOfWeek': 5, 'from1': '07:00', 'to1': '22:00'}, {'dayOfWeek': 6, 'from1': '07:00', 'to1': '22:00'}, {'dayOfWeek': 7, 'from1': '07:00', 'to1': '22:00'}]",,True,,"[{'publicUrl': 'https://locator.uberall.com/uberall-userpics-prod-optimized/4700903/thumb_yCDR0ryGQs.png', 'type': 'MAIN', 'description': None}]",Greater London,[],3 Wagtail Walk,SE2 9FD,False,,,,
,2183408,[],London,UK,,,,4700904,9819,[],51.49964954,-0.07861267,Welcome Tower Bridge,"[{'dayOfWeek': 1, 'from1': '07:00', 'to1': '24:00'}, {'dayOfWeek': 2, 'from1': '07:00', 'to1': '24:00'}, {'dayOfWeek': 3, 'from1': '07:00', 'to1': '24:00'}, {'dayOfWeek': 4, 'from1': '07:00', 'to1': '24:00'}, {'dayOfWeek': 5, 'from1': '07:00', 'to1': '24:00'}, {'dayOfWeek': 6, 'from1': '07:00', 'to1': '24:00'}, {'dayOfWeek': 7, 'from1': '07:00', 'to1': '24:00'}]",,True,,"[{'publicUrl': 'https://locator.uberall.com/uberall-userpics-prod-optimized/4700904/thumb_PAsV0W86wW.png', 'type': 'MAIN', 'description': None}]",Greater London,[],168 Tower Bridge Road,SE1 3LS,False,,,,
,2183408,[],Leighton Buzzard,UK,,,2025-01-23,4819776,9835,[],51.92415,-0.654747,Welcome Leighton Buzzard,"[{'dayOfWeek': 1, 'from1': '07:00', 'to1': '22:00'}, {'dayOfWeek': 2, 'from1': '07:00', 'to1': '22:00'}, {'dayOfWeek': 3, 'from1': '07:00', 'to1': '22:00'}, {'dayOfWeek': 4, 'from1': '07:00', 'to1': '22:00'}, {'dayOfWeek': 5, 'from1': '07:00', 'to1': '22:00'}, {'dayOfWeek': 6, 'from1': '07:00', 'to1': '22:00'}, {'dayOfWeek': 7, 'from1': '07:00', 'to1': '22:00'}]",,True,+44 1525 837279,"[{'publicUrl': 'https://locator.uberall.com/uberall-userpics-prod-optimized/4819776/thumb_Zl3YPV969L.png', 'type': 'MAIN', 'description': None}]",Central Bedfordshire,[],80-90 Clarence Road,LU7 3EL,False,,,,
,2183408,[],Portsmouth,UK,,,,5029687,9842,[],50.7979668,-1.1058932,Welcome The Hard,"[{'dayOfWeek': 1, 'from1': '06:00', 'to1': '22:00'}, {'dayOfWeek': 2, 'from1': '06:00', 'to1': '22:00'}, {'dayOfWeek': 3, 'from1': '06:00', 'to1': '22:00'}, {'dayOfWeek': 4, 'from1': '06:00', 'to1': '22:00'}, {'dayOfWeek': 5, 'from1': '06:00', 'to1': '22:00'}, {'dayOfWeek': 6, 'from1': '06:00', 'to1': '22:00'}, {'dayOfWeek': 7, 'from1': '06:00', 'to1': '22:00'}]",,True,+44 23 9286 1756,"[{'publicUrl': 'https://locator.uberall.com/uberall-userpics-prod-optimized/5029687/thumb_pHHY9JftrN.png', 'type': 'MAIN', 'description': None}]",Portsmouth,[],22 The Hard,PO1 3DT,False,,,,
4 - 8 Atlantis Avenue,2183408,[],London,UK,,,2025-08-13,5199855,9816,[],51.508222,0.0726403,Welcome Newham,"[{'dayOfWeek': 1, 'from1': '07:00', 'to1': '22:00'}, {'dayOfWeek': 2, 'from1': '07:00', 'to1': '22:00'}, {'dayOfWeek': 3, 'from1': '07:00', 'to1': '22:00'}, {'dayOfWeek': 4, 'from1': '07:00', 'to1': '22:00'}, {'dayOfWeek': 5, 'from1': '07:00', 'to1': '22:00'}, {'dayOfWeek': 6, 'from1': '07:00', 'to1': '22:00'}, {'dayOfWeek': 7, 'from1': '07:00', 'to1': '22:00'}]",,True,,"[{'publicUrl': 'https://locator.uberall.com/uberall-userpics-prod-optimized/5199855/thumb_jNWiaWFvl1.png', 'type': 'MAIN', 'description': None}]",Greater London,[],Royal Quay Road,E16 2BF,False,,,,
Cuffley,2183408,[],Potters Bar,UK,,,2025-11-05,5792588,9833,[],51.70804629825522,-0.11256460615158614,Welcome Cuffley,"[{'dayOfWeek': 1, 'from1': '07:00', 'to1': '22:00'}, {'dayOfWeek': 2, 'from1': '07:00', 'to1': '22:00'}, {'dayOfWeek': 3, 'from1': '07:00', 'to1': '22:00'}, {'dayOfWeek': 4, 'from1': '07:00', 'to1': '22:00'}, {'dayOfWeek': 5, 'from1': '07:00', 'to1': '22:00'}, {'dayOfWeek': 6, 'from1': '07:00', 'to1': '22:00'}, {'dayOfWeek': 7, 'from1': '07:00', 'to1': '22:00'}]",,True,,"[{'publicUrl': 'https://locator.uberall.com/uberall-userpics-prod-optimized/5792588/thumb_g5LRLudggr.png', 'type': 'MAIN', 'description': None}]",Hertfordshire,[],23A Station Road,EN6 4HX,False,,,,
Commercial Unit,2183408,[],Croydon,UK,,,2026-01-28,5891476,9840,[],51.37121667,-0.09814104,Welcome Croydon,"[{'dayOfWeek': 1, 'from1': '07:00', 'to1': '23:00'}, {'dayOfWeek': 2, 'from1': '07:00', 'to1': '23:00'}, {'dayOfWeek': 3, 'from1': '07:00', 'to1': '23:00'}, {'dayOfWeek': 4, 'from1': '07:00', 'to1': '23:00'}, {'dayOfWeek': 5, 'from1': '07:00', 'to1': '23:00'}, {'dayOfWeek': 6, 'from1': '07:00', 'to1': '23:00'}, {'dayOfWeek': 7, 'from1': '07:00', 'to1': '23:00'}]",,True,,"[{'publicUrl': 'https://locator.uberall.com/uberall-userpics-prod-optimized/5891476/thumb_cCGin484Mu.png', 'type': 'PHOTO', 'description': None}]",Greater London,[],9 Fell Road,CR0 1LL,False,,,,
,2183408,[],London,UK,,,,5895829,09820,[],51.51287362,-0.00504203,Welcome Aberfeldy Square,"[{'dayOfWeek': 1, 'from1': '07:00', 'to1': '22:00'}, {'dayOfWeek': 2, 'from1': '07:00', 'to1': '22:00'}, {'dayOfWeek': 3, 'from1': '07:00', 'to1': '22:00'}, {'dayOfWeek': 4, 'from1': '07:00', 'to1': '22:00'}, {'dayOfWeek': 5, 'from1': '07:00', 'to1': '22:00'}, {'dayOfWeek': 6, 'from1': '07:00', 'to1': '22:00'}, {'dayOfWeek': 7, 'from1': '07:00', 'to1': '22:00'}]",,True,+44 7960 036367,"[{'publicUrl': 'https://locator.uberall.com/uberall-userpics-prod-optimized/5895829/thumb_Q4o6wCtKwy.png', 'type': 'PHOTO', 'description': None}]",Greater London,[],10 Aberfeldy Square,E14 0XA,False,,,,
"Unit 3, Galeria House",2183408,[],Brentford,UK,,,,5896716,9815,[],51.4897377,-0.2870373,Welcome Brentford,"[{'dayOfWeek': 1, 'from1': '07:00', 'to1': '22:00'}, {'dayOfWeek': 2, 'from1': '07:00', 'to1': '22:00'}, {'dayOfWeek': 3, 'from1': '07:00', 'to1': '22:00'}, {'dayOfWeek': 4, 'from1': '07:00', 'to1': '22:00'}, {'dayOfWeek': 5, 'from1': '07:00', 'to1': '22:00'}, {'dayOfWeek': 6, 'from1': '07:00', 'to1': '22:00'}, {'dayOfWeek': 7, 'from1': '07:00', 'to1': '22:00'}]",,True,+44 7960 036367,"[{'publicUrl': 'https://locator.uberall.com/uberall-userpics-prod-optimized/5896716/thumb_roguWRga3u.png', 'type': 'PHOTO', 'description': None}]",Greater London,[],2 Lionel Road South,TW8 0RZ,False,,,,
Canada Water,2183408,[],London,UK,,,,5902041,9820,[],51.49717227,-0.04994406,Welcome Canada Water,"[{'dayOfWeek': 1, 'from1': '07:00', 'to1': '22:00'}, {'dayOfWeek': 2, 'from1': '07:00', 'to1': '22:00'}, {'dayOfWeek': 3, 'from1': '07:00', 'to1': '22:00'}, {'dayOfWeek': 4, 'from1': '07:00', 'to1': '22:00'}, {'dayOfWeek': 5, 'from1': '07:00', 'to1': '22:00'}, {'dayOfWeek': 6, 'from1': '07:00', 'to1': '22:00'}, {'dayOfWeek': 7, 'from1': '07:00', 'to1': '22:00'}]",,True,+44 7960 036367,"[{'publicUrl': 'https://locator.uberall.com/uberall-userpics-prod-optimized/5902041/thumb_Jpl1mYgnle.png', 'type': 'PHOTO', 'description': None}]",Greater London,[],1 Deal Porters Way,SE16 6BH,False,,,,
"Backwell, West Town",2183408,[],Bristol,UK,,,,5902616,9828,[],51.41921533,-2.749994,Welcome Blackwell,"[{'dayOfWeek': 1, 'from1': '07:00', 'to1': '23:00'}, {'dayOfWeek': 2, 'from1': '07:00', 'to1': '23:00'}, {'dayOfWeek': 3, 'from1': '07:00', 'to1': '23:00'}, {'dayOfWeek': 4, 'from1': '07:00', 'to1': '23:00'}, {'dayOfWeek': 5, 'from1': '07:00', 'to1': '23:00'}, {'dayOfWeek': 6, 'from1': '07:00', 'to1': '23:00'}, {'dayOfWeek': 7, 'from1': '07:00', 'to1': '23:00'}]",,True,,"[{'publicUrl': 'https://locator.uberall.com/uberall-userpics-prod-optimized/5902616/thumb_FLZFKubXWf.png', 'type': 'PHOTO', 'description': None}]",North Somerset,[],73 Station Road,BS48 3LH,False,,,,
,2183408,[],Hastings,UK,,,2026-02-12,5932864,,[],50.8743275,0.5530763,Welcome St Leonards,"[{'dayOfWeek': 1, 'from1': '07:00', 'to1': '22:00'}, {'dayOfWeek': 2, 'from1': '07:00', 'to1': '22:00'}, {'dayOfWeek': 3, 'from1': '07:00', 'to1': '22:00'}, {'dayOfWeek': 4, 'from1': '07:00', 'to1': '22:00'}, {'dayOfWeek': 5, 'from1': '07:00', 'to1': '22:00'}, {'dayOfWeek': 6, 'from1': '07:00', 'to1': '22:00'}, {'dayOfWeek': 7, 'from1': '07:00', 'to1': '22:00'}]",,True,+44 1424 722982,"[{'publicUrl': 'https://locator.uberall.com/uberall-userpics-prod-optimized/5932864/thumb_WzMh1JH0SM.png', 'type': 'PHOTO', 'description': None}]",East Sussex,[],100 Battle Road,TN37 7AG,False,,,,
,2183408,[],Allerton Bywater,UK,,,2025-11-26,5936135,9857,[],53.7527959,-1.3836067,Welcome Castleford,"[{'dayOfWeek': 1, 'from1': '07:00', 'to1': '22:00'}, {'dayOfWeek': 2, 'from1': '07:00', 'to1': '22:00'}, {'dayOfWeek': 3, 'from1': '07:00', 'to1': '22:00'}, {'dayOfWeek': 4, 'from1': '07:00', 'to1': '22:00'}, {'dayOfWeek': 5, 'from1': '07:00', 'to1': '22:00'}, {'dayOfWeek': 6, 'from1': '07:00', 'to1': '22:00'}, {'dayOfWeek': 7, 'from1': '07:00', 'to1': '22:00'}]",,True,+44 113 286 2082,"[{'publicUrl': 'https://locator.uberall.com/uberall-userpics-prod-optimized/5936135/thumb_DBZTTHoCcP.png', 'type': 'PHOTO', 'description': None}]",West Yorkshire,[],71-75 Leeds Road,WF10 2HE,False,,,,
,2183408,[],Windsor,UK,,,,6149043,,[],51.48148,-0.6067829,Welcome Windsor,"[{'dayOfWeek': 1, 'from1': '07:00', 'to1': '22:00'}, {'dayOfWeek': 2, 'from1': '07:00', 'to1': '22:00'}, {'dayOfWeek': 3, 'from1': '07:00', 'to1': '22:00'}, {'dayOfWeek': 4, 'from1': '07:00', 'to1': '22:00'}, {'dayOfWeek': 5, 'from1': '07:00', 'to1': '22:00'}, {'dayOfWeek': 6, 'from1': '07:00', 'to1': '22:00'}, {'dayOfWeek': 7, 'from1': '07:00', 'to1': '22:00'}]",,True,,"[{'publicUrl': 'https://locator.uberall.com/uberall-userpics-prod-optimized/6149043/thumb_PFoRTXWl09.png', 'type': 'PHOTO', 'description': None}]",Berkshire,[],12 High Street,SL4 1LD,False,,,,
,2183408,[],Wem,UK,,,,6168621,9847,[],52.8475318,-2.7284585,Welcome Shrewsbury Road,"[{'dayOfWeek': 1, 'from1': '07:00', 'to1': '23:00'}, {'dayOfWeek': 2, 'from1': '07:00', 'to1': '23:00'}, {'dayOfWeek': 3, 'from1': '07:00', 'to1': '23:00'}, {'dayOfWeek': 4, 'from1': '07:00', 'to1': '23:00'}, {'dayOfWeek': 5, 'from1': '07:00', 'to1': '23:00'}, {'dayOfWeek': 6, 'from1': '07:00', 'to1': '23:00'}, {'dayOfWeek': 7, 'from1': '07:00', 'to1': '23:00'}]",,True,+44 1939 235300,"[{'publicUrl': 'https://locator.uberall.com/uberall-userpics-prod-optimized/6168621/thumb_FHVUnenZf9.png', 'type': 'PHOTO', 'description': None}]",Shropshire,[],Shrewsbury Road,SY4 5PA,False,,,,
,2183408,[],Llangollen,UK,,,,6409828,,[],52.9689614,-3.17023712,Welcome Llangollen,"[{'dayOfWeek': 1, 'from1': '07:00', 'to1': '23:00'}, {'dayOfWeek': 2, 'from1': '07:00', 'to1': '23:00'}, {'dayOfWeek': 3, 'from1': '07:00', 'to1': '23:00'}, {'dayOfWeek': 4, 'from1': '07:00', 'to1': '23:00'}, {'dayOfWeek': 5, 'from1': '07:00', 'to1': '23:00'}, {'dayOfWeek': 6, 'from1': '07:00', 'to1': '23:00'}, {'dayOfWeek': 7, 'from1': '07:00', 'to1': '23:00'}]",,True,+44 1978 862861,[],Denbighshire,[],4-6 Berwyn Street,LL20 8ND,False,,,,
Fair Oak,2184058,"[{'text': 'Order with Just Eat', 'url': 'https://www.just-eat.co.uk/takeaway/brands/southern-coop'}]",Eastleigh,UK,,,,4700821,430,[],50.9643109,-1.29974291,Welcome Fair Oak,"[{'dayOfWeek': 1, 'from1': '06:00', 'to1': '22:00'}, {'dayOfWeek': 2, 'from1': '06:00', 'to1': '22:00'}, {'dayOfWeek': 3, 'from1': '06:00', 'to1': '22:00'}, {'dayOfWeek': 4, 'from1': '06:00', 'to1': '22:00'}, {'dayOfWeek': 5, 'from1': '06:00', 'to1': '22:00'}, {'dayOfWeek': 6, 'from1': '06:00', 'to1': '22:00'}, {'dayOfWeek': 7, 'from1': '07:00', 'to1': '22:00'}]",,True,+44 23 8069 4177,"[{'publicUrl': 'https://locator.uberall.com/uberall-userpics-prod-optimized/4700821/thumb_hJ7aMM694D.jpg', 'type': 'MAIN', 'description': None}]",Hampshire,[],Fair Oak Road,SO50 7AL,False,,,,
,2184058,"[{'text': 'Order with Just Eat', 'url': 'https://www.just-eat.co.uk/takeaway/brands/southern-coop'}, {'text': 'Order with Deliveroo', 'url': 'https://deliveroo.co.uk/menu/southampton/chandlers-ford/southern-co-op-chandlers-ford-falkland-court'}]",Eastleigh,UK,,,,4705216,28,[],50.9720073,-1.3827266,"The Co-operative Food Chandlers Ford, Falkland Court","[{'dayOfWeek': 1, 'from1': '06:00', 'to1': '22:00'}, {'dayOfWeek': 2, 'from1': '06:00', 'to1': '22:00'}, {'dayOfWeek': 3, 'from1': '06:00', 'to1': '22:00'}, {'dayOfWeek': 4, 'from1': '06:00', 'to1': '22:00'}, {'dayOfWeek': 5, 'from1': '06:00', 'to1': '22:00'}, {'dayOfWeek': 6, 'from1': '06:00', 'to1': '22:00'}, {'dayOfWeek': 7, 'from1': '07:00', 'to1': '22:00'}]",Post Office is available during store opening hours,True,+44 23 8026 9680,"[{'publicUrl': 'https://locator.uberall.com/uberall-userpics-prod-optimized/4705216/thumb_99SVOc3imw.jpg', 'type': 'PHOTO', 'description': None}]",Hampshire,[],5 Falkland Court,SO53 3GA,False,,,,
,2184058,"[{'text': 'Order with Just Eat', 'url': 'https://www.just-eat.co.uk/takeaway/brands/southern-coop'}]",Bishop's Waltham,UK,,,,4705218,55,[],50.95455024,-1.2125212,The Co-operative Food Bishops Waltham,"[{'dayOfWeek': 1, 'from1': '06:00', 'to1': '22:00'}, {'dayOfWeek': 2, 'from1': '06:00', 'to1': '22:00'}, {'dayOfWeek': 3, 'from1': '06:00', 'to1': '22:00'}, {'dayOfWeek': 4, 'from1': '06:00', 'to1': '22:00'}, {'dayOfWeek': 5, 'from1': '06:00', 'to1': '22:00'}, {'dayOfWeek': 6, 'from1': '06:00', 'to1': '22:00'}, {'dayOfWeek': 7, 'from1': '06:00', 'to1': '22:00'}]",,True,+44 1489 895262,"[{'publicUrl': 'https://locator.uberall.com/uberall-userpics-prod-optimized/4705218/thumb_ThHWALD110.jpg', 'type': 'PHOTO', 'description': None}]",Hampshire,[],High Street,SO32 1AB,False,,,,
,2184058,"[{'text': 'Order with Uber Eats', 'url': 'https://www.ubereats.com/gb/brand/southern-co-op'}, {'text': 'Order with Deliveroo', 'url': 'https://deliveroo.co.uk/menu/southampton/millers-dale/southern-co-op-chandlers-ford-hursley-road'}]",Chandler's Ford,UK,,,,4705220,178,[],50.9845342,-1.3854707,Co-op Food,"[{'dayOfWeek': 1, 'from1': '07:00', 'to1': '22:00'}, {'dayOfWeek': 2, 'from1': '07:00', 'to1': '22:00'}, {'dayOfWeek': 3, 'from1': '07:00', 'to1': '22:00'}, {'dayOfWeek': 4, 'from1': '07:00', 'to1': '22:00'}, {'dayOfWeek': 5, 'from1': '07:00', 'to1': '22:00'}, {'dayOfWeek': 6, 'from1': '07:00', 'to1': '22:00'}, {'dayOfWeek': 7, 'from1': '07:00', 'to1': '22:00'}]",Post Office is available during store opening hours,True,+44 23 8026 6468,"[{'publicUrl': 'https://locator.uberall.com/uberall-userpics-prod-optimized/4705220/thumb_tVKqpRYJqO.jpeg', 'type': 'PHOTO', 'description': None}]",Hampshire,[],14 Hursley Road,SO53 2FU,False,,,,
Fair Oak,2184058,"[{'text': 'Order with Just Eat', 'url': 'https://www.just-eat.co.uk/takeaway/brands/southern-coop'}, {'text': 'Order with Deliveroo', 'url': 'https://deliveroo.co.uk/menu/southampton/crowdhill-and-fair-oak/southern-co-op-fairoak-sandy-lane'}]",Fair Oak,UK,,,,4705227,104,[],50.9678484,-1.30438045,"The Co-operative Food Fairoak, Sandy Lane","[{'dayOfWeek': 1, 'from1': '07:00', 'to1': '22:00'}, {'dayOfWeek': 2, 'from1': '07:00', 'to1': '22:00'}, {'dayOfWeek': 3, 'from1': '07:00', 'to1': '22:00'}, {'dayOfWeek': 4, 'from1': '07:00', 'to1': '22:00'}, {'dayOfWeek': 5, 'from1': '07:00', 'to1': '22:00'}, {'dayOfWeek': 6, 'from1': '07:00', 'to1': '22:00'}, {'dayOfWeek': 7, 'from1': '07:00', 'to1': '22:00'}]",,True,+44 23 8069 2854,"[{'publicUrl': 'https://locator.uberall.com/uberall-userpics-prod-optimized/4705227/thumb_xGzuA7iKou.jpg', 'type': 'PHOTO', 'description': None}]",Hampshire,[],50 Sandy Lane,SO50 8GB,False,,,,
The Parade,2184058,"[{'text': 'Order with Uber Eats', 'url': 'https://www.ubereats.com/gb/brand/southern-co-op'}, {'text': 'Order with Deliveroo', 'url': 'https://deliveroo.co.uk/menu/southampton/boyatt-wood/southern-co-op-boyatt-wood'}]",Eastleigh,UK,,,,4705235,98,[],50.9777177,-1.3597343,"The Co-operative Food Boyatt Wood, The Parade","[{'dayOfWeek': 1, 'from1': '07:00', 'to1': '22:00'}, {'dayOfWeek': 2, 'from1': '07:00', 'to1': '22:00'}, {'dayOfWeek': 3, 'from1': '07:00', 'to1': '22:00'}, {'dayOfWeek': 4, 'from1': '07:00', 'to1': '22:00'}, {'dayOfWeek': 5, 'from1': '07:00', 'to1': '22:00'}, {'dayOfWeek': 6, 'from1': '07:00', 'to1': '22:00'}, {'dayOfWeek': 7, 'from1': '07:00', 'to1': '22:00'}]",,True,+44 23 8065 2083,"[{'publicUrl': 'https://locator.uberall.com/uberall-userpics-prod-optimized/4705235/thumb_k2RrA9PXwd.jpg', 'type': 'PHOTO', 'description': None}]",Hampshire,[],6-8 Shakespeare Road,SO50 4QP,False,,,,
,2184058,"[{'text': 'Order with Just Eat', 'url': 'https://www.just-eat.co.uk/takeaway/brands/southern-coop'}, {'text': 'Order with Deliveroo', 'url': 'https://deliveroo.co.uk/menu/southampton/romsey-and-cupernham/southern-co-op-romsey-the-hundred'}]",Romsey,UK,,,,4705255,245,[],50.98903741,-1.49806254,The Co-operative Food Romsey,"[{'dayOfWeek': 1, 'from1': '07:00', 'to1': '22:00'}, {'dayOfWeek': 2, 'from1': '07:00', 'to1': '22:00'}, {'dayOfWeek': 3, 'from1': '07:00', 'to1': '22:00'}, {'dayOfWeek': 4, 'from1': '07:00', 'to1': '22:00'}, {'dayOfWeek': 5, 'from1': '07:00', 'to1': '22:00'}, {'dayOfWeek': 6, 'from1': '07:00', 'to1': '22:00'}, {'dayOfWeek': 7, 'from1': '07:00', 'to1': '22:00'}]",,True,+44 1794 516064,[],Hampshire,[],22-24 The Hundred,SO51 8BW,False,,,,
,2184058,"[{'text': 'Order with Just Eat', 'url': 'https://www.just-eat.co.uk/takeaway/brands/southern-coop'}, {'text': 'Order with Deliveroo', 'url': 'https://deliveroo.co.uk/menu/southampton/romsey-and-cupernham/southern-co-op-romsey-botley-road'}]",Romsey,UK,,,,4705258,381,[],50.988369,-1.4847244,"The Co-operative Food Romsey, Botley Road","[{'dayOfWeek': 1, 'from1': '07:00', 'to1': '22:00'}, {'dayOfWeek': 2, 'from1': '07:00', 'to1': '22:00'}, {'dayOfWeek': 3, 'from1': '07:00', 'to1': '22:00'}, {'dayOfWeek': 4, 'from1': '07:00', 'to1': '22:00'}, {'dayOfWeek': 5, 'from1': '07:00', 'to1': '22:00'}, {'dayOfWeek': 6, 'from1': '07:00', 'to1': '22:00'}, {'dayOfWeek': 7, 'from1': '07:00', 'to1': '22:00'}]",,True,+44 1794 513465,"[{'publicUrl': 'https://locator.uberall.com/uberall-userpics-prod-optimized/4705258/thumb_M0tMoqtnt3.jpg', 'type': 'PHOTO', 'description': None}]",Hampshire,[],Botley Road,SO51 5AB,False,,,,
Colden Common,2184058,"[{'text': 'Order with Just Eat', 'url': 'https://www.just-eat.co.uk/takeaway/brands/southern-coop'}]",Winchester,UK,,,,4705266,211,[],50.9964239,-1.3217193,"The Co-operative Food Colden Common, St Vigor Way","[{'dayOfWeek': 1, 'from1': '07:00', 'to1': '22:00'}, {'dayOfWeek': 2, 'from1': '07:00', 'to1': '22:00'}, {'dayOfWeek': 3, 'from1': '07:00', 'to1': '22:00'}, {'dayOfWeek': 4, 'from1': '07:00', 'to1': '22:00'}, {'dayOfWeek': 5, 'from1': '07:00', 'to1': '22:00'}, {'dayOfWeek': 6, 'from1': '07:00', 'to1': '22:00'}, {'dayOfWeek': 7, 'from1': '07:00', 'to1': '22:00'}]",Post Office is available during store opening hours,True,+44 1962 711400,"[{'publicUrl': 'https://locator.uberall.com/uberall-userpics-prod-optimized/4705266/thumb_QBKbQTjVeL.jpg', 'type': 'PHOTO', 'description': None}]",Hampshire,[],Saint Vigor Way,SO21 1UU,False,,,,
North Baddesley,2184058,"[{'text': 'Order with Just Eat', 'url': 'https://www.just-eat.co.uk/takeaway/brands/southern-coop'}, {'text': 'Order with Deliveroo', 'url': 'https://deliveroo.co.uk/menu/southampton/baddesley/southern-co-op-north-baddesley'}]",Southampton,UK,,,,4705272,23,[],50.9761751,-1.4488283,"The Co-operative Food North Baddesley, Seymour Parade","[{'dayOfWeek': 1, 'from1': '07:00', 'to1': '22:00'}, {'dayOfWeek': 2, 'from1': '07:00', 'to1': '22:00'}, {'dayOfWeek': 3, 'from1': '07:00', 'to1': '22:00'}, {'dayOfWeek': 4, 'from1': '07:00', 'to1': '22:00'}, {'dayOfWeek': 5, 'from1': '07:00', 'to1': '22:00'}, {'dayOfWeek': 6, 'from1': '07:00', 'to1': '22:00'}, {'dayOfWeek': 7, 'from1': '07:00', 'to1': '22:00'}]",,True,+44 23 8073 2652,[],Hampshire,[],1-5 Seymour Lane,SO52 9FN,False,,,,
,2184058,"[{'text': 'Order with Just Eat', 'url': 'https://www.just-eat.co.uk/takeaway/brands/southern-coop'}, {'text': 'Order with Deliveroo', 'url': 'https://deliveroo.co.uk/menu/southampton/romsey-and-cupernham/southern-co-op-romsey-winchester-hill'}]",Romsey,UK,,,,4705274,109,[],50.99347367,-1.48099555,"The Co-operative Food Romsey, Winchester Hill","[{'dayOfWeek': 1, 'from1': '07:00', 'to1': '22:00'}, {'dayOfWeek': 2, 'from1': '07:00', 'to1': '22:00'}, {'dayOfWeek': 3, 'from1': '07:00', 'to1': '22:00'}, {'dayOfWeek': 4, 'from1': '07:00', 'to1': '22:00'}, {'dayOfWeek': 5, 'from1': '07:00', 'to1': '22:00'}, {'dayOfWeek': 6, 'from1': '07:00', 'to1': '22:00'}, {'dayOfWeek': 7, 'from1': '07:00', 'to1': '22:00'}]",,True,+44 1794 517900,"[{'publicUrl': 'https://locator.uberall.com/uberall-userpics-prod-optimized/4705274/thumb_Zvxy7vWi1h.jpg', 'type': 'PHOTO', 'description': None}]",Hampshire,[],Winchester Hill,SO51 7YY,False,,,,
,2184058,"[{'text': 'Order with Uber Eats', 'url': 'https://www.ubereats.com/gb/brand/southern-co-op'}, {'text': 'Order with Deliveroo', 'url': 'https://deliveroo.co.uk/menu/southampton/southampton-city-centre/southern-co-op-southampton-high-street'}]",Southampton,UK,,,,4705296,26,[],50.89821414,-1.40419128,"The Co-operative Food Southampton, High Street","[{'dayOfWeek': 1, 'from1': '07:00', 'to1': '22:00'}, {'dayOfWeek': 2, 'from1': '07:00', 'to1': '22:00'}, {'dayOfWeek': 3, 'from1': '07:00', 'to1': '22:00'}, {'dayOfWeek': 4, 'from1': '07:00', 'to1': '22:00'}, {'dayOfWeek': 5, 'from1': '07:00', 'to1': '22:00'}, {'dayOfWeek': 6, 'from1': '07:00', 'to1': '22:00'}, {'dayOfWeek': 7, 'from1': '07:00', 'to1': '22:00'}]",,True,+44 23 8022 5539,"[{'publicUrl': 'https://locator.uberall.com/uberall-userpics-prod-optimized/4705296/thumb_UlxOSkp27f.jpg', 'type': 'PHOTO', 'description': None}]",Southampton,[],117 High Street,SO14 2EA,False,,,,
,2184058,"[{'text': 'Order with Just Eat', 'url': 'https://www.just-eat.co.uk/takeaway/brands/southern-coop'}, {'text': 'Order with Deliveroo', 'url': 'https://deliveroo.co.uk/menu/southampton/romsey-and-cupernham/southern-co-op-romsey-warren-gardens'}]",Romsey,UK,,,,4705310,213,[],50.99964581,-1.47613975,"The Co-operative Food Romsey, Warren Gardens","[{'dayOfWeek': 1, 'from1': '07:00', 'to1': '22:00'}, {'dayOfWeek': 2, 'from1': '07:00', 'to1': '22:00'}, {'dayOfWeek': 3, 'from1': '07:00', 'to1': '22:00'}, {'dayOfWeek': 4, 'from1': '07:00', 'to1': '22:00'}, {'dayOfWeek': 5, 'from1': '07:00', 'to1': '22:00'}, {'dayOfWeek': 6, 'from1': '07:00', 'to1': '22:00'}, {'dayOfWeek': 7, 'from1': '07:00', 'to1': '22:00'}]",,True,+44 1794 513715,"[{'publicUrl': 'https://locator.uberall.com/uberall-userpics-prod-optimized/4705310/thumb_K50xus3C0V.jpg', 'type': 'PHOTO', 'description': None}]",Hampshire,[],19-20 Warren Gardens,SO51 7TR,False,,,,
,2184058,"[{'text': 'Order with Uber Eats', 'url': 'https://www.ubereats.com/gb/brand/southern-co-op'}, {'text': 'Order with Deliveroo', 'url': 'https://deliveroo.co.uk/menu/southampton/eastleigh-central/southern-co-op-eastleigh-leigh-road'}]",Eastleigh,UK,,,,4705312,310,[],50.9697169,-1.3598209,"The Co-operative Food Eastleigh, Leigh Road","[{'dayOfWeek': 1, 'from1': '06:30', 'to1': '22:00'}, {'dayOfWeek': 2, 'from1': '06:30', 'to1': '22:00'}, {'dayOfWeek': 3, 'from1': '06:30', 'to1': '22:00'}, {'dayOfWeek': 4, 'from1': '06:30', 'to1': '22:00'}, {'dayOfWeek': 5, 'from1': '06:30', 'to1': '22:00'}, {'dayOfWeek': 6, 'from1': '06:30', 'to1': '22:00'}, {'dayOfWeek': 7, 'from1': '06:30', 'to1': '22:00'}]",,True,+44 23 8061 1179,"[{'publicUrl': 'https://locator.uberall.com/uberall-userpics-prod-optimized/4705312/thumb_ku8BB8VY25.jpg', 'type': 'PHOTO', 'description': None}]",Hampshire,[],Leigh Road,SO50 5LN,False,,,,
,2184058,"[{'text': 'Order with Uber Eats', 'url': 'https://www.ubereats.com/gb/brand/southern-co-op'}, {'text': 'Order with Deliveroo', 'url': 'https://deliveroo.co.uk/menu/southampton/banister-park/southern-co-op-southampton-archers-road'}]",Southampton,UK,,,,4705336,396,[],50.91611547,-1.40896711,"The Co-operative Food Southampton, Archers Road","[{'dayOfWeek': 1, 'from1': '07:00', 'to1': '22:00'}, {'dayOfWeek': 2, 'from1': '07:00', 'to1': '22:00'}, {'dayOfWeek': 3, 'from1': '07:00', 'to1': '22:00'}, {'dayOfWeek': 4, 'from1': '07:00', 'to1': '22:00'}, {'dayOfWeek': 5, 'from1': '07:00', 'to1': '22:00'}, {'dayOfWeek': 6, 'from1': '07:00', 'to1': '22:00'}, {'dayOfWeek': 7, 'from1': '07:00', 'to1': '22:00'}]",,True,+44 23 8023 4694,"[{'publicUrl': 'https://locator.uberall.com/uberall-userpics-prod-optimized/4705336/thumb_OoyVfSJKJI.jpg', 'type': 'PHOTO', 'description': None}]",Southampton,[],32 Archers Road,SO15 2LT,False,,,,
West End,2184058,"[{'text': 'Order with Uber Eats', 'url': 'https://www.ubereats.com/gb/brand/southern-co-op'}, {'text': 'Order with Deliveroo', 'url': 'https://deliveroo.co.uk/menu/southampton/hatch-grange/southern-co-op-west-end'}]",Southampton,UK,,,,4705355,406,[],50.9292552,-1.3433838,"The Co-operative Food West End, High Street","[{'dayOfWeek': 1, 'from1': '07:00', 'to1': '22:00'}, {'dayOfWeek': 2, 'from1': '07:00', 'to1': '22:00'}, {'dayOfWeek': 3, 'from1': '07:00', 'to1': '22:00'}, {'dayOfWeek': 4, 'from1': '07:00', 'to1': '22:00'}, {'dayOfWeek': 5, 'from1': '07:00', 'to1': '22:00'}, {'dayOfWeek': 6, 'from1': '07:00', 'to1': '22:00'}, {'dayOfWeek': 7, 'from1': '07:00', 'to1': '22:00'}]",,True,+44 23 8046 2854,"[{'publicUrl': 'https://locator.uberall.com/uberall-userpics-prod-optimized/4705355/thumb_iQnc4fpdNk.jpg', 'type': 'PHOTO', 'description': None}]",Hampshire,[],3 High Street,SO30 3AA,False,,,,
,2184058,"[{'text': 'Order with Just Eat', 'url': 'https://www.just-eat.co.uk/takeaway/brands/southern-coop'}]",Romsey,UK,,,,4705356,341,[],51.003709,-1.4736415,The Co-operative Food Abbotswood,"[{'dayOfWeek': 1, 'from1': '07:00', 'to1': '22:00'}, {'dayOfWeek': 2, 'from1': '07:00', 'to1': '22:00'}, {'dayOfWeek': 3, 'from1': '07:00', 'to1': '22:00'}, {'dayOfWeek': 4, 'from1': '07:00', 'to1': '22:00'}, {'dayOfWeek': 5, 'from1': '07:00', 'to1': '22:00'}, {'dayOfWeek': 6, 'from1': '07:00', 'to1': '22:00'}, {'dayOfWeek': 7, 'from1': '07:00', 'to1': '22:00'}]",,True,+44 1794 515514,[],Hampshire,[],16 Abbotswood Common Road,SO51 0BX,False,,,,
,2184059,"[{'text': 'Order with Uber Eats', 'url': 'https://www.ubereats.com/gb/brand/southern-co-op'}, {'text': 'Order with Deliveroo', 'url': 'https://deliveroo.co.uk/menu/bristol/hanham-common/southern-co-op-hanham'}]",Bristol,UK,,,,4705181,312,[],51.4400771,-2.5195147,"The Co-operative Food Hanham, Memorial Road","[{'dayOfWeek': 1, 'from1': '06:30', 'to1': '22:00'}, {'dayOfWeek': 2, 'from1': '06:30', 'to1': '22:00'}, {'dayOfWeek': 3, 'from1': '06:30', 'to1': '22:00'}, {'dayOfWeek': 4, 'from1': '06:30', 'to1': '22:00'}, {'dayOfWeek': 5, 'from1': '06:30', 'to1': '22:00'}, {'dayOfWeek': 6, 'from1': '06:30', 'to1': '22:00'}, {'dayOfWeek': 7, 'from1': '06:30', 'to1': '22:00'}]",,True,+44 117 967 2906,"[{'publicUrl': 'https://locator.uberall.com/uberall-userpics-prod-optimized/4705181/thumb_Zf4bYSwsoJ.jpg', 'type': 'PHOTO', 'description': None}]",South Gloucestershire,[],183 Memorial Road,BS15 3LH,False,,,,
Cadbury Heath,2184059,"[{'text': 'Order with Uber Eats', 'url': 'https://www.ubereats.com/gb/brand/southern-co-op'}, {'text': 'Order with Deliveroo', 'url': 'https://deliveroo.co.uk/menu/bristol/barrs-court/southern-co-op-bristol-school-road'}]",Bristol,UK,,,,4705182,337,[],51.4461266,-2.4839284,"The Co-operative Food Bristol, School Road","[{'dayOfWeek': 1, 'from1': '07:00', 'to1': '22:00'}, {'dayOfWeek': 2, 'from1': '07:00', 'to1': '22:00'}, {'dayOfWeek': 3, 'from1': '07:00', 'to1': '22:00'}, {'dayOfWeek': 4, 'from1': '07:00', 'to1': '22:00'}, {'dayOfWeek': 5, 'from1': '07:00', 'to1': '22:00'}, {'dayOfWeek': 6, 'from1': '07:00', 'to1': '22:00'}, {'dayOfWeek': 7, 'from1': '07:00', 'to1': '22:00'}]",,True,+44 117 967 2703,[],South Gloucestershire,[],School Road,BS30 8EP,False,,,,
Kingswood,2184059,"[{'text': 'Order with Uber Eats', 'url': 'https://www.ubereats.com/gb/brand/southern-co-op'}, {'text': 'Order with Deliveroo', 'url': 'https://deliveroo.co.uk/menu/bristol/speedwell-and-hillfields/southern-co-op-bristol-two-mile-hill'}]",Bristol,UK,,,,4705183,327,[],51.4618901,-2.5269015,"The Co-operative Food Bristol, Two Mile Hill Road","[{'dayOfWeek': 1, 'from1': '06:30', 'to1': '22:00'}, {'dayOfWeek': 2, 'from1': '06:30', 'to1': '22:00'}, {'dayOfWeek': 3, 'from1': '06:30', 'to1': '22:00'}, {'dayOfWeek': 4, 'from1': '06:30', 'to1': '22:00'}, {'dayOfWeek': 5, 'from1': '06:30', 'to1': '22:00'}, {'dayOfWeek': 6, 'from1': '06:30', 'to1': '22:00'}, {'dayOfWeek': 7, 'from1': '06:30', 'to1': '22:00'}]",,True,+44 117 967 8771,[],Bristol City,[],47 Two Mile Hill Road,BS15 1BS,False,,,,
,2184059,"[{'text': 'Order with Uber Eats', 'url': 'https://www.ubereats.com/gb/brand/southern-co-op'}]",Frome,UK,,,,4705233,359,[],51.23056668,-2.3278095,"The Co-operative Food Frome, Nunney Road","[{'dayOfWeek': 1, 'from1': '06:30', 'to1': '22:00'}, {'dayOfWeek': 2, 'from1': '06:30', 'to1': '22:00'}, {'dayOfWeek': 3, 'from1': '06:30', 'to1': '22:00'}, {'dayOfWeek': 4, 'from1': '06:30', 'to1': '22:00'}, {'dayOfWeek': 5, 'from1': '06:30', 'to1': '22:00'}, {'dayOfWeek': 6, 'from1': '06:30', 'to1': '22:00'}, {'dayOfWeek': 7, 'from1': '06:30', 'to1': '22:00'}]",,True,+44 1373 467678,[],Somerset,[],1a Nunney Road,BA11 4LA,False,,,,
,2184059,"[{'text': 'Order with Uber Eats', 'url': 'https://www.ubereats.com/gb/brand/southern-co-op'}, {'text': 'Order with Just Eat', 'url': 'https://www.just-eat.co.uk/takeaway/brands/southern-coop'}]",Keynsham,UK,,,,4705254,322,[],51.4088791,-2.5072153,"The Co-operative Food Keynsham, Queens Road","[{'dayOfWeek': 1, 'from1': '06:30', 'to1': '22:30'}, {'dayOfWeek': 2, 'from1': '06:30', 'to1': '22:30'}, {'dayOfWeek': 3, 'from1': '06:30', 'to1': '22:30'}, {'dayOfWeek': 4, 'from1': '06:30', 'to1': '22:30'}, {'dayOfWeek': 5, 'from1': '06:30', 'to1': '22:30'}, {'dayOfWeek': 6, 'from1': '06:30', 'to1': '22:30'}, {'dayOfWeek': 7, 'from1': '06:30', 'to1': '22:30'}]",,True,+44 117 986 0079,[],Bath and North East Somerset,[],61 Queens Road,BS31 2NW,False,,,,
Ashley Heights,2184059,"[{'text': 'Order with Uber Eats', 'url': 'https://www.ubereats.com/gb/brand/southern-co-op'}, {'text': 'Order with Deliveroo', 'url': 'https://deliveroo.co.uk/menu/bristol/ashley-down-and-bishopston/southern-co-op-bristol-ashley-down'}]",Bristol,UK,,,,4705293,314,[],51.4773651,-2.5801386,"The Co-operative Food Bristol, Ashley Down Road","[{'dayOfWeek': 1, 'from1': '07:00', 'to1': '22:30'}, {'dayOfWeek': 2, 'from1': '07:00', 'to1': '22:30'}, {'dayOfWeek': 3, 'from1': '07:00', 'to1': '22:30'}, {'dayOfWeek': 4, 'from1': '07:00', 'to1': '22:30'}, {'dayOfWeek': 5, 'from1': '07:00', 'to1': '22:30'}, {'dayOfWeek': 6, 'from1': '07:00', 'to1': '22:30'}, {'dayOfWeek': 7, 'from1': '07:00', 'to1': '22:30'}]",,True,+44 117 942 8761,[],Bristol City,[],Ashley Down Road,BS7 9BU,False,,,,
,2184059,"[{'text': 'Order with Just Eat', 'url': 'https://www.just-eat.co.uk/takeaway/brands/southern-coop'}, {'text': 'Order with Deliveroo', 'url': 'https://deliveroo.co.uk/menu/bath/bradford-on-avon/southern-co-op-bradford-on-avon'}]",Bradford-on-Avon,UK,,,,4705300,249,[],51.35051,-2.25532,Co-op Food,"[{'dayOfWeek': 1, 'from1': '06:00', 'to1': '22:00'}, {'dayOfWeek': 2, 'from1': '06:00', 'to1': '22:00'}, {'dayOfWeek': 3, 'from1': '06:00', 'to1': '22:00'}, {'dayOfWeek': 4, 'from1': '06:00', 'to1': '22:00'}, {'dayOfWeek': 5, 'from1': '06:00', 'to1': '22:00'}, {'dayOfWeek': 6, 'from1': '06:00', 'to1': '22:00'}, {'dayOfWeek': 7, 'from1': '06:00', 'to1': '22:00'}]",Post Office is available during store opening hours,True,+44 1225 867182,[],Wiltshire,[],223 Winsley Road,BA15 1QT,False,,,,
Katherine Park,2184059,"[{'text': 'Order with Uber Eats', 'url': 'https://www.ubereats.com/gb/brand/southern-co-op'}, {'text': 'Order with Deliveroo', 'url': 'https://deliveroo.co.uk/menu/swindon/corsham-pickwick-town/southern-co-op-corsham'}]",Corsham,UK,,,,4705315,224,[],51.4285578,-2.2003555,"The Co-operative Food Corsham, Macie Drive","[{'dayOfWeek': 1, 'from1': '07:00', 'to1': '22:00'}, {'dayOfWeek': 2, 'from1': '07:00', 'to1': '22:00'}, {'dayOfWeek': 3, 'from1': '07:00', 'to1': '22:00'}, {'dayOfWeek': 4, 'from1': '07:00', 'to1': '22:00'}, {'dayOfWeek': 5, 'from1': '07:00', 'to1': '22:00'}, {'dayOfWeek': 6, 'from1': '07:00', 'to1': '22:00'}, {'dayOfWeek': 7, 'from1': '07:00', 'to1': '22:00'}]",,True,+44 1225 819945,[],Wiltshire,[],Macie Drive,SN13 9EJ,False,,,,
Totterdown,2184059,"[{'text': 'Order with Uber Eats', 'url': 'https://www.ubereats.com/gb/brand/southern-co-op'}, {'text': 'Order with Deliveroo', 'url': 'https://deliveroo.co.uk/menu/bristol/upper-knowle-and-totterdown/southern-co-op-bristol-wells-road'}]",Bristol,UK,,,,4705323,70,[],51.4400528,-2.573403,"The Co-operative Food Bristol, Wells Road","[{'dayOfWeek': 1, 'from1': '07:00', 'to1': '22:00'}, {'dayOfWeek': 2, 'from1': '07:00', 'to1': '22:00'}, {'dayOfWeek': 3, 'from1': '07:00', 'to1': '22:00'}, {'dayOfWeek': 4, 'from1': '07:00', 'to1': '22:00'}, {'dayOfWeek': 5, 'from1': '07:00', 'to1': '22:00'}, {'dayOfWeek': 6, 'from1': '07:00', 'to1': '22:00'}, {'dayOfWeek': 7, 'from1': '07:00', 'to1': '22:00'}]",,True,+44 117 971 1591,[],Bristol City,[],174-178 Wells Road,BS4 2AL,False,,,,
The Sycamores,2184059,"[{'text': 'Order with Just Eat', 'url': 'https://www.just-eat.co.uk/takeaway/brands/southern-coop'}]",Shaftesbury,UK,,,,4705328,193,[],51.0081334,-2.1856865,"The Co-operative Food Shaftesbury, Beaufoy Close","[{'dayOfWeek': 1, 'from1': '07:00', 'to1': '22:00'}, {'dayOfWeek': 2, 'from1': '07:00', 'to1': '22:00'}, {'dayOfWeek': 3, 'from1': '07:00', 'to1': '22:00'}, {'dayOfWeek': 4, 'from1': '07:00', 'to1': '22:00'}, {'dayOfWeek': 5, 'from1': '07:00', 'to1': '22:00'}, {'dayOfWeek': 6, 'from1': '07:00', 'to1': '22:00'}, {'dayOfWeek': 7, 'from1': '07:00', 'to1': '22:00'}]",,True,+44 1747 858393,[],Dorset,[],Beaufoy Close,SP7 8PT,False,,,,
Cheswick Village,2184059,"[{'text': 'Order with Uber Eats', 'url': 'https://www.ubereats.com/gb/brand/southern-co-op'}, {'text': 'Order with Deliveroo', 'url': 'https://deliveroo.co.uk/menu/bristol/lockleaze-and-cheswick/southern-co-op-bristol-longdown-avenue'}]",Bristol,UK,,,,4705337,371,[],51.5001345,-2.5609569,"The Co-operative Food Bristol, Long Down Avenue","[{'dayOfWeek': 1, 'from1': '07:00', 'to1': '22:00'}, {'dayOfWeek': 2, 'from1': '07:00', 'to1': '22:00'}, {'dayOfWeek': 3, 'from1': '07:00', 'to1': '22:00'}, {'dayOfWeek': 4, 'from1': '07:00', 'to1': '22:00'}, {'dayOfWeek': 5, 'from1': '07:00', 'to1': '22:00'}, {'dayOfWeek': 6, 'from1': '07:00', 'to1': '22:00'}, {'dayOfWeek': 7, 'from1': '07:00', 'to1': '22:00'}]",Post Office is available during store opening hours,True,+44 117 969 1959,[],South Gloucestershire,[],4 Long Down Avenue,BS16 1GU,False,,,,
The Square,2184059,"[{'text': 'Order with Uber Eats', 'url': 'https://www.ubereats.com/gb/brand/southern-co-op'}, {'text': 'Order with Deliveroo', 'url': 'https://deliveroo.co.uk/menu/bristol/redcliffe-quarter/southern-co-op-bristol-redcliffe-street'}]",Bristol,UK,,,,4705338,225,[],51.4506347,-2.5903574,"The Co-operative Food Bristol, Redcliffe Street","[{'dayOfWeek': 1, 'from1': '07:00', 'to1': '22:00'}, {'dayOfWeek': 2, 'from1': '07:00', 'to1': '22:00'}, {'dayOfWeek': 3, 'from1': '07:00', 'to1': '22:00'}, {'dayOfWeek': 4, 'from1': '07:00', 'to1': '22:00'}, {'dayOfWeek': 5, 'from1': '07:00', 'to1': '22:00'}, {'dayOfWeek': 6, 'from1': '07:00', 'to1': '22:00'}, {'dayOfWeek': 7, 'from1': '07:00', 'to1': '22:00'}]",,True,+44 117 945 0018,[],Bristol City,[],Redcliff Street,BS1 6LT,False,,,,
Station Road,2184059,"[{'text': 'Order with Just Eat', 'url': 'https://www.just-eat.co.uk/takeaway/brands/southern-coop'}]",Sturminster Newton,UK,,,,4705339,240,[],50.92764964,-2.30406216,The Co-operative Food Sturminster Newton,"[{'dayOfWeek': 1, 'from1': '07:00', 'to1': '22:00'}, {'dayOfWeek': 2, 'from1': '07:00', 'to1': '22:00'}, {'dayOfWeek': 3, 'from1': '07:00', 'to1': '22:00'}, {'dayOfWeek': 4, 'from1': '07:00', 'to1': '22:00'}, {'dayOfWeek': 5, 'from1': '07:00', 'to1': '22:00'}, {'dayOfWeek': 6, 'from1': '07:00', 'to1': '22:00'}, {'dayOfWeek': 7, 'from1': '10:00', 'to1': '16:00'}]",,True,+44 1258 473130,[],Dorset,[],Lower Market Way,DT10 1BB,False,,,,
,2184059,"[{'text': 'Order with Uber Eats', 'url': 'https://www.ubereats.com/gb/brand/southern-co-op'}, {'text': 'Order with Deliveroo', 'url': 'https://deliveroo.co.uk/menu/bath/claverton-street/southern-co-op-bath'}]",Bath,UK,,,,4705342,385,[],51.37649917,-2.35285139,"The Co-operative Food Bath, Widcombe Hill","[{'dayOfWeek': 1, 'from1': '07:00', 'to1': '22:30'}, {'dayOfWeek': 2, 'from1': '07:00', 'to1': '22:30'}, {'dayOfWeek': 3, 'from1': '07:00', 'to1': '22:30'}, {'dayOfWeek': 4, 'from1': '07:00', 'to1': '22:30'}, {'dayOfWeek': 5, 'from1': '07:00', 'to1': '22:30'}, {'dayOfWeek': 6, 'from1': '07:00', 'to1': '22:30'}, {'dayOfWeek': 7, 'from1': '07:00', 'to1': '22:30'}]",,True,+44 1225 469320,"[{'publicUrl': 'https://locator.uberall.com/uberall-userpics-prod-optimized/4705342/thumb_3Q3SqgMo38.jpg', 'type': 'PHOTO', 'description': None}]",Bath and North East Somerset,[],Widcombe Hill,BA2 6AA,False,,,,
Queen Victoria Memorial Hall,2184059,"[{'text': 'Order with Just Eat', 'url': 'https://www.just-eat.co.uk/takeaway/brands/southern-coop'}]",Mere,UK,,,,4705365,75,[],51.0900674,-2.2688994,The Co-operative Food Mere,"[{'dayOfWeek': 1, 'from1': '07:00', 'to1': '22:00'}, {'dayOfWeek': 2, 'from1': '07:00', 'to1': '22:00'}, {'dayOfWeek': 3, 'from1': '07:00', 'to1': '22:00'}, {'dayOfWeek': 4, 'from1': '07:00', 'to1': '22:00'}, {'dayOfWeek': 5, 'from1': '07:00', 'to1': '22:00'}, {'dayOfWeek': 6, 'from1': '07:00', 'to1': '22:00'}, {'dayOfWeek': 7, 'from1': '07:00', 'to1': '22:00'}]",,True,+44 1747 861203,[],Wiltshire,[],Church Street,BA12 6DJ,False,,,,
Pill,2184060,"[{'text': 'Order with Uber Eats', 'url': 'https://www.ubereats.com/gb/brand/southern-co-op'}]",Bristol,UK,,,,4705179,313,[],51.478891,-2.684626,The Co-operative Food Pill,"[{'dayOfWeek': 1, 'from1': '06:00', 'to1': '22:00'}, {'dayOfWeek': 2, 'from1': '06:00', 'to1': '22:00'}, {'dayOfWeek': 3, 'from1': '06:00', 'to1': '22:00'}, {'dayOfWeek': 4, 'from1': '06:00', 'to1': '22:00'}, {'dayOfWeek': 5, 'from1': '06:00', 'to1': '22:00'}, {'dayOfWeek': 6, 'from1': '06:00', 'to1': '22:00'}, {'dayOfWeek': 7, 'from1': '06:00', 'to1': '22:00'}]",,True,+44 1275 374846,"[{'publicUrl': 'https://locator.uberall.com/uberall-userpics-prod-optimized/4705179/thumb_9VVGZxOIIJ.jpg', 'type': 'PHOTO', 'description': None}]",North Somerset,[],1-2 Baltic Place,BS20 0EJ,False,,,,
,2184060,"[{'text': 'Order with Uber Eats', 'url': 'https://www.ubereats.com/gb/brand/southern-co-op'}, {'text': 'Order with Deliveroo', 'url': 'https://deliveroo.co.uk/menu/exeter/redhills/southern-co-op-exeter-buddle-lane'}]",Exeter,UK,,,,4705184,334,[],50.7205693,-3.5497812,"The Co-operative Food Exeter, Buddle Lane","[{'dayOfWeek': 1, 'from1': '06:30', 'to1': '22:00'}, {'dayOfWeek': 2, 'from1': '06:30', 'to1': '22:00'}, {'dayOfWeek': 3, 'from1': '06:30', 'to1': '22:00'}, {'dayOfWeek': 4, 'from1': '06:30', 'to1': '22:00'}, {'dayOfWeek': 5, 'from1': '06:30', 'to1': '22:00'}, {'dayOfWeek': 6, 'from1': '06:30', 'to1': '22:00'}, {'dayOfWeek': 7, 'from1': '06:30', 'to1': '22:00'}]",,True,+44 1392 413339,"[{'publicUrl': 'https://locator.uberall.com/uberall-userpics-prod-optimized/4705184/thumb_dJxyIFBdkq.jpg', 'type': 'PHOTO', 'description': None}]",Devon,[],103 Buddle Lane,EX4 1QT,False,,,,
,2184060,"[{'text': 'Order with Uber Eats', 'url': 'https://www.ubereats.com/gb/brand/southern-co-op'}, {'text': 'Order with Deliveroo', 'url': 'https://deliveroo.co.uk/menu/exeter/exmouth/southern-co-op-exmouth-exeter-road'}]",Exmouth,UK,,,,4705185,358,[],50.63204961,-3.40989565,"The Co-operative Food Exmouth, Exeter Road","[{'dayOfWeek': 1, 'from1': '06:30', 'to1': '22:00'}, {'dayOfWeek': 2, 'from1': '06:30', 'to1': '22:00'}, {'dayOfWeek': 3, 'from1': '06:30', 'to1': '22:00'}, {'dayOfWeek': 4, 'from1': '06:30', 'to1': '22:00'}, {'dayOfWeek': 5, 'from1': '06:30', 'to1': '22:00'}, {'dayOfWeek': 6, 'from1': '06:30', 'to1': '22:00'}, {'dayOfWeek': 7, 'from1': '06:30', 'to1': '22:00'}]",,True,+44 1395 275570,[],Devon,[],190B Exeter Road,EX8 3EA,False,,,,
,2184060,"[{'text': 'Order with Just Eat', 'url': 'https://www.just-eat.co.uk/takeaway/brands/southern-coop'}]",Bristol,UK,,,,4705231,177,[],51.42894492,-2.77669007,"The Co-operative Food Nailsea, Hannah More Road","[{'dayOfWeek': 1, 'from1': '07:00', 'to1': '22:00'}, {'dayOfWeek': 2, 'from1': '07:00', 'to1': '22:00'}, {'dayOfWeek': 3, 'from1': '07:00', 'to1': '22:00'}, {'dayOfWeek': 4, 'from1': '07:00', 'to1': '22:00'}, {'dayOfWeek': 5, 'from1': '07:00', 'to1': '22:00'}, {'dayOfWeek': 6, 'from1': '07:00', 'to1': '22:00'}, {'dayOfWeek': 7, 'from1': '07:00', 'to1': '22:00'}]",,True,+44 1275 855620,"[{'publicUrl': 'https://locator.uberall.com/uberall-userpics-prod-optimized/4705231/thumb_fjg7YfyXN6.jpg', 'type': 'PHOTO', 'description': None}]",North Somerset,[],6 Hannah More Road,BS48 4RZ,False,,,,
,2184060,"[{'text': 'Order with Just Eat', 'url': 'https://www.just-eat.co.uk/takeaway/brands/southern-coop'}, {'text': 'Order with Deliveroo', 'url': 'https://deliveroo.co.uk/menu/bristol/woolvers-hill/southern-co-op-banwell'}]",Banwell,UK,,,,4705234,372,[],51.3299748,-2.8760835,"The Co-operative Food Banwell, Knightcott Road","[{'dayOfWeek': 1, 'from1': '07:00', 'to1': '22:00'}, {'dayOfWeek': 2, 'from1': '07:00', 'to1': '22:00'}, {'dayOfWeek': 3, 'from1': '07:00', 'to1': '22:00'}, {'dayOfWeek': 4, 'from1': '07:00', 'to1': '22:00'}, {'dayOfWeek': 5, 'from1': '07:00', 'to1': '22:00'}, {'dayOfWeek': 6, 'from1': '07:00', 'to1': '22:00'}, {'dayOfWeek': 7, 'from1': '07:00', 'to1': '22:00'}]",,True,+44 1934 914202,"[{'publicUrl': 'https://locator.uberall.com/uberall-userpics-prod-optimized/4705234/thumb_UrRsfHWaGy.jpg', 'type': 'PHOTO', 'description': None}]",North Somerset,[],44 Knightcott Road,BS29 6HF,False,,,,
Unit 1,2184060,"[{'text': 'Order with Uber Eats', 'url': 'https://www.ubereats.com/gb/brand/southern-co-op'}, {'text': 'Order with Deliveroo', 'url': 'https://deliveroo.co.uk/menu/taunton-central/bridgwater/southern-co-op-bridgewater'}]",Bridgwater,UK,,,,4705249,335,[],51.10886899,-2.99955462,"The Co-operative Food Bridgwater, Stockmoor Road","[{'dayOfWeek': 1, 'from1': '07:00', 'to1': '22:00'}, {'dayOfWeek': 2, 'from1': '07:00', 'to1': '22:00'}, {'dayOfWeek': 3, 'from1': '07:00', 'to1': '22:00'}, {'dayOfWeek': 4, 'from1': '07:00', 'to1': '22:00'}, {'dayOfWeek': 5, 'from1': '07:00', 'to1': '22:00'}, {'dayOfWeek': 6, 'from1': '07:00', 'to1': '22:00'}, {'dayOfWeek': 7, 'from1': '07:00', 'to1': '22:00'}]",,True,+44 1278 429234,"[{'publicUrl': 'https://locator.uberall.com/uberall-userpics-prod-optimized/4705249/thumb_LAlsCggDUt.jpg', 'type': 'PHOTO', 'description': None}]",Somerset,[],Stockmoor Drive,TA6 6WU,False,,,,
Norton Fitzwarren,2184060,"[{'text': 'Order with Just Eat', 'url': 'https://www.just-eat.co.uk/takeaway/brands/southern-coop'}, {'text': 'Order with Deliveroo', 'url': 'https://deliveroo.co.uk/menu/taunton-central/norton-fitzwarren/southern-co-op-norton-fitzwarren'}]",Taunton,UK,,,,4705278,318,[],51.026274,-3.1488356,"The Co-operative Food Norton Fitzwarren, Morse Road","[{'dayOfWeek': 1, 'from1': '07:00', 'to1': '22:00'}, {'dayOfWeek': 2, 'from1': '07:00', 'to1': '22:00'}, {'dayOfWeek': 3, 'from1': '07:00', 'to1': '22:00'}, {'dayOfWeek': 4, 'from1': '07:00', 'to1': '22:00'}, {'dayOfWeek': 5, 'from1': '07:00', 'to1': '22:00'}, {'dayOfWeek': 6, 'from1': '07:00', 'to1': '22:00'}, {'dayOfWeek': 7, 'from1': '07:00', 'to1': '22:00'}]",,True,+44 1823 330774,"[{'publicUrl': 'https://locator.uberall.com/uberall-userpics-prod-optimized/4705278/thumb_5X6F4UT5qe.jpg', 'type': 'PHOTO', 'description': None}]",Somerset,[],Morse Road,TA2 6DG,False,,,,
,2184060,"[{'text': 'Order with Just Eat', 'url': 'https://www.just-eat.co.uk/takeaway/brands/southern-coop'}]",Taunton,UK,,,,4705283,226,[],51.03929631,-3.18730048,"The Co-operative Food Cotford St Luke, Graham Way","[{'dayOfWeek': 1, 'from1': '07:00', 'to1': '22:00'}, {'dayOfWeek': 2, 'from1': '07:00', 'to1': '22:00'}, {'dayOfWeek': 3, 'from1': '07:00', 'to1': '22:00'}, {'dayOfWeek': 4, 'from1': '07:00', 'to1': '22:00'}, {'dayOfWeek': 5, 'from1': '07:00', 'to1': '22:00'}, {'dayOfWeek': 6, 'from1': '07:00', 'to1': '22:00'}, {'dayOfWeek': 7, 'from1': '07:00', 'to1': '22:00'}]",,True,+44 1823 432720,[],Somerset,[],82 Graham Way,TA4 1HX,False,,,,
,2184060,"[{'text': 'Order with Just Eat', 'url': 'https://www.just-eat.co.uk/takeaway/brands/southern-coop'}]",Portland,UK,,,,4705307,192,[],50.54094144,-2.44447453,"The Co-operative Food Portland, Weston Road","[{'dayOfWeek': 1, 'from1': '06:30', 'to1': '22:00'}, {'dayOfWeek': 2, 'from1': '06:30', 'to1': '22:00'}, {'dayOfWeek': 3, 'from1': '06:30', 'to1': '22:00'}, {'dayOfWeek': 4, 'from1': '06:30', 'to1': '22:00'}, {'dayOfWeek': 5, 'from1': '06:30', 'to1': '22:00'}, {'dayOfWeek': 6, 'from1': '06:30', 'to1': '22:00'}, {'dayOfWeek': 7, 'from1': '06:30', 'to1': '22:00'}]",Post Office is available during store opening hours,True,+44 1305 824759,"[{'publicUrl': 'https://locator.uberall.com/uberall-userpics-prod-optimized/4705307/thumb_N3mM7PJdUW.jpg', 'type': 'PHOTO', 'description': None}]",Dorset,[],11B Weston Road,DT5 2BY,False,,,,
,2184060,"[{'text': 'Order with Just Eat', 'url': 'https://www.just-eat.co.uk/takeaway/brands/southern-coop'}]",Exeter,UK,,,,4705314,373,[],50.7475484,-3.4154472,"The Co-operative Food Cranbrook, Younghayes Road","[{'dayOfWeek': 1, 'from1': '06:30', 'to1': '22:30'}, {'dayOfWeek': 2, 'from1': '06:30', 'to1': '22:30'}, {'dayOfWeek': 3, 'from1': '06:30', 'to1': '22:30'}, {'dayOfWeek': 4, 'from1': '06:30', 'to1': '22:30'}, {'dayOfWeek': 5, 'from1': '06:30', 'to1': '22:30'}, {'dayOfWeek': 6, 'from1': '06:30', 'to1': '22:30'}, {'dayOfWeek': 7, 'from1': '06:30', 'to1': '22:30'}]",Post Office is available during store opening hours,True,+44 1404 510648,"[{'publicUrl': 'https://locator.uberall.com/uberall-userpics-prod-optimized/4705314/thumb_opqHeFWWss.jpg', 'type': 'PHOTO', 'description': None}]",Devon,[],147 Younghayes Road,EX5 7EA,False,,,,
,2184060,"[{'text': 'Order with Uber Eats', 'url': 'https://www.ubereats.com/gb/brand/southern-co-op'}, {'text': 'Order with Deliveroo', 'url': 'https://deliveroo.co.uk/menu/exeter/exmouth/southern-co-op-exmouth-brixington-parade'}]",Exmouth,UK,,,,4705325,377,[],50.63666109,-3.39135294,"The Co-operative Food Exmouth, Brixington Parade","[{'dayOfWeek': 1, 'from1': '07:00', 'to1': '22:00'}, {'dayOfWeek': 2, 'from1': '07:00', 'to1': '22:00'}, {'dayOfWeek': 3, 'from1': '07:00', 'to1': '22:00'}, {'dayOfWeek': 4, 'from1': '07:00', 'to1': '22:00'}, {'dayOfWeek': 5, 'from1': '07:00', 'to1': '22:00'}, {'dayOfWeek': 6, 'from1': '07:00', 'to1': '22:00'}, {'dayOfWeek': 7, 'from1': '07:00', 'to1': '22:00'}]",Post Office is available during store opening hours,True,+44 1395 274224,"[{'publicUrl': 'https://locator.uberall.com/uberall-userpics-prod-optimized/4705325/thumb_XBjIIbgabz.jpg', 'type': 'PHOTO', 'description': None}]",Devon,[],Brixington Lane,EX8 4JS,False,,,,
Port Marine,2184060,"[{'text': 'Order with Just Eat', 'url': 'https://www.just-eat.co.uk/takeaway/brands/southern-coop'}]",Bristol,UK,,,,4705329,391,[],51.49098925,-2.75698079,"The Co-operative Food Portishead, Port Marine","[{'dayOfWeek': 1, 'from1': '07:00', 'to1': '22:00'}, {'dayOfWeek': 2, 'from1': '07:00', 'to1': '22:00'}, {'dayOfWeek': 3, 'from1': '07:00', 'to1': '22:00'}, {'dayOfWeek': 4, 'from1': '07:00', 'to1': '22:00'}, {'dayOfWeek': 5, 'from1': '07:00', 'to1': '22:00'}, {'dayOfWeek': 6, 'from1': '07:00', 'to1': '22:00'}, {'dayOfWeek': 7, 'from1': '08:00', 'to1': '22:00'}]",,True,+44 1275 848953,"[{'publicUrl': 'https://locator.uberall.com/uberall-userpics-prod-optimized/4705329/thumb_ld0zntbgjC.jpg', 'type': 'PHOTO', 'description': None}]",North Somerset,[],319 Newfoundland Way,BS20 7QH,False,,,,
,2184060,"[{'text': 'Order with Just Eat', 'url': 'https://www.just-eat.co.uk/takeaway/brands/southern-coop'}]",Burnham-on-Sea,UK,,,,4705352,405,[],51.258503,-3.005368,"The Co-operative Food Burnham on Sea, Berrow Road","[{'dayOfWeek': 1, 'from1': '07:00', 'to1': '22:00'}, {'dayOfWeek': 2, 'from1': '07:00', 'to1': '22:00'}, {'dayOfWeek': 3, 'from1': '07:00', 'to1': '22:00'}, {'dayOfWeek': 4, 'from1': '07:00', 'to1': '22:00'}, {'dayOfWeek': 5, 'from1': '07:00', 'to1': '22:00'}, {'dayOfWeek': 6, 'from1': '07:00', 'to1': '22:00'}, {'dayOfWeek': 7, 'from1': '07:00', 'to1': '22:00'}]",,True,+44 1278 786969,"[{'publicUrl': 'https://locator.uberall.com/uberall-userpics-prod-optimized/4705352/thumb_fv7nPfFOOh.jpg', 'type': 'PHOTO', 'description': None}]",Somerset,[],229 Berrow Road,TA8 2JQ,False,,,,
,2184060,"[{'text': 'Order with Uber Eats', 'url': 'https://www.ubereats.com/gb/brand/southern-co-op'}, {'text': 'Order with Just Eat', 'url': 'https://www.just-eat.co.uk/takeaway/brands/southern-coop'}]",Weymouth,UK,,,,4705359,409,[],50.60897862,-2.47990392,"The Co-operative Food Weymouth, Chickerell Road","[{'dayOfWeek': 1, 'from1': '06:30', 'to1': '22:00'}, {'dayOfWeek': 2, 'from1': '06:30', 'to1': '22:00'}, {'dayOfWeek': 3, 'from1': '06:30', 'to1': '22:00'}, {'dayOfWeek': 4, 'from1': '06:30', 'to1': '22:00'}, {'dayOfWeek': 5, 'from1': '06:30', 'to1': '22:00'}, {'dayOfWeek': 6, 'from1': '06:30', 'to1': '22:00'}, {'dayOfWeek': 7, 'from1': '06:30', 'to1': '22:00'}]",,True,+44 1305 773034,"[{'publicUrl': 'https://locator.uberall.com/uberall-userpics-prod-optimized/4705359/thumb_K4S9tm4nMF.jpg', 'type': 'PHOTO', 'description': None}]",Dorset,[],Chickerell Road,DT4 0RA,False,,,,
"Bow, Burston Road",2184060,"[{'text': 'Order with Just Eat', 'url': 'https://www.just-eat.co.uk/takeaway/brands/southern-coop'}]",Crediton,UK,,,,4705364,152,[],50.8010782,-3.82621409,The Co-operative Food Bow,"[{'dayOfWeek': 1, 'from1': '07:00', 'to1': '22:00'}, {'dayOfWeek': 2, 'from1': '07:00', 'to1': '22:00'}, {'dayOfWeek': 3, 'from1': '07:00', 'to1': '22:00'}, {'dayOfWeek': 4, 'from1': '07:00', 'to1': '22:00'}, {'dayOfWeek': 5, 'from1': '07:00', 'to1': '22:00'}, {'dayOfWeek': 6, 'from1': '07:00', 'to1': '22:00'}, {'dayOfWeek': 7, 'from1': '07:00', 'to1': '22:00'}]",,True,+44 1363 720383,[],Devon,[],A3072,EX17 6LA,False,,,,
,2184061,"[{'text': 'Order with Uber Eats', 'url': 'https://www.ubereats.com/gb/brand/southern-co-op'}, {'text': 'Order with Deliveroo', 'url': 'https://deliveroo.co.uk/menu/camberley/aldershot/southern-co-op-aldershot-lower-farnham-road'}]",Aldershot,UK,,,,4705199,330,[],51.23725112,-0.75200755,"The Co-operative Food Aldershot, Lower Farnham Road","[{'dayOfWeek': 1, 'from1': '06:30', 'to1': '22:00'}, {'dayOfWeek': 2, 'from1': '06:30', 'to1': '22:00'}, {'dayOfWeek': 3, 'from1': '06:30', 'to1': '22:00'}, {'dayOfWeek': 4, 'from1': '06:30', 'to1': '22:00'}, {'dayOfWeek': 5, 'from1': '06:30', 'to1': '22:00'}, {'dayOfWeek': 6, 'from1': '06:30', 'to1': '22:00'}, {'dayOfWeek': 7, 'from1': '06:30', 'to1': '22:00'}]",,True,+44 1252 316748,"[{'publicUrl': 'https://locator.uberall.com/uberall-userpics-prod-optimized/4705199/thumb_jQU8HmZitz.jpg', 'type': 'PHOTO', 'description': None}]",Hampshire,[],222 Lower Farnham Road,GU12 4EN,False,,,,
,2184061,"[{'text': 'Order with Uber Eats', 'url': 'https://www.ubereats.com/gb/brand/southern-co-op'}]",Banstead,UK,,,,4705240,172,[],51.3282372,-0.2152736,"The Co-operative Food Banstead, Nork Way","[{'dayOfWeek': 1, 'from1': '06:30', 'to1': '22:00'}, {'dayOfWeek': 2, 'from1': '06:30', 'to1': '22:00'}, {'dayOfWeek': 3, 'from1': '06:30', 'to1': '22:00'}, {'dayOfWeek': 4, 'from1': '06:30', 'to1': '22:00'}, {'dayOfWeek': 5, 'from1': '06:30', 'to1': '22:00'}, {'dayOfWeek': 6, 'from1': '06:30', 'to1': '22:00'}, {'dayOfWeek': 7, 'from1': '06:30', 'to1': '22:00'}]",,True,+44 1737 354631,"[{'publicUrl': 'https://locator.uberall.com/uberall-userpics-prod-optimized/4705240/thumb_NiI5OnDHWI.jpg', 'type': 'PHOTO', 'description': None}]",Surrey,[],1 Nork Way,SM7 1PB,False,,,,
,2184061,"[{'text': 'Order with Uber Eats', 'url': 'https://www.ubereats.com/gb/brand/southern-co-op'}, {'text': 'Order with Deliveroo', 'url': 'https://deliveroo.co.uk/menu/london/chessington/southern-co-op-west-ewell'}]",Epsom,UK,,,,4705289,319,[],51.36392135,-0.2745555,"The Co-operative Food West Ewell, Ruxley Lane","[{'dayOfWeek': 1, 'from1': '07:00', 'to1': '22:00'}, {'dayOfWeek': 2, 'from1': '07:00', 'to1': '22:00'}, {'dayOfWeek': 3, 'from1': '07:00', 'to1': '22:00'}, {'dayOfWeek': 4, 'from1': '07:00', 'to1': '22:00'}, {'dayOfWeek': 5, 'from1': '07:00', 'to1': '22:00'}, {'dayOfWeek': 6, 'from1': '07:00', 'to1': '22:00'}, {'dayOfWeek': 7, 'from1': '07:00', 'to1': '22:00'}]",,True,+44 20 8397 4528,"[{'publicUrl': 'https://locator.uberall.com/uberall-userpics-prod-optimized/4705289/thumb_Jhez8rXRsW.jpg', 'type': 'PHOTO', 'description': None}]",Surrey,[],138 Ruxley Lane,KT19 9JS,False,,,,
,2184061,"[{'text': 'Order with Just Eat', 'url': 'https://www.just-eat.co.uk/takeaway/brands/southern-coop'}, {'text': 'Order with Deliveroo', 'url': 'https://deliveroo.co.uk/menu/london/chobham/southern-co-op-chobham'}]",Chobham,UK,,,,4705301,326,[],51.3479806,-0.6043504,The Co-operative Food Chobham,"[{'dayOfWeek': 1, 'from1': '07:00', 'to1': '22:00'}, {'dayOfWeek': 2, 'from1': '07:00', 'to1': '22:00'}, {'dayOfWeek': 3, 'from1': '07:00', 'to1': '22:00'}, {'dayOfWeek': 4, 'from1': '07:00', 'to1': '22:00'}, {'dayOfWeek': 5, 'from1': '07:00', 'to1': '22:00'}, {'dayOfWeek': 6, 'from1': '07:00', 'to1': '22:00'}, {'dayOfWeek': 7, 'from1': '07:00', 'to1': '22:00'}]",,True,+44 1276 855298,"[{'publicUrl': 'https://locator.uberall.com/uberall-userpics-prod-optimized/4705301/thumb_33ABYHtgw7.jpg', 'type': 'PHOTO', 'description': None}]",Surrey,[],2 Bagshot Road,GU24 8BZ,False,,,,
,2184061,"[{'text': 'Order with Uber Eats', 'url': 'https://www.ubereats.com/gb/brand/southern-co-op'}, {'text': 'Order with Deliveroo', 'url': 'https://deliveroo.co.uk/menu/london/windsor-and-eton/southern-co-op-windsor'}]",Windsor,UK,,,,4705318,176,[],51.4826026,-0.6153862,"The Co-operative Food Windsor, Arthur Road","[{'dayOfWeek': 1, 'from1': '06:30', 'to1': '22:00'}, {'dayOfWeek': 2, 'from1': '06:30', 'to1': '22:00'}, {'dayOfWeek': 3, 'from1': '06:30', 'to1': '22:00'}, {'dayOfWeek': 4, 'from1': '06:30', 'to1': '22:00'}, {'dayOfWeek': 5, 'from1': '06:30', 'to1': '22:00'}, {'dayOfWeek': 6, 'from1': '06:30', 'to1': '22:00'}, {'dayOfWeek': 7, 'from1': '06:30', 'to1': '22:00'}]",,True,+44 1753 865167,"[{'publicUrl': 'https://locator.uberall.com/uberall-userpics-prod-optimized/4705318/thumb_JiuROgppK9.jpg', 'type': 'PHOTO', 'description': None}]",Berkshire,[],72-74 Arthur Road,SL4 1RX,False,,,,
Tanfield Centre,2184061,"[{'text': 'Order with Uber Eats', 'url': 'https://www.ubereats.com/gb/brand/southern-co-op'}, {'text': 'Order with Deliveroo', 'url': 'https://deliveroo.co.uk/menu/crawley/horsham/southern-co-op-horsham-guildford-road'}]",Horsham,UK,,,,4705320,317,[],51.0647645,-0.33779118,"The Co-operative Food Horsham, Guildford Road","[{'dayOfWeek': 1, 'from1': '07:00', 'to1': '22:00'}, {'dayOfWeek': 2, 'from1': '07:00', 'to1': '22:00'}, {'dayOfWeek': 3, 'from1': '07:00', 'to1': '22:00'}, {'dayOfWeek': 4, 'from1': '07:00', 'to1': '22:00'}, {'dayOfWeek': 5, 'from1': '07:00', 'to1': '22:00'}, {'dayOfWeek': 6, 'from1': '07:00', 'to1': '22:00'}, {'dayOfWeek': 7, 'from1': '07:00', 'to1': '22:00'}]",,True,+44 1403 262751,[],West Sussex,[],Guildford Road,RH12 1TR,False,,,,
,2184061,"[{'text': 'Order with Uber Eats', 'url': 'https://www.ubereats.com/gb/brand/southern-co-op'}, {'text': 'Order with Deliveroo', 'url': 'https://deliveroo.co.uk/menu/london/addlestone/southern-co-op-addlestone-church-road'}]",Addlestone,UK,,,,4705324,383,[],51.36952561,-0.49874258,"The Co-operative Food Addlestone, Church Road","[{'dayOfWeek': 1, 'from1': '07:00', 'to1': '22:00'}, {'dayOfWeek': 2, 'from1': '07:00', 'to1': '22:00'}, {'dayOfWeek': 3, 'from1': '07:00', 'to1': '22:00'}, {'dayOfWeek': 4, 'from1': '07:00', 'to1': '22:00'}, {'dayOfWeek': 5, 'from1': '07:00', 'to1': '22:00'}, {'dayOfWeek': 6, 'from1': '07:00', 'to1': '22:00'}, {'dayOfWeek': 7, 'from1': '07:00', 'to1': '22:00'}]",,True,+44 1932 850804,"[{'publicUrl': 'https://locator.uberall.com/uberall-userpics-prod-optimized/4705324/thumb_k5kLbiBleH.png', 'type': 'PHOTO', 'description': None}]",Surrey,[],100-106 Church Road,KT15 1SG,False,,,,
Trinity House,2184061,"[{'text': 'Order with Uber Eats', 'url': 'https://www.ubereats.com/gb/brand/southern-co-op'}, {'text': 'Order with Deliveroo', 'url': 'https://deliveroo.co.uk/menu/crawley/reigate/southern-co-op-reigate'}]",Reigate,UK,,,,4705331,370,[],51.24244412,-0.2053619,"The Co-operative Food Reigate, London Road","[{'dayOfWeek': 1, 'from1': '07:00', 'to1': '22:00'}, {'dayOfWeek': 2, 'from1': '07:00', 'to1': '22:00'}, {'dayOfWeek': 3, 'from1': '07:00', 'to1': '22:00'}, {'dayOfWeek': 4, 'from1': '07:00', 'to1': '22:00'}, {'dayOfWeek': 5, 'from1': '07:00', 'to1': '22:00'}, {'dayOfWeek': 6, 'from1': '07:00', 'to1': '22:00'}, {'dayOfWeek': 7, 'from1': '07:00', 'to1': '22:00'}]",,True,+44 1737 226720,"[{'publicUrl': 'https://locator.uberall.com/uberall-userpics-prod-optimized/4705331/thumb_4VZirNWy1h.png', 'type': 'PHOTO', 'description': None}]",Surrey,[],61 London Road,RH2 9PR,False,,,,
,2184061,"[{'text': 'Order with Uber Eats', 'url': 'https://www.ubereats.com/gb/brand/southern-co-op'}, {'text': 'Order with Deliveroo', 'url': 'https://deliveroo.co.uk/menu/london/staines/southern-co-op-staines'}]",Staines,UK,,,,4705341,394,[],51.42071461,-0.49976955,"The Co-operative Food Staines, Laleham Road","[{'dayOfWeek': 1, 'from1': '07:00', 'to1': '22:00'}, {'dayOfWeek': 2, 'from1': '07:00', 'to1': '22:00'}, {'dayOfWeek': 3, 'from1': '07:00', 'to1': '22:00'}, {'dayOfWeek': 4, 'from1': '07:00', 'to1': '22:00'}, {'dayOfWeek': 5, 'from1': '07:00', 'to1': '22:00'}, {'dayOfWeek': 6, 'from1': '07:00', 'to1': '22:00'}, {'dayOfWeek': 7, 'from1': '07:00', 'to1': '22:00'}]",,True,+44 1784 455305,[],Surrey,[],194a Laleham Road,TW18 2PA,False,,,,
,2184061,"[{'text': 'Order with Uber Eats', 'url': 'https://www.ubereats.com/gb/brand/southern-co-op'}, {'text': 'Order with Deliveroo', 'url': 'https://deliveroo.co.uk/menu/london/addlestone/southern-co-op-addlestone-new-haw-road'}]",Addlestone,UK,,,,4705348,384,[],51.3579204,-0.48692964,"The Co-operative Food Addlestone, New Haw Road","[{'dayOfWeek': 1, 'from1': '07:00', 'to1': '22:00'}, {'dayOfWeek': 2, 'from1': '07:00', 'to1': '22:00'}, {'dayOfWeek': 3, 'from1': '07:00', 'to1': '22:00'}, {'dayOfWeek': 4, 'from1': '07:00', 'to1': '22:00'}, {'dayOfWeek': 5, 'from1': '07:00', 'to1': '22:00'}, {'dayOfWeek': 6, 'from1': '07:00', 'to1': '22:00'}, {'dayOfWeek': 7, 'from1': '07:00', 'to1': '22:00'}]",Post Office is available during store opening hours,True,+44 1932 847239,"[{'publicUrl': 'https://locator.uberall.com/uberall-userpics-prod-optimized/4705348/thumb_VzX8xxnxQ3.jpg', 'type': 'PHOTO', 'description': None}]",Surrey,[],210 New Haw Road,KT15 2DS,False,,,,
,2184061,"[{'text': 'Order with Uber Eats', 'url': 'https://www.ubereats.com/gb/brand/southern-co-op'}, {'text': 'Order with Deliveroo', 'url': 'https://deliveroo.co.uk/menu/camberley/binfield/southern-co-op-binfield'}]",Binfield,UK,,,,4705354,382,[],51.43131057,-0.78978204,"The Co-operative Food Binfield, Forest Road","[{'dayOfWeek': 1, 'from1': '07:00', 'to1': '22:00'}, {'dayOfWeek': 2, 'from1': '07:00', 'to1': '22:00'}, {'dayOfWeek': 3, 'from1': '07:00', 'to1': '22:00'}, {'dayOfWeek': 4, 'from1': '07:00', 'to1': '22:00'}, {'dayOfWeek': 5, 'from1': '07:00', 'to1': '22:00'}, {'dayOfWeek': 6, 'from1': '07:00', 'to1': '22:00'}, {'dayOfWeek': 7, 'from1': '07:00', 'to1': '22:00'}]",,True,+44 1344 360952,"[{'publicUrl': 'https://locator.uberall.com/uberall-userpics-prod-optimized/4705354/thumb_g0CUSTh94S.jpg', 'type': 'PHOTO', 'description': None}]",Berkshire,[],Forest Road,RG42 4HP,False,,,,
,2184061,"[{'text': 'Order with Uber Eats', 'url': 'https://www.ubereats.com/gb/brand/southern-co-op'}, {'text': 'Order with Deliveroo', 'url': 'https://deliveroo.co.uk/menu/london/lamorbey/southern-co-op-sidcup'}]",Sidcup,UK,,,,4705357,340,[],51.4455449,0.1031574,"The Co-operative Food Sidcup, The Oval","[{'dayOfWeek': 1, 'from1': '07:00', 'to1': '22:00'}, {'dayOfWeek': 2, 'from1': '07:00', 'to1': '22:00'}, {'dayOfWeek': 3, 'from1': '07:00', 'to1': '22:00'}, {'dayOfWeek': 4, 'from1': '07:00', 'to1': '22:00'}, {'dayOfWeek': 5, 'from1': '07:00', 'to1': '22:00'}, {'dayOfWeek': 6, 'from1': '07:00', 'to1': '22:00'}, {'dayOfWeek': 7, 'from1': '07:00', 'to1': '22:00'}]",,True,+44 20 8300 8839,"[{'publicUrl': 'https://locator.uberall.com/uberall-userpics-prod-optimized/4705357/thumb_36MHumkTzJ.jpg', 'type': 'PHOTO', 'description': None}]",Greater London,[],51 The Oval,DA15 9ER,False,,,,
,2184061,"[{'text': 'Order with Uber Eats', 'url': 'https://www.ubereats.com/gb/brand/southern-co-op'}, {'text': 'Order with Deliveroo', 'url': 'https://deliveroo.co.uk/menu/london/wimbledon/southern-co-op-wimbledon'}]",London,UK,,,,4705367,404,[],51.4210276,-0.2202201,"The Co-operative Food Wimbledon, Ridgway","[{'dayOfWeek': 1, 'from1': '07:00', 'to1': '22:00'}, {'dayOfWeek': 2, 'from1': '07:00', 'to1': '22:00'}, {'dayOfWeek': 3, 'from1': '07:00', 'to1': '22:00'}, {'dayOfWeek': 4, 'from1': '07:00', 'to1': '22:00'}, {'dayOfWeek': 5, 'from1': '07:00', 'to1': '22:00'}, {'dayOfWeek': 6, 'from1': '07:00', 'to1': '22:00'}, {'dayOfWeek': 7, 'from1': '07:00', 'to1': '22:00'}]",,True,+44 20 8947 7420,"[{'publicUrl': 'https://locator.uberall.com/uberall-userpics-prod-optimized/4705367/thumb_zG3YviRYMG.jpg', 'type': 'PHOTO', 'description': None}]",Greater London,[],85 Ridgway,SW19 4ST,False,,,,
Wickhurst Square,2184061,"[{'text': 'Order with Uber Eats', 'url': 'https://www.ubereats.com/gb/brand/southern-co-op'}, {'text': 'Order with Deliveroo', 'url': 'https://deliveroo.co.uk/menu/crawley/horsham/southern-co-op-horsham-broadbridge-heath'}]",Horsham,UK,,,,4705370,425,[],51.06663683,-0.36391122,The Co-operative Food Wickhurst Square,"[{'dayOfWeek': 1, 'from1': '07:00', 'to1': '22:00'}, {'dayOfWeek': 2, 'from1': '07:00', 'to1': '22:00'}, {'dayOfWeek': 3, 'from1': '07:00', 'to1': '22:00'}, {'dayOfWeek': 4, 'from1': '07:00', 'to1': '22:00'}, {'dayOfWeek': 5, 'from1': '07:00', 'to1': '22:00'}, {'dayOfWeek': 6, 'from1': '07:00', 'to1': '22:00'}, {'dayOfWeek': 7, 'from1': '07:00', 'to1': '22:00'}]",,True,+44 1403 243335,"[{'publicUrl': 'https://locator.uberall.com/uberall-userpics-prod-optimized/4705370/thumb_ho659HueMm.jpg', 'type': 'PHOTO', 'description': None}]",West Sussex,[],Sargent Way,RH12 3XS,False,,,,
Guildford,2184061,"[{'text': 'Order with Deliveroo', 'url': 'https://deliveroo.co.uk/menu/london/central-guildford/southern-co-op-guildford'}]",Surrey,UK,,,,4969604,428,[],51.242884,-0.5758534,The Co-operative Woodbridge Road,"[{'dayOfWeek': 1, 'from1': '06:00', 'to1': '24:00'}, {'dayOfWeek': 2, 'from1': '06:00', 'to1': '24:00'}, {'dayOfWeek': 3, 'from1': '06:00', 'to1': '24:00'}, {'dayOfWeek': 4, 'from1': '06:00', 'to1': '24:00'}, {'dayOfWeek': 5, 'from1': '06:00', 'to1': '24:00'}, {'dayOfWeek': 6, 'from1': '06:00', 'to1': '24:00'}, {'dayOfWeek': 7, 'from1': '07:00', 'to1': '23:00'}]","Post Office is available during store opening hours.

In partnership with Wenzel's Bakery.",True,+44 1483 504603,"[{'publicUrl': 'https://locator.uberall.com/uberall-userpics-prod-optimized/4969604/thumb_JOAmDdFNxE.jpeg', 'type': 'INTERIOR', 'description': None}]",Surrey,[],45 Woodbridge Road,GU1 4RN,False,,,,
,2184062,"[{'text': 'Order with Uber Eats', 'url': 'https://www.ubereats.com/gb/brand/southern-co-op'}, {'text': 'Order with Just Eat', 'url': 'https://www.just-eat.co.uk/takeaway/brands/southern-coop'}]",Newbury,UK,,,,4705178,345,[],51.3965234,-1.3289766,"The Co-operative Food Newbury, Pound Street","[{'dayOfWeek': 1, 'from1': '07:00', 'to1': '22:00'}, {'dayOfWeek': 2, 'from1': '07:00', 'to1': '22:00'}, {'dayOfWeek': 3, 'from1': '07:00', 'to1': '22:00'}, {'dayOfWeek': 4, 'from1': '07:00', 'to1': '22:00'}, {'dayOfWeek': 5, 'from1': '07:00', 'to1': '22:00'}, {'dayOfWeek': 6, 'from1': '07:00', 'to1': '22:00'}, {'dayOfWeek': 7, 'from1': '07:00', 'to1': '22:00'}]",,True,+44 1635 016469,"[{'publicUrl': 'https://locator.uberall.com/uberall-userpics-prod-optimized/4705178/thumb_TfkuwUpQ0Z.jpg', 'type': 'PHOTO', 'description': None}]",Berkshire,[],35 Pound Street,RG14 6AE,False,,,,
Limes Park,2184062,"[{'text': 'Order with Uber Eats', 'url': 'https://www.ubereats.com/gb/brand/southern-co-op'}, {'text': 'Order with Deliveroo', 'url': 'https://deliveroo.co.uk/menu/reading/kempshott/southern-co-op-rooksdown'}]",Basingstoke,UK,,,,4705192,316,[],51.2815336,-1.1199225,"The Co-operative Food Rooksdown, Limes Park","[{'dayOfWeek': 1, 'from1': '06:30', 'to1': '22:00'}, {'dayOfWeek': 2, 'from1': '06:30', 'to1': '22:00'}, {'dayOfWeek': 3, 'from1': '06:30', 'to1': '22:00'}, {'dayOfWeek': 4, 'from1': '06:30', 'to1': '22:00'}, {'dayOfWeek': 5, 'from1': '06:30', 'to1': '22:00'}, {'dayOfWeek': 6, 'from1': '06:30', 'to1': '22:00'}, {'dayOfWeek': 7, 'from1': '06:30', 'to1': '22:00'}]",,True,+44 1256 323721,[],Hampshire,[],Greenlands Road,RG24 9RD,False,,,,
17,2184062,"[{'text': 'Order with Just Eat', 'url': 'https://www.just-eat.co.uk/takeaway/brands/southern-coop'}]",Overton,UK,,,,4705201,121,[],51.2434147,-1.2627219,The Co-operative Food Overton,"[{'dayOfWeek': 1, 'from1': '06:30', 'to1': '22:00'}, {'dayOfWeek': 2, 'from1': '06:30', 'to1': '22:00'}, {'dayOfWeek': 3, 'from1': '06:30', 'to1': '22:00'}, {'dayOfWeek': 4, 'from1': '06:30', 'to1': '22:00'}, {'dayOfWeek': 5, 'from1': '06:30', 'to1': '22:00'}, {'dayOfWeek': 6, 'from1': '06:30', 'to1': '22:00'}, {'dayOfWeek': 7, 'from1': '06:30', 'to1': '22:00'}]",Post Office is available during store opening hours,True,+44 1256 770218,"[{'publicUrl': 'https://locator.uberall.com/uberall-userpics-prod-optimized/4705201/thumb_DfpDJYkMs9.jpg', 'type': 'PHOTO', 'description': None}]",Hampshire,[],15 Winchester Street,RG25 3HR,False,,,,
South Ham,2184062,"[{'text': 'Order with Uber Eats', 'url': 'https://www.ubereats.com/gb/brand/southern-co-op'}, {'text': 'Order with Deliveroo', 'url': 'https://deliveroo.co.uk/menu/reading/basingstoke/southern-co-op-basingstoke-kings-road'}]",Basingstoke,UK,,,,4705210,103,[],51.25708105,-1.11040445,"The Co-operative Food Basingstoke, Kings Road","[{'dayOfWeek': 1, 'from1': '06:30', 'to1': '22:00'}, {'dayOfWeek': 2, 'from1': '06:30', 'to1': '22:00'}, {'dayOfWeek': 3, 'from1': '06:30', 'to1': '22:00'}, {'dayOfWeek': 4, 'from1': '06:30', 'to1': '22:00'}, {'dayOfWeek': 5, 'from1': '06:30', 'to1': '22:00'}, {'dayOfWeek': 6, 'from1': '06:30', 'to1': '22:00'}, {'dayOfWeek': 7, 'from1': '06:30', 'to1': '22:00'}]",,True,+44 1256 322707,"[{'publicUrl': 'https://locator.uberall.com/uberall-userpics-prod-optimized/4705210/thumb_Ha7VFhcFAH.jpg', 'type': 'PHOTO', 'description': None}]",Hampshire,[],37-39 Kings Road,RG22 6DJ,False,,,,
,2184062,"[{'text': 'Order with Just Eat', 'url': 'https://www.just-eat.co.uk/takeaway/brands/southern-coop'}]",Basingstoke,UK,,,,4705214,95,[],51.22957097,-1.14212787,"The Co-operative Food Beggarwood, Broadmere Road","[{'dayOfWeek': 1, 'from1': '07:00', 'to1': '22:00'}, {'dayOfWeek': 2, 'from1': '07:00', 'to1': '22:00'}, {'dayOfWeek': 3, 'from1': '07:00', 'to1': '22:00'}, {'dayOfWeek': 4, 'from1': '07:00', 'to1': '22:00'}, {'dayOfWeek': 5, 'from1': '07:00', 'to1': '22:00'}, {'dayOfWeek': 6, 'from1': '07:00', 'to1': '22:00'}, {'dayOfWeek': 7, 'from1': '07:00', 'to1': '22:00'}]",Post Office is available during store opening hours,True,+44 1256 398076,"[{'publicUrl': 'https://locator.uberall.com/uberall-userpics-prod-optimized/4705214/thumb_lRgIiYffh8.jpg', 'type': 'PHOTO', 'description': None}]",Hampshire,[],57-58 Broadmere Road,RG22 4AQ,False,,,,
,2184062,"[{'text': 'Order with Just Eat', 'url': 'https://www.just-eat.co.uk/takeaway/brands/southern-coop'}, {'text': 'Order with Deliveroo', 'url': 'https://deliveroo.co.uk/menu/southampton/so2/southern-co-op-stockbridge'}]",Stockbridge,UK,,,,4705261,119,[],51.11403835,-1.49055775,The Co-operative Food Stockbridge,"[{'dayOfWeek': 1, 'from1': '07:00', 'to1': '22:00'}, {'dayOfWeek': 2, 'from1': '07:00', 'to1': '22:00'}, {'dayOfWeek': 3, 'from1': '07:00', 'to1': '22:00'}, {'dayOfWeek': 4, 'from1': '07:00', 'to1': '22:00'}, {'dayOfWeek': 5, 'from1': '07:00', 'to1': '22:00'}, {'dayOfWeek': 6, 'from1': '07:00', 'to1': '22:00'}, {'dayOfWeek': 7, 'from1': '07:00', 'to1': '22:00'}]",Post Office is available during store opening hours,True,+44 1264 316212,"[{'publicUrl': 'https://locator.uberall.com/uberall-userpics-prod-optimized/4705261/thumb_TKceGyCXhh.jpg', 'type': 'PHOTO', 'description': None}]",Hampshire,[],High Street,SO20 6EU,False,,,,
,2184062,"[{'text': 'Order with Uber Eats', 'url': 'https://www.ubereats.com/gb/brand/southern-co-op'}, {'text': 'Order with Deliveroo', 'url': 'https://deliveroo.co.uk/menu/southampton/winchester/southern-co-op-winchester'}]",Winchester,UK,,,,4705267,307,[],51.06677663,-1.31758962,"The Co-operative Food Winchester, City Road","[{'dayOfWeek': 1, 'from1': '07:00', 'to1': '22:00'}, {'dayOfWeek': 2, 'from1': '07:00', 'to1': '22:00'}, {'dayOfWeek': 3, 'from1': '07:00', 'to1': '22:00'}, {'dayOfWeek': 4, 'from1': '07:00', 'to1': '22:00'}, {'dayOfWeek': 5, 'from1': '07:00', 'to1': '22:00'}, {'dayOfWeek': 6, 'from1': '07:00', 'to1': '22:00'}, {'dayOfWeek': 7, 'from1': '07:00', 'to1': '22:00'}]",,True,+44 1962 863017,"[{'publicUrl': 'https://locator.uberall.com/uberall-userpics-prod-optimized/4705267/thumb_nPiQ6cDvXt.jpg', 'type': 'PHOTO', 'description': None}]",Hampshire,[],16 City Road,SO23 8SD,False,,,,
,2184062,"[{'text': 'Order with Just Eat', 'url': 'https://www.just-eat.co.uk/takeaway/brands/southern-coop'}]",Hungerford,UK,,,,4705295,107,[],51.50778979,-1.53123392,The Co-operative Food Lambourn,"[{'dayOfWeek': 1, 'from1': '06:30', 'to1': '22:00'}, {'dayOfWeek': 2, 'from1': '06:30', 'to1': '22:00'}, {'dayOfWeek': 3, 'from1': '06:30', 'to1': '22:00'}, {'dayOfWeek': 4, 'from1': '06:30', 'to1': '22:00'}, {'dayOfWeek': 5, 'from1': '06:30', 'to1': '22:00'}, {'dayOfWeek': 6, 'from1': '06:30', 'to1': '22:00'}, {'dayOfWeek': 7, 'from1': '06:30', 'to1': '22:00'}]",Post Office is available during store opening hours,True,+44 1488 73597,"[{'publicUrl': 'https://locator.uberall.com/uberall-userpics-prod-optimized/4705295/thumb_E7RdL6pH3F.jpg', 'type': 'PHOTO', 'description': None}]",Berkshire,[],4 High Street,RG17 8XL,False,,,,
Shrewton,2184062,"[{'text': 'Order with Just Eat', 'url': 'https://www.just-eat.co.uk/takeaway/brands/southern-coop'}]",Salisbury,UK,,,,4705316,170,[],51.1943949,-1.9030504,The Co-operative Food Shrewton,"[{'dayOfWeek': 1, 'from1': '08:00', 'to1': '22:00'}, {'dayOfWeek': 2, 'from1': '08:00', 'to1': '22:00'}, {'dayOfWeek': 3, 'from1': '08:00', 'to1': '22:00'}, {'dayOfWeek': 4, 'from1': '08:00', 'to1': '22:00'}, {'dayOfWeek': 5, 'from1': '08:00', 'to1': '22:00'}, {'dayOfWeek': 6, 'from1': '08:00', 'to1': '22:00'}, {'dayOfWeek': 7, 'from1': '08:00', 'to1': '22:00'}]",Post Office is available during store opening hours,True,+44 1980 621813,[],Wiltshire,[],High Street,SP3 4BU,False,,,,
,2184062,"[{'text': 'Order with Uber Eats', 'url': 'https://www.ubereats.com/gb/brand/southern-co-op'}, {'text': 'Order with Deliveroo', 'url': 'https://deliveroo.co.uk/menu/salisbury/salisbury/southern-co-op-salisbury-kelsey-road'}]",Salisbury,UK,,,,4705321,212,[],51.0709429,-1.7862498,"The Co-operative Food Salisbury, Kelsey Road","[{'dayOfWeek': 1, 'from1': '06:30', 'to1': '22:00'}, {'dayOfWeek': 2, 'from1': '06:30', 'to1': '22:00'}, {'dayOfWeek': 3, 'from1': '06:30', 'to1': '22:00'}, {'dayOfWeek': 4, 'from1': '06:30', 'to1': '22:00'}, {'dayOfWeek': 5, 'from1': '06:30', 'to1': '22:00'}, {'dayOfWeek': 6, 'from1': '06:30', 'to1': '22:00'}, {'dayOfWeek': 7, 'from1': '06:30', 'to1': '22:00'}]",,True,+44 1722 331367,"[{'publicUrl': 'https://locator.uberall.com/uberall-userpics-prod-optimized/4705321/thumb_THOTVG2p50.jpg', 'type': 'PHOTO', 'description': None}]",Wiltshire,[],10 Kelsey Road,SP1 1JP,False,,,,
,2184062,"[{'text': 'Order with Just Eat', 'url': 'https://www.just-eat.co.uk/takeaway/brands/southern-coop'}]",Alresford,UK,,,,4705335,110,[],51.0898246,-1.1639018,The Co-operative Food Alresford,"[{'dayOfWeek': 1, 'from1': '07:00', 'to1': '22:00'}, {'dayOfWeek': 2, 'from1': '07:00', 'to1': '22:00'}, {'dayOfWeek': 3, 'from1': '07:00', 'to1': '22:00'}, {'dayOfWeek': 4, 'from1': '07:00', 'to1': '22:00'}, {'dayOfWeek': 5, 'from1': '07:00', 'to1': '22:00'}, {'dayOfWeek': 6, 'from1': '07:00', 'to1': '22:00'}, {'dayOfWeek': 7, 'from1': '10:00', 'to1': '16:00'}]",Post Office is available during store opening hours,True,+44 1962 733078,"[{'publicUrl': 'https://locator.uberall.com/uberall-userpics-prod-optimized/4705335/thumb_p5rsnFHHiW.jpg', 'type': 'PHOTO', 'description': None}]",Hampshire,[],47 West Street,SO24 9BT,False,,,,
,2184062,"[{'text': 'Order with Just Eat', 'url': 'https://www.just-eat.co.uk/takeaway/brands/southern-coop'}, {'text': 'Order with Deliveroo', 'url': 'https://deliveroo.co.uk/menu/salisbury/old-sarum/southern-co-op-old-sarum'}]",Old Sarum,UK,,,,4705351,403,[],51.10105086,-1.7867971,"The Co-operative Food Old Sarum, Crosier Close","[{'dayOfWeek': 1, 'from1': '06:30', 'to1': '22:00'}, {'dayOfWeek': 2, 'from1': '06:30', 'to1': '22:00'}, {'dayOfWeek': 3, 'from1': '06:30', 'to1': '22:00'}, {'dayOfWeek': 4, 'from1': '06:30', 'to1': '22:00'}, {'dayOfWeek': 5, 'from1': '06:30', 'to1': '22:00'}, {'dayOfWeek': 6, 'from1': '06:30', 'to1': '22:00'}, {'dayOfWeek': 7, 'from1': '06:30', 'to1': '22:00'}]",,True,+44 1722 335316,"[{'publicUrl': 'https://locator.uberall.com/uberall-userpics-prod-optimized/4705351/thumb_ZHZGmYc6be.jpg', 'type': 'PHOTO', 'description': None}]",Wiltshire,[],1 Crosier Close,SP4 6GX,False,,,,
,2184062,"[{'text': 'Order with Uber Eats', 'url': 'https://www.ubereats.com/gb/brand/southern-co-op'}, {'text': 'Order with Deliveroo', 'url': 'https://deliveroo.co.uk/menu/reading/newbury/southern-co-op-newbury-brummel-road'}]",Newbury,UK,,,,4705358,408,[],51.40833816,-1.33749625,"The Co-operative Food Newbury, Brummell Road","[{'dayOfWeek': 1, 'from1': '07:00', 'to1': '22:00'}, {'dayOfWeek': 2, 'from1': '07:00', 'to1': '22:00'}, {'dayOfWeek': 3, 'from1': '07:00', 'to1': '22:00'}, {'dayOfWeek': 4, 'from1': '07:00', 'to1': '22:00'}, {'dayOfWeek': 5, 'from1': '07:00', 'to1': '22:00'}, {'dayOfWeek': 6, 'from1': '07:00', 'to1': '22:00'}, {'dayOfWeek': 7, 'from1': '07:00', 'to1': '22:00'}]",,True,+44 1635 569367,"[{'publicUrl': 'https://locator.uberall.com/uberall-userpics-prod-optimized/4705358/thumb_V9s1yZjfQK.jpg', 'type': 'PHOTO', 'description': None}]",Berkshire,[],75 Brummell Road,RG14 1SG,False,,,,
,2184062,"[{'text': 'Order with Uber Eats', 'url': 'https://www.ubereats.com/gb/brand/southern-co-op'}, {'text': 'Order with Just Eat', 'url': 'https://www.just-eat.co.uk/takeaway/brands/southern-coop'}]",Basingstoke,UK,,,,4705368,427,[],51.28400355,-1.09717492,"The Co-operative Food Basingstoke, Wallingford Road","[{'dayOfWeek': 1, 'from1': '07:00', 'to1': '22:00'}, {'dayOfWeek': 2, 'from1': '07:00', 'to1': '22:00'}, {'dayOfWeek': 3, 'from1': '07:00', 'to1': '22:00'}, {'dayOfWeek': 4, 'from1': '07:00', 'to1': '22:00'}, {'dayOfWeek': 5, 'from1': '07:00', 'to1': '22:00'}, {'dayOfWeek': 6, 'from1': '07:00', 'to1': '22:00'}, {'dayOfWeek': 7, 'from1': '07:00', 'to1': '22:00'}]",,True,+44 1256 588400,"[{'publicUrl': 'https://locator.uberall.com/uberall-userpics-prod-optimized/4705368/thumb_WXgomZtYAx.jpg', 'type': 'PHOTO', 'description': None}]",Hampshire,[],2 Wallingford Road,RG24 9QD,False,,,,
Eclipse House,2184062,"[{'text': 'Order with Uber Eats', 'url': 'https://www.ubereats.com/gb/brand/southern-co-op'}, {'text': 'Order with Just Eat', 'url': 'https://www.just-eat.co.uk/takeaway/brands/southern-coop'}]",Andover,UK,,,,4705371,426,[],51.20532536,-1.44284708,The Co-operative Food Picket Twenty,"[{'dayOfWeek': 1, 'from1': '07:00', 'to1': '22:00'}, {'dayOfWeek': 2, 'from1': '07:00', 'to1': '22:00'}, {'dayOfWeek': 3, 'from1': '07:00', 'to1': '22:00'}, {'dayOfWeek': 4, 'from1': '07:00', 'to1': '22:00'}, {'dayOfWeek': 5, 'from1': '07:00', 'to1': '22:00'}, {'dayOfWeek': 6, 'from1': '07:00', 'to1': '22:00'}, {'dayOfWeek': 7, 'from1': '07:00', 'to1': '22:00'}]",,True,+44 1264 318598,"[{'publicUrl': 'https://locator.uberall.com/uberall-userpics-prod-optimized/4705371/thumb_9U0mkLkfIt.png', 'type': 'PHOTO', 'description': None}]",Hampshire,[],Picket Twenty Way,SP11 6TY,False,,,,
Unit 1,2184062,"[{'text': 'Order with Uber Eats', 'url': 'https://www.ubereats.com/gb/brand/southern-co-op'}, {'text': 'Order with Deliveroo', 'url': 'https://deliveroo.co.uk/menu/salisbury/andover/southern-co-op-andover-east-anton'}]",Andover,UK,,,,4705372,415,[],51.22802632,-1.46647738,"The Co-operative Food Andover, East Anton Farm Road","[{'dayOfWeek': 1, 'from1': '07:00', 'to1': '22:00'}, {'dayOfWeek': 2, 'from1': '07:00', 'to1': '22:00'}, {'dayOfWeek': 3, 'from1': '07:00', 'to1': '22:00'}, {'dayOfWeek': 4, 'from1': '07:00', 'to1': '22:00'}, {'dayOfWeek': 5, 'from1': '07:00', 'to1': '22:00'}, {'dayOfWeek': 6, 'from1': '07:00', 'to1': '22:00'}, {'dayOfWeek': 7, 'from1': '07:00', 'to1': '22:00'}]",,True,+44 1264 316465,"[{'publicUrl': 'https://locator.uberall.com/uberall-userpics-prod-optimized/4705372/thumb_l5ORhxs28q.jpg', 'type': 'PHOTO', 'description': None}]",Hampshire,[],East Anton Farm Road,SP11 6RD,False,,,,
,2184063,"[{'text': 'Order with Just Eat', 'url': 'https://www.just-eat.co.uk/takeaway/brands/southern-coop'}]",Southampton,UK,,,,4700814,433,[],50.8947314,-1.5175368,Welcome Ashurst,"[{'dayOfWeek': 1, 'from1': '06:00', 'to1': '22:00'}, {'dayOfWeek': 2, 'from1': '06:00', 'to1': '22:00'}, {'dayOfWeek': 3, 'from1': '06:00', 'to1': '22:00'}, {'dayOfWeek': 4, 'from1': '06:00', 'to1': '22:00'}, {'dayOfWeek': 5, 'from1': '06:00', 'to1': '22:00'}, {'dayOfWeek': 6, 'from1': '06:00', 'to1': '22:00'}, {'dayOfWeek': 7, 'from1': '07:00', 'to1': '22:00'}]",,True,+44 23 8144 0842,[],Hampshire,[],82 Lyndhurst Road,SO40 7BE,False,,,,
,2184063,"[{'text': 'Order with Just Eat', 'url': 'https://www.just-eat.co.uk/takeaway/brands/southern-coop'}]",Southampton,UK,,,,4700822,431,[],50.8908124,-1.4509552,Welcome Marchwood,"[{'dayOfWeek': 1, 'from1': '06:00', 'to1': '22:00'}, {'dayOfWeek': 2, 'from1': '06:00', 'to1': '22:00'}, {'dayOfWeek': 3, 'from1': '06:00', 'to1': '22:00'}, {'dayOfWeek': 4, 'from1': '06:00', 'to1': '22:00'}, {'dayOfWeek': 5, 'from1': '06:00', 'to1': '22:00'}, {'dayOfWeek': 6, 'from1': '06:00', 'to1': '22:00'}, {'dayOfWeek': 7, 'from1': '07:00', 'to1': '22:00'}]",,True,+44 23 8087 1090,[],Hampshire,[],Marchwood Village Centre,SO40 4SF,False,,,,
,2184063,[],Brockenhurst,UK,,,,4700836,434,[],50.81923796,-1.5775637,Welcome Brockenhurst,"[{'dayOfWeek': 1, 'from1': '06:00', 'to1': '21:00'}, {'dayOfWeek': 2, 'from1': '06:00', 'to1': '21:00'}, {'dayOfWeek': 3, 'from1': '06:00', 'to1': '21:00'}, {'dayOfWeek': 4, 'from1': '06:00', 'to1': '21:00'}, {'dayOfWeek': 5, 'from1': '06:00', 'to1': '21:00'}, {'dayOfWeek': 6, 'from1': '06:00', 'to1': '21:00'}, {'dayOfWeek': 7, 'from1': '06:00', 'to1': '21:00'}]",Post Office is available during store opening hours,True,+44 1590 624457,"[{'publicUrl': 'https://locator.uberall.com/uberall-userpics-prod-optimized/4700836/thumb_1zCvZ4CMjT.jpg', 'type': 'MAIN', 'description': None}]",Hampshire,[],62 Brookley Road,SO42 7RA,False,,,,
,2184063,"[{'text': 'Order with Uber Eats', 'url': 'https://www.ubereats.com/gb/brand/southern-co-op'}, {'text': 'Order with Deliveroo', 'url': 'https://deliveroo.co.uk/menu/bournemouth/seafield-gardens/southern-co-op-bournemouth-belle-vue'}]",Bournemouth,UK,,,,4705180,171,[],50.7216571,-1.7971482,"The Co-operative Food Bournemouth, Belle Vue Road","[{'dayOfWeek': 1, 'from1': '06:30', 'to1': '22:00'}, {'dayOfWeek': 2, 'from1': '06:30', 'to1': '22:00'}, {'dayOfWeek': 3, 'from1': '06:30', 'to1': '22:00'}, {'dayOfWeek': 4, 'from1': '06:30', 'to1': '22:00'}, {'dayOfWeek': 5, 'from1': '06:30', 'to1': '22:00'}, {'dayOfWeek': 6, 'from1': '06:30', 'to1': '22:00'}, {'dayOfWeek': 7, 'from1': '06:30', 'to1': '22:00'}]",,True,+44 1202 430338,[],Dorset,[],143 Belle Vue Road,BH6 3EN,False,,,,
Bearwood,2184063,"[{'text': 'Order with Just Eat', 'url': 'https://www.just-eat.co.uk/takeaway/brands/southern-coop'}, {'text': 'Order with Deliveroo', 'url': 'https://deliveroo.co.uk/menu/bournemouth/bearwood/southern-co-op-bearwood'}]",Poole,UK,,,,4705188,217,[],50.7676314,-1.9303024,"The Co-operative Food Bearwood, King John Avenue","[{'dayOfWeek': 1, 'from1': '07:00', 'to1': '22:00'}, {'dayOfWeek': 2, 'from1': '07:00', 'to1': '22:00'}, {'dayOfWeek': 3, 'from1': '07:00', 'to1': '22:00'}, {'dayOfWeek': 4, 'from1': '07:00', 'to1': '22:00'}, {'dayOfWeek': 5, 'from1': '07:00', 'to1': '22:00'}, {'dayOfWeek': 6, 'from1': '07:00', 'to1': '22:00'}, {'dayOfWeek': 7, 'from1': '07:00', 'to1': '22:00'}]",Post Office is available during store opening hours,True,+44 1202 590328,"[{'publicUrl': 'https://locator.uberall.com/uberall-userpics-prod-optimized/4705188/thumb_cr0cTWHcrd.jpg', 'type': 'PHOTO', 'description': None}]",Dorset,[],King John Avenue,BH11 9TN,False,,,,
Creekmoor,2184063,"[{'text': 'Order with Just Eat', 'url': 'https://www.just-eat.co.uk/takeaway/brands/southern-coop'}, {'text': 'Order with Deliveroo', 'url': 'https://deliveroo.co.uk/menu/bournemouth/creekmoor-ponds/southern-co-op-creekmoor'}]",Poole,UK,,,,4705190,219,[],50.7415267,-2.0033894,"The Co-operative Food Creekmoor, Northmead Drive","[{'dayOfWeek': 1, 'from1': '06:30', 'to1': '22:00'}, {'dayOfWeek': 2, 'from1': '06:30', 'to1': '22:00'}, {'dayOfWeek': 3, 'from1': '06:30', 'to1': '22:00'}, {'dayOfWeek': 4, 'from1': '06:30', 'to1': '22:00'}, {'dayOfWeek': 5, 'from1': '06:30', 'to1': '22:00'}, {'dayOfWeek': 6, 'from1': '06:30', 'to1': '22:00'}, {'dayOfWeek': 7, 'from1': '06:30', 'to1': '22:00'}]",,True,+44 1202 657141,[],Dorset,[],Northmead Drive,BH17 7XZ,False,,,,
,2184063,"[{'text': 'Order with Just Eat', 'url': 'https://www.just-eat.co.uk/takeaway/brands/southern-coop'}, {'text': 'Order with Deliveroo', 'url': 'https://deliveroo.co.uk/menu/bournemouth/oakdale/southern-co-op-poole-ringwood-road'}]",Poole,UK,,,,4705191,362,[],50.72956788,-1.96295226,"The Co-operative Food Poole, Ringwood Road","[{'dayOfWeek': 1, 'from1': '06:30', 'to1': '22:00'}, {'dayOfWeek': 2, 'from1': '06:30', 'to1': '22:00'}, {'dayOfWeek': 3, 'from1': '06:30', 'to1': '22:00'}, {'dayOfWeek': 4, 'from1': '06:30', 'to1': '22:00'}, {'dayOfWeek': 5, 'from1': '06:30', 'to1': '22:00'}, {'dayOfWeek': 6, 'from1': '06:30', 'to1': '22:00'}, {'dayOfWeek': 7, 'from1': '06:30', 'to1': '22:00'}]",Post Office is available during store opening hours,True,+44 1202 681787,[],Dorset,[],25 Ringwood Road,BH14 0RF,False,,,,
,2184063,"[{'text': 'Order with Uber Eats', 'url': 'https://www.ubereats.com/gb/brand/southern-co-op'}, {'text': 'Order with Deliveroo', 'url': 'https://deliveroo.co.uk/menu/bournemouth/moordown-east/southern-co-op-bournemouth-castle-lane'}]",Bournemouth,UK,,,,4705195,239,[],50.7547849,-1.857598,"The Co-operative Food Bournemouth, Castle Lane","[{'dayOfWeek': 1, 'from1': '06:30', 'to1': '22:00'}, {'dayOfWeek': 2, 'from1': '06:30', 'to1': '22:00'}, {'dayOfWeek': 3, 'from1': '06:30', 'to1': '22:00'}, {'dayOfWeek': 4, 'from1': '06:30', 'to1': '22:00'}, {'dayOfWeek': 5, 'from1': '06:30', 'to1': '22:00'}, {'dayOfWeek': 6, 'from1': '06:30', 'to1': '22:00'}, {'dayOfWeek': 7, 'from1': '06:30', 'to1': '22:00'}]",,True,+44 1202 533538,[],Dorset,[],235 Castle Lane West,BH9 3LD,False,,,,
,2184063,"[{'text': 'Order with Uber Eats', 'url': 'https://www.ubereats.com/gb/brand/southern-co-op'}, {'text': 'Order with Just Eat', 'url': 'https://www.just-eat.co.uk/takeaway/brands/southern-coop'}]",Fordingbridge,UK,,,,4705211,216,[],50.9114768,-1.8371465,The Co-operative Food Alderholt,"[{'dayOfWeek': 1, 'from1': '07:00', 'to1': '22:00'}, {'dayOfWeek': 2, 'from1': '07:00', 'to1': '22:00'}, {'dayOfWeek': 3, 'from1': '07:00', 'to1': '22:00'}, {'dayOfWeek': 4, 'from1': '07:00', 'to1': '22:00'}, {'dayOfWeek': 5, 'from1': '07:00', 'to1': '22:00'}, {'dayOfWeek': 6, 'from1': '07:00', 'to1': '22:00'}, {'dayOfWeek': 7, 'from1': '07:00', 'to1': '22:00'}]",Post Office is available during store opening hours,True,+44 1425 655989,[],Dorset,[],1 Ringwood Road,SP6 3DF,False,,,,
Milford On Sea,2184063,"[{'text': 'Order with Just Eat', 'url': 'https://www.just-eat.co.uk/takeaway/brands/southern-coop'}, {'text': 'Order with Deliveroo', 'url': 'https://deliveroo.co.uk/menu/bournemouth/downton/southern-co-op-milford-on-sea'}]",Lymington,UK,,,,4705251,81,[],50.7255269,-1.5884987,The Co-operative Food Milford,"[{'dayOfWeek': 1, 'from1': '07:00', 'to1': '22:00'}, {'dayOfWeek': 2, 'from1': '07:00', 'to1': '22:00'}, {'dayOfWeek': 3, 'from1': '07:00', 'to1': '22:00'}, {'dayOfWeek': 4, 'from1': '07:00', 'to1': '22:00'}, {'dayOfWeek': 5, 'from1': '07:00', 'to1': '22:00'}, {'dayOfWeek': 6, 'from1': '07:00', 'to1': '22:00'}, {'dayOfWeek': 7, 'from1': '07:00', 'to1': '22:00'}]",,True,+44 1590 643218,"[{'publicUrl': 'https://locator.uberall.com/uberall-userpics-prod-optimized/4705251/thumb_FzbdJ8QvBO.jpg', 'type': 'PHOTO', 'description': None}]",Hampshire,[],45 High Street,SO41 0QG,False,,,,
Holbury,2184063,"[{'text': 'Order with Uber Eats', 'url': 'https://www.ubereats.com/gb/brand/southern-co-op'}, {'text': 'Order with Just Eat', 'url': 'https://www.just-eat.co.uk/takeaway/brands/southern-coop'}]",Southampton,UK,,,,4705271,393,[],50.8316592,-1.3804619,"The Co-operative Food Holbury, Long Lane","[{'dayOfWeek': 1, 'from1': '06:00', 'to1': '22:00'}, {'dayOfWeek': 2, 'from1': '06:00', 'to1': '22:00'}, {'dayOfWeek': 3, 'from1': '06:00', 'to1': '22:00'}, {'dayOfWeek': 4, 'from1': '06:00', 'to1': '22:00'}, {'dayOfWeek': 5, 'from1': '06:00', 'to1': '22:00'}, {'dayOfWeek': 6, 'from1': '06:00', 'to1': '22:00'}, {'dayOfWeek': 7, 'from1': '06:00', 'to1': '22:00'}]",,True,+44 23 8089 3471,"[{'publicUrl': 'https://locator.uberall.com/uberall-userpics-prod-optimized/4705271/thumb_OX4UbuNbmZ.jpg', 'type': 'PHOTO', 'description': None}]",Hampshire,[],63 Long Lane,SO45 2LG,False,,,,
,2184063,"[{'text': 'Order with Uber Eats', 'url': 'https://www.ubereats.com/gb/brand/southern-co-op'}, {'text': 'Order with Deliveroo', 'url': 'https://deliveroo.co.uk/menu/bournemouth/east-cliff/southern-co-op-bournemouth-madeira-road'}]",Bournemouth,UK,,,,4705327,303,[],50.7237796,-1.8674666,"The Co-operative Food Bournemouth, Madeira Road","[{'dayOfWeek': 1, 'from1': '07:00', 'to1': '22:00'}, {'dayOfWeek': 2, 'from1': '07:00', 'to1': '22:00'}, {'dayOfWeek': 3, 'from1': '07:00', 'to1': '22:00'}, {'dayOfWeek': 4, 'from1': '07:00', 'to1': '22:00'}, {'dayOfWeek': 5, 'from1': '07:00', 'to1': '22:00'}, {'dayOfWeek': 6, 'from1': '07:00', 'to1': '22:00'}, {'dayOfWeek': 7, 'from1': '07:00', 'to1': '22:00'}]",,True,+44 1202 555129,"[{'publicUrl': 'https://locator.uberall.com/uberall-userpics-prod-optimized/4705327/thumb_WGLvGycieu.jpg', 'type': 'PHOTO', 'description': None}]",Dorset,[],Madeira Road,BH1 1QQ,False,,,,
,2184063,"[{'text': 'Order with Uber Eats', 'url': 'https://www.ubereats.com/gb/brand/southern-co-op'}, {'text': 'Order with Deliveroo', 'url': 'https://deliveroo.co.uk/menu/bournemouth/stanley-green/southern-co-op-poole-tatnam-road'}]",Poole,UK,,,,4705330,173,[],50.72497758,-1.97774415,"The Co-operative Food Poole, Tatnam Road","[{'dayOfWeek': 1, 'from1': '07:00', 'to1': '22:00'}, {'dayOfWeek': 2, 'from1': '07:00', 'to1': '22:00'}, {'dayOfWeek': 3, 'from1': '07:00', 'to1': '22:00'}, {'dayOfWeek': 4, 'from1': '07:00', 'to1': '22:00'}, {'dayOfWeek': 5, 'from1': '07:00', 'to1': '22:00'}, {'dayOfWeek': 6, 'from1': '07:00', 'to1': '22:00'}, {'dayOfWeek': 7, 'from1': '07:00', 'to1': '22:00'}]",,True,+44 1202 667279,"[{'publicUrl': 'https://locator.uberall.com/uberall-userpics-prod-optimized/4705330/thumb_uh4h0fBtJt.jpg', 'type': 'PHOTO', 'description': None}]",Dorset,[],147 Wimborne Road,BH15 2BS,False,,,,
,2184063,"[{'text': 'Order with Just Eat', 'url': 'https://www.just-eat.co.uk/takeaway/brands/southern-coop'}, {'text': 'Order with Deliveroo', 'url': 'https://deliveroo.co.uk/menu/bournemouth/knobcrook/southern-co-op-wimborne'}]",Wimborne,UK,,,,4705332,380,[],50.804969,-1.9877136,"The Co-operative Food Wimborne, Wimborne Rd","[{'dayOfWeek': 1, 'from1': '07:00', 'to1': '22:00'}, {'dayOfWeek': 2, 'from1': '07:00', 'to1': '22:00'}, {'dayOfWeek': 3, 'from1': '07:00', 'to1': '22:00'}, {'dayOfWeek': 4, 'from1': '07:00', 'to1': '22:00'}, {'dayOfWeek': 5, 'from1': '07:00', 'to1': '22:00'}, {'dayOfWeek': 6, 'from1': '07:00', 'to1': '22:00'}, {'dayOfWeek': 7, 'from1': '07:00', 'to1': '22:00'}]",,True,+44 1202 880459,[],Dorset,[],Wimborne Road,BH21 1NW,False,,,,
,2184063,"[{'text': 'Order with Just Eat', 'url': 'https://www.just-eat.co.uk/takeaway/brands/southern-coop'}]",Verwood,UK,,,,4705334,148,[],50.87868217,-1.86530762,"The Co-operative Food Verwood, Ringwood Road","[{'dayOfWeek': 1, 'from1': '07:00', 'to1': '22:00'}, {'dayOfWeek': 2, 'from1': '07:00', 'to1': '22:00'}, {'dayOfWeek': 3, 'from1': '07:00', 'to1': '22:00'}, {'dayOfWeek': 4, 'from1': '07:00', 'to1': '22:00'}, {'dayOfWeek': 5, 'from1': '07:00', 'to1': '22:00'}, {'dayOfWeek': 6, 'from1': '07:00', 'to1': '22:00'}, {'dayOfWeek': 7, 'from1': '07:00', 'to1': '22:00'}]",,True,+44 1202 823901,[],Dorset,[],Ringwood Road,BH31 7AL,False,,,,
,2184064,"[{'text': 'Order with Just Eat', 'url': 'https://www.just-eat.co.uk/takeaway/brands/southern-coop'}]",Havant,UK,,,,4700827,429,[],50.8611556,-0.9625238,Welcome Denvilles,"[{'dayOfWeek': 1, 'from1': '06:00', 'to1': '22:00'}, {'dayOfWeek': 2, 'from1': '06:00', 'to1': '22:00'}, {'dayOfWeek': 3, 'from1': '06:00', 'to1': '22:00'}, {'dayOfWeek': 4, 'from1': '06:00', 'to1': '22:00'}, {'dayOfWeek': 5, 'from1': '06:00', 'to1': '22:00'}, {'dayOfWeek': 6, 'from1': '06:00', 'to1': '22:00'}, {'dayOfWeek': 7, 'from1': '07:00', 'to1': '22:00'}]",,True,+44 23 9245 0045,[],Hampshire,[],40 Snowberry Crescent,PO9 2FE,False,,,,
,2184064,"[{'text': 'Order with Just Eat', 'url': 'https://www.just-eat.co.uk/takeaway/brands/southern-coop'}]",Alton,UK,,,,4705198,105,[],51.1491574,-0.9753594,"The Co-operative Food Alton, High Street","[{'dayOfWeek': 1, 'from1': '06:30', 'to1': '22:00'}, {'dayOfWeek': 2, 'from1': '06:30', 'to1': '22:00'}, {'dayOfWeek': 3, 'from1': '06:30', 'to1': '22:00'}, {'dayOfWeek': 4, 'from1': '06:30', 'to1': '22:00'}, {'dayOfWeek': 5, 'from1': '06:30', 'to1': '22:00'}, {'dayOfWeek': 6, 'from1': '06:30', 'to1': '22:00'}, {'dayOfWeek': 7, 'from1': '06:30', 'to1': '22:00'}]",,True,+44 1420 541260,"[{'publicUrl': 'https://locator.uberall.com/uberall-userpics-prod-optimized/4705198/thumb_vXGHYtVhmG.jpg', 'type': 'PHOTO', 'description': None}]",Hampshire,[],34E High Street,GU34 1BD,False,,,,
,2184064,"[{'text': 'Order with Just Eat', 'url': 'https://www.just-eat.co.uk/takeaway/brands/southern-coop'}]",Waterlooville,UK,,,,4705202,122,[],50.93533525,-1.00057662,Co-op Food,"[{'dayOfWeek': 1, 'from1': '06:30', 'to1': '22:00'}, {'dayOfWeek': 2, 'from1': '06:30', 'to1': '22:00'}, {'dayOfWeek': 3, 'from1': '06:30', 'to1': '22:00'}, {'dayOfWeek': 4, 'from1': '06:30', 'to1': '22:00'}, {'dayOfWeek': 5, 'from1': '06:30', 'to1': '22:00'}, {'dayOfWeek': 6, 'from1': '06:30', 'to1': '22:00'}, {'dayOfWeek': 7, 'from1': '06:30', 'to1': '22:00'}]",Post Office is available during store opening hours,True,+44 23 9259 9793,[],Hampshire,[],14 White Dirt Lane,PO8 0QL,False,,,,
Leigh Park,2184064,"[{'text': 'Order with Uber Eats', 'url': 'https://www.ubereats.com/gb/brand/southern-co-op'}, {'text': 'Order with Deliveroo', 'url': 'https://deliveroo.co.uk/menu/portsmouth/bedhampton/southern-co-op-havant-middle-park-way'}]",Havant,UK,,,,4705207,83,[],50.8651127,-0.9999185,"The Co-operative Food Havant, Middle Park Way","[{'dayOfWeek': 1, 'from1': '06:00', 'to1': '22:00'}, {'dayOfWeek': 2, 'from1': '06:00', 'to1': '22:00'}, {'dayOfWeek': 3, 'from1': '06:00', 'to1': '22:00'}, {'dayOfWeek': 4, 'from1': '06:00', 'to1': '22:00'}, {'dayOfWeek': 5, 'from1': '06:00', 'to1': '22:00'}, {'dayOfWeek': 6, 'from1': '06:00', 'to1': '22:00'}, {'dayOfWeek': 7, 'from1': '07:00', 'to1': '22:00'}]",,True,+44 23 9248 3738,[],Hampshire,[],13 Middle Park Way,PO9 4AB,False,,,,
,2184064,"[{'text': 'Order with Just Eat', 'url': 'https://www.just-eat.co.uk/takeaway/brands/southern-coop'}, {'text': 'Order with Deliveroo', 'url': 'https://deliveroo.co.uk/menu/portsmouth/cowplain-west/southern-co-op-cowplain'}]",Waterlooville,UK,,,,4705222,52,[],50.8952652,-1.0179336,"The Co-operative Food Cowplain, London Road","[{'dayOfWeek': 1, 'from1': '07:00', 'to1': '22:00'}, {'dayOfWeek': 2, 'from1': '07:00', 'to1': '22:00'}, {'dayOfWeek': 3, 'from1': '07:00', 'to1': '22:00'}, {'dayOfWeek': 4, 'from1': '07:00', 'to1': '22:00'}, {'dayOfWeek': 5, 'from1': '07:00', 'to1': '22:00'}, {'dayOfWeek': 6, 'from1': '07:00', 'to1': '22:00'}, {'dayOfWeek': 7, 'from1': '07:00', 'to1': '22:00'}]",Post Office is available during store opening hours,True,+44 23 9226 3507,[],Hampshire,[],83 London Road,PO8 8XB,False,,,,
Four Marks,2184064,"[{'text': 'Order with Just Eat', 'url': 'https://www.just-eat.co.uk/takeaway/brands/southern-coop'}]",Alton,UK,,,,4705223,351,[],51.1130282,-1.0424739,The Co-operative Food Four Marks,"[{'dayOfWeek': 1, 'from1': '06:30', 'to1': '22:00'}, {'dayOfWeek': 2, 'from1': '06:30', 'to1': '22:00'}, {'dayOfWeek': 3, 'from1': '06:30', 'to1': '22:00'}, {'dayOfWeek': 4, 'from1': '06:30', 'to1': '22:00'}, {'dayOfWeek': 5, 'from1': '06:30', 'to1': '22:00'}, {'dayOfWeek': 6, 'from1': '06:30', 'to1': '22:00'}, {'dayOfWeek': 7, 'from1': '06:30', 'to1': '22:00'}]",Post Office is available during store opening hours,True,+44 1420 551512,"[{'publicUrl': 'https://locator.uberall.com/uberall-userpics-prod-optimized/4705223/thumb_NGeilKuLgT.jpg', 'type': 'MAIN', 'description': None}]",Hampshire,[],30 Winchester Road,GU34 5HG,False,,,,
,2184064,"[{'text': 'Order with Just Eat', 'url': 'https://www.just-eat.co.uk/takeaway/brands/southern-coop'}]",Odiham,UK,,,,4705224,365,[],51.2544488,-0.9384996,The Co-operative Food Odiham,"[{'dayOfWeek': 1, 'from1': '07:00', 'to1': '22:00'}, {'dayOfWeek': 2, 'from1': '07:00', 'to1': '22:00'}, {'dayOfWeek': 3, 'from1': '07:00', 'to1': '22:00'}, {'dayOfWeek': 4, 'from1': '07:00', 'to1': '22:00'}, {'dayOfWeek': 5, 'from1': '07:00', 'to1': '22:00'}, {'dayOfWeek': 6, 'from1': '07:00', 'to1': '22:00'}, {'dayOfWeek': 7, 'from1': '07:00', 'to1': '22:00'}]",,True,+44 1256 704061,"[{'publicUrl': 'https://locator.uberall.com/uberall-userpics-prod-optimized/4705224/thumb_GYcmc5mSKx.jpg', 'type': 'PHOTO', 'description': None}]",Hampshire,[],56 High Street,RG29 1LN,False,,,,
Denmead,2184064,"[{'text': 'Order with Just Eat', 'url': 'https://www.just-eat.co.uk/takeaway/brands/southern-coop'}, {'text': 'Order with Deliveroo', 'url': 'https://deliveroo.co.uk/menu/portsmouth/denmead/southern-co-op-denmead'}]",Waterlooville,UK,,,,4705228,62,[],50.9040804,-1.0655378,The Co-operative Food Denmead,"[{'dayOfWeek': 1, 'from1': '06:00', 'to1': '22:00'}, {'dayOfWeek': 2, 'from1': '06:00', 'to1': '22:00'}, {'dayOfWeek': 3, 'from1': '06:00', 'to1': '22:00'}, {'dayOfWeek': 4, 'from1': '06:00', 'to1': '22:00'}, {'dayOfWeek': 5, 'from1': '06:00', 'to1': '22:00'}, {'dayOfWeek': 6, 'from1': '06:00', 'to1': '22:00'}, {'dayOfWeek': 7, 'from1': '07:00', 'to1': '22:00'}]",,True,+44 23 9225 1507,"[{'publicUrl': 'https://locator.uberall.com/uberall-userpics-prod-optimized/4705228/thumb_eobxhZWQZk.jpg', 'type': 'PHOTO', 'description': None}]",Hampshire,[],Hambledon Road,PO7 6NU,False,,,,
West Leigh,2184064,"[{'text': 'Order with Uber Eats', 'url': 'https://www.ubereats.com/gb/brand/southern-co-op'}, {'text': 'Order with Deliveroo', 'url': 'https://deliveroo.co.uk/menu/portsmouth/west-leigh-south/southern-co-op-havant-st-albans-road'}]",Havant,UK,,,,4705232,90,[],50.8626709,-0.9742487,"The Co-operative Food Havant, St Albans Road","[{'dayOfWeek': 1, 'from1': '07:00', 'to1': '22:00'}, {'dayOfWeek': 2, 'from1': '07:00', 'to1': '22:00'}, {'dayOfWeek': 3, 'from1': '07:00', 'to1': '22:00'}, {'dayOfWeek': 4, 'from1': '07:00', 'to1': '22:00'}, {'dayOfWeek': 5, 'from1': '07:00', 'to1': '22:00'}, {'dayOfWeek': 6, 'from1': '07:00', 'to1': '22:00'}, {'dayOfWeek': 7, 'from1': '07:00', 'to1': '22:00'}]",,True,+44 23 9245 0897,[],Hampshire,[],55 Saint Albans Road,PO9 2JR,False,,,,
Wickham,2184064,"[{'text': 'Order with Just Eat', 'url': 'https://www.just-eat.co.uk/takeaway/brands/southern-coop'}]",Fareham,UK,,,,4705237,66,[],50.8992671,-1.1875641,"The Co-operative Food Wickham, The Square","[{'dayOfWeek': 1, 'from1': '07:00', 'to1': '22:00'}, {'dayOfWeek': 2, 'from1': '07:00', 'to1': '22:00'}, {'dayOfWeek': 3, 'from1': '07:00', 'to1': '22:00'}, {'dayOfWeek': 4, 'from1': '07:00', 'to1': '22:00'}, {'dayOfWeek': 5, 'from1': '07:00', 'to1': '22:00'}, {'dayOfWeek': 6, 'from1': '07:00', 'to1': '22:00'}, {'dayOfWeek': 7, 'from1': '11:00', 'to1': '17:00'}]",Post Office is available during store opening hours,True,+44 1329 832151,"[{'publicUrl': 'https://locator.uberall.com/uberall-userpics-prod-optimized/4705237/thumb_q9c13zjFpe.jpg', 'type': 'PHOTO', 'description': None}]",Hampshire,[],4 The Square,PO17 5JN,False,,,,
,2184064,"[{'text': 'Order with Just Eat', 'url': 'https://www.just-eat.co.uk/takeaway/brands/southern-coop'}]",Liphook,UK,,,,4705242,78,[],51.0803679,-0.8045245,"The Co-operative Food Liphook, Headley Road","[{'dayOfWeek': 1, 'from1': '07:00', 'to1': '22:00'}, {'dayOfWeek': 2, 'from1': '07:00', 'to1': '22:00'}, {'dayOfWeek': 3, 'from1': '07:00', 'to1': '22:00'}, {'dayOfWeek': 4, 'from1': '07:00', 'to1': '22:00'}, {'dayOfWeek': 5, 'from1': '07:00', 'to1': '22:00'}, {'dayOfWeek': 6, 'from1': '07:00', 'to1': '22:00'}, {'dayOfWeek': 7, 'from1': '07:00', 'to1': '22:00'}]",Post Office is available during store opening hours,True,+44 1428 722905,"[{'publicUrl': 'https://locator.uberall.com/uberall-userpics-prod-optimized/4705242/thumb_NOq62SUN0q.jpg', 'type': 'PHOTO', 'description': None}]",Hampshire,[],64 Headley Road,GU30 7NP,False,,,,
Unit 1 Grovebell Estate,2184064,"[{'text': 'Order with Just Eat', 'url': 'https://www.just-eat.co.uk/takeaway/brands/southern-coop'}, {'text': 'Order with Deliveroo', 'url': 'https://deliveroo.co.uk/menu/camberley/wrecclesham-and-shortheath/southern-co-op-wrecclesham'}]",Farnham,UK,,,,4705257,357,[],51.20172153,-0.81692884,The Co-operative Food Wrecclesham Wrecclesham Road,"[{'dayOfWeek': 1, 'from1': '06:00', 'to1': '22:00'}, {'dayOfWeek': 2, 'from1': '06:00', 'to1': '22:00'}, {'dayOfWeek': 3, 'from1': '06:00', 'to1': '22:00'}, {'dayOfWeek': 4, 'from1': '06:00', 'to1': '22:00'}, {'dayOfWeek': 5, 'from1': '06:00', 'to1': '22:00'}, {'dayOfWeek': 6, 'from1': '06:00', 'to1': '22:00'}, {'dayOfWeek': 7, 'from1': '06:00', 'to1': '22:00'}]",,True,+44 1252 714192,[],Surrey,[],Wrecclesham Road,GU10 4PL,False,,,,
Purbrook,2184064,"[{'text': 'Order with Uber Eats', 'url': 'https://www.ubereats.com/gb/brand/southern-co-op'}, {'text': 'Order with Deliveroo', 'url': 'https://deliveroo.co.uk/menu/portsmouth/ourbrook/southern-co-op-purbrook'}]",Waterlooville,UK,,,,4705277,392,[],50.86860056,-1.044454,"The Co-operative Food Purbrook, London Road","[{'dayOfWeek': 1, 'from1': '06:00', 'to1': '22:00'}, {'dayOfWeek': 2, 'from1': '06:00', 'to1': '22:00'}, {'dayOfWeek': 3, 'from1': '06:00', 'to1': '22:00'}, {'dayOfWeek': 4, 'from1': '06:00', 'to1': '22:00'}, {'dayOfWeek': 5, 'from1': '06:00', 'to1': '22:00'}, {'dayOfWeek': 6, 'from1': '06:00', 'to1': '22:30'}, {'dayOfWeek': 7, 'from1': '06:00', 'to1': '22:30'}]",,True,+44 23 9226 7596,[],Hampshire,[],31 London Road,PO7 5LG,False,,,,
Whiteley,2184064,"[{'text': 'Order with Uber Eats', 'url': 'https://www.ubereats.com/gb/brand/southern-co-op'}, {'text': 'Order with Deliveroo', 'url': 'https://deliveroo.co.uk/menu/portsmouth/whiteley/southern-co-op-whiteley'}]",Fareham,UK,,,,4705286,150,[],50.8812175,-1.2669568,"The Co-operative Food Whiteley, Yew Tree Drive","[{'dayOfWeek': 1, 'from1': '07:00', 'to1': '22:00'}, {'dayOfWeek': 2, 'from1': '07:00', 'to1': '22:00'}, {'dayOfWeek': 3, 'from1': '07:00', 'to1': '22:00'}, {'dayOfWeek': 4, 'from1': '07:00', 'to1': '22:00'}, {'dayOfWeek': 5, 'from1': '07:00', 'to1': '22:00'}, {'dayOfWeek': 6, 'from1': '07:00', 'to1': '22:00'}, {'dayOfWeek': 7, 'from1': '07:00', 'to1': '22:00'}]",,True,+44 1489 564197,[],Hampshire,[],1 Yew Tree Drive,PO15 7LB,False,,,,
Rowledge,2184064,"[{'text': 'Order with Just Eat', 'url': 'https://www.just-eat.co.uk/takeaway/brands/southern-coop'}, {'text': 'Order with Deliveroo', 'url': 'https://deliveroo.co.uk/menu/camberley/rowledge-and-frensham/southern-co-op-rowledge'}]",Farnham,UK,,,,4705290,376,[],51.183135,-0.823406,The Co-operative Food Rowledge,"[{'dayOfWeek': 1, 'from1': '07:00', 'to1': '22:00'}, {'dayOfWeek': 2, 'from1': '07:00', 'to1': '22:00'}, {'dayOfWeek': 3, 'from1': '07:00', 'to1': '22:00'}, {'dayOfWeek': 4, 'from1': '07:00', 'to1': '22:00'}, {'dayOfWeek': 5, 'from1': '07:00', 'to1': '22:00'}, {'dayOfWeek': 6, 'from1': '07:00', 'to1': '22:00'}, {'dayOfWeek': 7, 'from1': '08:00', 'to1': '21:00'}]",Post Office is available during store opening hours,True,+44 1252 794536,"[{'publicUrl': 'https://locator.uberall.com/uberall-userpics-prod-optimized/4705290/thumb_sjw6jMWgKo.jpg', 'type': 'PHOTO', 'description': None}]",Surrey,[],4 The Square,GU10 4AA,False,,,,
,2184065,"[{'text': 'Order with Uber Eats', 'url': 'https://www.ubereats.com/gb/brand/southern-co-op'}, {'text': 'Order with Deliveroo', 'url': 'https://deliveroo.co.uk/menu/portsmouth/bognor-regis/southern-co-op-bognor-hawthorn-road'}]",Bognor Regis,UK,,,,4705247,88,[],50.7897665,-0.6861345,The Co-operative Food Hawthorn Rd,"[{'dayOfWeek': 1, 'from1': '06:30', 'to1': '22:00'}, {'dayOfWeek': 2, 'from1': '06:30', 'to1': '22:00'}, {'dayOfWeek': 3, 'from1': '06:30', 'to1': '22:00'}, {'dayOfWeek': 4, 'from1': '06:30', 'to1': '22:00'}, {'dayOfWeek': 5, 'from1': '06:30', 'to1': '22:00'}, {'dayOfWeek': 6, 'from1': '06:30', 'to1': '22:00'}, {'dayOfWeek': 7, 'from1': '06:30', 'to1': '22:00'}]",,True,+44 1243 838374,"[{'publicUrl': 'https://locator.uberall.com/uberall-userpics-prod-optimized/4705247/thumb_feAcjI9ZeQ.jpg', 'type': 'PHOTO', 'description': None}]",West Sussex,[],152-156 Hawthorn Road,PO21 2UR,False,,,,
,2184065,"[{'text': 'Order with Uber Eats', 'url': 'https://www.ubereats.com/gb/brand/southern-co-op'}, {'text': 'Order with Deliveroo', 'url': 'https://deliveroo.co.uk/menu/portsmouth/chichester/southern-co-op-chichester-stockbridge-road'}]",Chichester,UK,,,,4705256,321,[],50.8241984,-0.7876146,"The Co-operative Food Chichester, Stockbridge Road","[{'dayOfWeek': 1, 'from1': '06:30', 'to1': '22:00'}, {'dayOfWeek': 2, 'from1': '06:30', 'to1': '22:00'}, {'dayOfWeek': 3, 'from1': '06:30', 'to1': '22:00'}, {'dayOfWeek': 4, 'from1': '06:30', 'to1': '22:00'}, {'dayOfWeek': 5, 'from1': '06:30', 'to1': '22:00'}, {'dayOfWeek': 6, 'from1': '06:30', 'to1': '22:00'}, {'dayOfWeek': 7, 'from1': '06:30', 'to1': '22:00'}]",,True,+44 1243 776401,[],West Sussex,[],Stockbridge Road,PO19 8QR,False,,,,
,2184065,"[{'text': 'Order with Just Eat', 'url': 'https://www.just-eat.co.uk/takeaway/brands/southern-coop'}, {'text': 'Order with Deliveroo', 'url': 'https://deliveroo.co.uk/menu/brighton/littlehampton/southern-co-op-yapton'}]",Arundel,UK,,,,4705260,49,[],50.81939742,-0.61021009,The Co-operative Food Yapton,"[{'dayOfWeek': 1, 'from1': '07:00', 'to1': '22:00'}, {'dayOfWeek': 2, 'from1': '07:00', 'to1': '22:00'}, {'dayOfWeek': 3, 'from1': '07:00', 'to1': '22:00'}, {'dayOfWeek': 4, 'from1': '07:00', 'to1': '22:00'}, {'dayOfWeek': 5, 'from1': '07:00', 'to1': '22:00'}, {'dayOfWeek': 6, 'from1': '07:00', 'to1': '22:00'}, {'dayOfWeek': 7, 'from1': '07:00', 'to1': '22:00'}]",Post Office is available during store opening hours,True,+44 1243 554286,[],West Sussex,[],Main Road,BN18 0EY,False,,,,
,2184065,"[{'text': 'Order with Uber Eats', 'url': 'https://www.ubereats.com/gb/brand/southern-co-op'}, {'text': 'Order with Deliveroo', 'url': 'https://deliveroo.co.uk/menu/portsmouth/chichester/southern-co-op-chichester-bognor-road'}]",Chichester,UK,,,,4705263,342,[],50.83370721,-0.76149499,"The Co-operative Food Chichester, Bognor Road","[{'dayOfWeek': 1, 'from1': '06:00', 'to1': '22:00'}, {'dayOfWeek': 2, 'from1': '06:00', 'to1': '22:00'}, {'dayOfWeek': 3, 'from1': '06:00', 'to1': '22:00'}, {'dayOfWeek': 4, 'from1': '06:00', 'to1': '22:00'}, {'dayOfWeek': 5, 'from1': '06:00', 'to1': '22:00'}, {'dayOfWeek': 6, 'from1': '06:00', 'to1': '22:00'}, {'dayOfWeek': 7, 'from1': '06:00', 'to1': '22:00'}]",,True,+44 1243 527097,"[{'publicUrl': 'https://locator.uberall.com/uberall-userpics-prod-optimized/4705263/thumb_HVenTjkCod.jpg', 'type': 'PHOTO', 'description': None}]",West Sussex,[],54 Bognor Road,PO19 7TG,False,,,,
,2184065,"[{'text': 'Order with Uber Eats', 'url': 'https://www.ubereats.com/gb/brand/southern-co-op'}, {'text': 'Order with Just Eat', 'url': 'https://www.just-eat.co.uk/takeaway/brands/southern-coop'}]",Chichester,UK,,,,4705270,352,[],50.8410355,-0.7739646,"The Co-operative Food Chichester, Spitalfield Lane","[{'dayOfWeek': 1, 'from1': '06:00', 'to1': '22:00'}, {'dayOfWeek': 2, 'from1': '06:00', 'to1': '22:00'}, {'dayOfWeek': 3, 'from1': '06:00', 'to1': '22:00'}, {'dayOfWeek': 4, 'from1': '06:00', 'to1': '22:00'}, {'dayOfWeek': 5, 'from1': '06:00', 'to1': '22:00'}, {'dayOfWeek': 6, 'from1': '06:00', 'to1': '22:00'}, {'dayOfWeek': 7, 'from1': '06:00', 'to1': '22:00'}]",,True,+44 1243 215316,[],West Sussex,[],Spitalfield Lane,PO19 6SB,False,,,,
East Preston,2184065,"[{'text': 'Order with Uber Eats', 'url': 'https://www.ubereats.com/gb/brand/southern-co-op'}, {'text': 'Order with Deliveroo', 'url': 'https://deliveroo.co.uk/menu/brighton/littlehampton/southern-co-op-east-preston'}]",Rustington,UK,,,,4705275,320,[],50.8158722,-0.4901444,"The Co-operative Food East Preston, Station Parade","[{'dayOfWeek': 1, 'from1': '06:30', 'to1': '22:00'}, {'dayOfWeek': 2, 'from1': '06:30', 'to1': '22:00'}, {'dayOfWeek': 3, 'from1': '06:30', 'to1': '22:00'}, {'dayOfWeek': 4, 'from1': '06:30', 'to1': '22:00'}, {'dayOfWeek': 5, 'from1': '06:30', 'to1': '22:00'}, {'dayOfWeek': 6, 'from1': '06:30', 'to1': '22:00'}, {'dayOfWeek': 7, 'from1': '06:30', 'to1': '22:00'}]",,True,+44 1903 772051,"[{'publicUrl': 'https://locator.uberall.com/uberall-userpics-prod-optimized/4705275/thumb_iAHByVK3St.jpg', 'type': 'PHOTO', 'description': None}]",West Sussex,[],Station Parade,BN16 3AE,False,,,,
,2184065,"[{'text': 'Order with Just Eat', 'url': 'https://www.just-eat.co.uk/takeaway/brands/southern-coop'}]",Bognor Regis,UK,,,,4705299,91,[],50.7865857,-0.719355,"The Co-operative Food Bognor Regis, Rose Green Road","[{'dayOfWeek': 1, 'from1': '07:00', 'to1': '22:00'}, {'dayOfWeek': 2, 'from1': '07:00', 'to1': '22:00'}, {'dayOfWeek': 3, 'from1': '07:00', 'to1': '22:00'}, {'dayOfWeek': 4, 'from1': '07:00', 'to1': '22:00'}, {'dayOfWeek': 5, 'from1': '07:00', 'to1': '22:00'}, {'dayOfWeek': 6, 'from1': '07:00', 'to1': '22:00'}, {'dayOfWeek': 7, 'from1': '07:00', 'to1': '22:00'}]",,True,+44 1243 265947,"[{'publicUrl': 'https://locator.uberall.com/uberall-userpics-prod-optimized/4705299/thumb_g1lccTo2CU.jpg', 'type': 'PHOTO', 'description': None}]",West Sussex,[],68 Rose Green Road,PO21 3EQ,False,,,,
,2184065,"[{'text': 'Order with Uber Eats', 'url': 'https://www.ubereats.com/gb/brand/southern-co-op'}, {'text': 'Order with Deliveroo', 'url': 'https://deliveroo.co.uk/menu/portsmouth/chichester/southern-co-op-chichester-oliver-whitby'}]",Chichester,UK,,,,4705304,309,[],50.84206565,-0.79061128,"The Co-operative Food Chichester, Oliver Whitby Road","[{'dayOfWeek': 1, 'from1': '07:00', 'to1': '22:00'}, {'dayOfWeek': 2, 'from1': '07:00', 'to1': '22:00'}, {'dayOfWeek': 3, 'from1': '07:00', 'to1': '22:00'}, {'dayOfWeek': 4, 'from1': '07:00', 'to1': '22:00'}, {'dayOfWeek': 5, 'from1': '07:00', 'to1': '22:00'}, {'dayOfWeek': 6, 'from1': '07:00', 'to1': '22:00'}, {'dayOfWeek': 7, 'from1': '07:00', 'to1': '22:00'}]",,True,+44 1243 784922,"[{'publicUrl': 'https://locator.uberall.com/uberall-userpics-prod-optimized/4705304/thumb_FzOsm8jooY.jpg', 'type': 'PHOTO', 'description': None}]",West Sussex,[],Oliver Whitby Road,PO19 3LB,False,,,,
,2184065,"[{'text': 'Order with Just Eat', 'url': 'https://www.just-eat.co.uk/takeaway/brands/southern-coop'}]",Chichester,UK,,,,4705305,93,[],50.7319104,-0.7916333,The Co-operative Food Selsey,"[{'dayOfWeek': 1, 'from1': '07:00', 'to1': '22:00'}, {'dayOfWeek': 2, 'from1': '07:00', 'to1': '22:00'}, {'dayOfWeek': 3, 'from1': '07:00', 'to1': '22:00'}, {'dayOfWeek': 4, 'from1': '07:00', 'to1': '22:00'}, {'dayOfWeek': 5, 'from1': '07:00', 'to1': '22:00'}, {'dayOfWeek': 6, 'from1': '07:00', 'to1': '22:00'}, {'dayOfWeek': 7, 'from1': '07:00', 'to1': '22:00'}]",Post Office is available during store opening hours,True,+44 1243 602110,"[{'publicUrl': 'https://locator.uberall.com/uberall-userpics-prod-optimized/4705305/thumb_NXiCrbOXln.jpg', 'type': 'PHOTO', 'description': None}]",West Sussex,[],123-125 High Street,PO20 0QB,False,,,,
The Square,2184065,"[{'text': 'Order with Just Eat', 'url': 'https://www.just-eat.co.uk/takeaway/brands/southern-coop'}, {'text': 'Order with Deliveroo', 'url': 'https://deliveroo.co.uk/menu/brighton/littlehampton/southern-co-op-angmering'}]",Littlehampton,UK,,,,4705309,220,[],50.82881314,-0.48397341,"The Co-operative Food Angmering, The Square","[{'dayOfWeek': 1, 'from1': '07:00', 'to1': '22:00'}, {'dayOfWeek': 2, 'from1': '07:00', 'to1': '22:00'}, {'dayOfWeek': 3, 'from1': '07:00', 'to1': '22:00'}, {'dayOfWeek': 4, 'from1': '07:00', 'to1': '22:00'}, {'dayOfWeek': 5, 'from1': '07:00', 'to1': '22:00'}, {'dayOfWeek': 6, 'from1': '07:00', 'to1': '22:00'}, {'dayOfWeek': 7, 'from1': '07:00', 'to1': '22:00'}]",Post Office is available during store opening hours,True,+44 1903 783665,[],West Sussex,[],Water Ln,BN16 4EA,False,,,,
,2184065,"[{'text': 'Order with Uber Eats', 'url': 'https://www.ubereats.com/gb/brand/southern-co-op'}, {'text': 'Order with Deliveroo', 'url': 'https://deliveroo.co.uk/menu/brighton/littlehampton/southern-co-op-ferring'}]",Ferring,UK,,,,4705311,36,[],50.8153477,-0.4468565,"The Co-operative Food Ferring, Ferring Street","[{'dayOfWeek': 1, 'from1': '07:00', 'to1': '22:00'}, {'dayOfWeek': 2, 'from1': '07:00', 'to1': '22:00'}, {'dayOfWeek': 3, 'from1': '07:00', 'to1': '22:00'}, {'dayOfWeek': 4, 'from1': '07:00', 'to1': '22:00'}, {'dayOfWeek': 5, 'from1': '07:00', 'to1': '22:00'}, {'dayOfWeek': 6, 'from1': '07:00', 'to1': '22:00'}, {'dayOfWeek': 7, 'from1': '07:00', 'to1': '22:00'}]",Post Office is available during store opening hours,True,+44 1903 245100,[],West Sussex,[],74-78 Ferring Street,BN12 5JP,False,,,,
The Parade,2184065,"[{'text': 'Order with Just Eat', 'url': 'https://www.just-eat.co.uk/takeaway/brands/southern-coop'}]",East Wittering,UK,,,,4705319,85,[],50.7693622,-0.8730081,The Co-operative Food Wittering,"[{'dayOfWeek': 1, 'from1': '07:00', 'to1': '22:00'}, {'dayOfWeek': 2, 'from1': '07:00', 'to1': '22:00'}, {'dayOfWeek': 3, 'from1': '07:00', 'to1': '22:00'}, {'dayOfWeek': 4, 'from1': '07:00', 'to1': '22:00'}, {'dayOfWeek': 5, 'from1': '07:00', 'to1': '22:00'}, {'dayOfWeek': 6, 'from1': '07:00', 'to1': '22:00'}, {'dayOfWeek': 7, 'from1': '10:00', 'to1': '16:00'}]",Post Office is available during store opening hours,True,+44 1243 673423,[],West Sussex,[],Cakeham Road,PO20 8BL,False,,,,
"Unit 2, Summersdale Retail Park",2184065,"[{'text': 'Order with Just Eat', 'url': 'https://www.just-eat.co.uk/takeaway/brands/southern-coop'}, {'text': 'Order with Deliveroo', 'url': 'https://deliveroo.co.uk/menu/portsmouth/chichester/southern-co-op-chichester-lavant-road'}]",Chichester,UK,,,,4705369,414,[],50.8593048,-0.784188,"The Co-operative Food Chichester, Lavant Road","[{'dayOfWeek': 1, 'from1': '06:00', 'to1': '22:00'}, {'dayOfWeek': 2, 'from1': '06:00', 'to1': '22:00'}, {'dayOfWeek': 3, 'from1': '06:00', 'to1': '22:00'}, {'dayOfWeek': 4, 'from1': '06:00', 'to1': '22:00'}, {'dayOfWeek': 5, 'from1': '06:00', 'to1': '22:00'}, {'dayOfWeek': 6, 'from1': '06:00', 'to1': '22:00'}, {'dayOfWeek': 7, 'from1': '06:00', 'to1': '22:00'}]",,True,+44 1243 539914,"[{'publicUrl': 'https://locator.uberall.com/uberall-userpics-prod-optimized/4705369/thumb_g1Go7NCmE9.png', 'type': 'PHOTO', 'description': None}]",West Sussex,[],Roman Fields,PO19 5RD,False,,,,
Fontwell,2184065,[],Arundel,UK,,,2025-08-21,5199578,436,[],50.85379415,-0.651805572,Co-op Food,"[{'dayOfWeek': 1, 'from1': '07:00', 'to1': '22:00'}, {'dayOfWeek': 2, 'from1': '07:00', 'to1': '22:00'}, {'dayOfWeek': 3, 'from1': '07:00', 'to1': '22:00'}, {'dayOfWeek': 4, 'from1': '07:00', 'to1': '22:00'}, {'dayOfWeek': 5, 'from1': '07:00', 'to1': '22:00'}, {'dayOfWeek': 6, 'from1': '07:00', 'to1': '22:00'}, {'dayOfWeek': 7, 'from1': '07:00', 'to1': '22:00'}]",Post Office is available during store opening hours,True,+44 1243 210490,[],West Sussex,[],1 Steeplechase Way,BN18 0UF,False,,,,
Crookhorn Lane,2184066,"[{'text': 'Order with Just Eat', 'url': 'https://www.just-eat.co.uk/takeaway/brands/southern-coop'}, {'text': 'Order with Deliveroo', 'url': 'https://deliveroo.co.uk/menu/portsmouth/widley/southern-co-op-crookhorn'}]",Waterlooville,UK,,,,4705212,73,[],50.8603469,-1.02948512,"The Co-operative Food Crookhorn, The Precinct","[{'dayOfWeek': 1, 'from1': '06:00', 'to1': '22:00'}, {'dayOfWeek': 2, 'from1': '06:00', 'to1': '22:00'}, {'dayOfWeek': 3, 'from1': '06:00', 'to1': '22:00'}, {'dayOfWeek': 4, 'from1': '06:00', 'to1': '22:00'}, {'dayOfWeek': 5, 'from1': '06:00', 'to1': '22:00'}, {'dayOfWeek': 6, 'from1': '06:00', 'to1': '22:00'}, {'dayOfWeek': 7, 'from1': '07:00', 'to1': '22:00'}]",Post Office is available during store opening hours,True,+44 23 9226 4790,[],Hampshire,[],8 Purbrook Chase Precinct,PO7 5QH,False,,,,
,2184066,"[{'text': 'Order with Uber Eats', 'url': 'https://www.ubereats.com/gb/brand/southern-co-op'}, {'text': 'Order with Just Eat', 'url': 'https://www.just-eat.co.uk/takeaway/brands/southern-coop'}]",Portsmouth,UK,,,,4705213,14,[],50.8219844,-1.0654452,"The Co-operative Food Portsmouth, Copnor Road 331","[{'dayOfWeek': 1, 'from1': '06:30', 'to1': '22:00'}, {'dayOfWeek': 2, 'from1': '06:30', 'to1': '22:00'}, {'dayOfWeek': 3, 'from1': '06:30', 'to1': '22:00'}, {'dayOfWeek': 4, 'from1': '06:30', 'to1': '22:00'}, {'dayOfWeek': 5, 'from1': '06:30', 'to1': '22:00'}, {'dayOfWeek': 6, 'from1': '06:30', 'to1': '22:00'}, {'dayOfWeek': 7, 'from1': '06:30', 'to1': '22:00'}]",,True,+44 23 9266 9793,[],Portsmouth,[],331-333 Copnor Road,PO3 5EQ,False,,,,
30,2184066,"[{'text': 'Order with Uber Eats', 'url': 'https://www.ubereats.com/gb/brand/southern-co-op'}, {'text': 'Order with Deliveroo', 'url': 'https://deliveroo.co.uk/menu/portsmouth/baffins/southern-co-op-portsmouth-tangier-road'}]",Portsmouth,UK,,,,4705215,8,[],50.80860689,-1.06084649,"The Co-operative Food Portsmouth, Tangier Road","[{'dayOfWeek': 1, 'from1': '06:30', 'to1': '22:00'}, {'dayOfWeek': 2, 'from1': '06:30', 'to1': '22:00'}, {'dayOfWeek': 3, 'from1': '06:30', 'to1': '22:00'}, {'dayOfWeek': 4, 'from1': '06:30', 'to1': '22:00'}, {'dayOfWeek': 5, 'from1': '06:30', 'to1': '22:00'}, {'dayOfWeek': 6, 'from1': '06:30', 'to1': '22:00'}, {'dayOfWeek': 7, 'from1': '06:30', 'to1': '22:00'}]",Post Office is available during store opening hours,True,+44 23 9200 1611,"[{'publicUrl': 'https://locator.uberall.com/uberall-userpics-prod-optimized/4705215/thumb_8jyVFfL07X.jpg', 'type': 'PHOTO', 'description': None}]",Portsmouth,[],28 Tangier Road,PO3 6JN,False,,,,
,2184066,"[{'text': 'Order with Uber Eats', 'url': 'https://www.ubereats.com/gb/brand/southern-co-op'}]",Portsmouth,UK,,,,4705217,247,[],50.830425,-1.0742044,"The Co-operative Food Portsmouth, Northern Parade","[{'dayOfWeek': 1, 'from1': '06:00', 'to1': '22:00'}, {'dayOfWeek': 2, 'from1': '06:00', 'to1': '22:00'}, {'dayOfWeek': 3, 'from1': '06:00', 'to1': '22:00'}, {'dayOfWeek': 4, 'from1': '06:00', 'to1': '22:00'}, {'dayOfWeek': 5, 'from1': '06:00', 'to1': '22:00'}, {'dayOfWeek': 6, 'from1': '06:00', 'to1': '22:00'}, {'dayOfWeek': 7, 'from1': '06:00', 'to1': '22:00'}]",,True,+44 23 9263 9862,[],Portsmouth,[],190 Northern Parade,PO2 9LU,False,,,,
,2184066,"[{'text': 'Order with Uber Eats', 'url': 'https://www.ubereats.com/gb/brand/southern-co-op'}]",Southsea,UK,,,,4705230,328,[],50.78662551,-1.06197197,"The Co-operative Food Southsea, Highland Road","[{'dayOfWeek': 1, 'from1': '06:30', 'to1': '22:00'}, {'dayOfWeek': 2, 'from1': '06:30', 'to1': '22:00'}, {'dayOfWeek': 3, 'from1': '06:30', 'to1': '22:00'}, {'dayOfWeek': 4, 'from1': '06:30', 'to1': '22:00'}, {'dayOfWeek': 5, 'from1': '06:30', 'to1': '22:00'}, {'dayOfWeek': 6, 'from1': '06:30', 'to1': '22:00'}, {'dayOfWeek': 7, 'from1': '06:30', 'to1': '22:00'}]",,True,+44 23 9281 4242,[],Portsmouth,[],84 Highland Road,PO4 9EZ,False,,,,
Westbourne,2184066,"[{'text': 'Order with Just Eat', 'url': 'https://www.just-eat.co.uk/takeaway/brands/southern-coop'}, {'text': 'Order with Deliveroo', 'url': 'https://deliveroo.co.uk/menu/portsmouth/westbourne-village/southern-co-op-westbourne'}]",Emsworth,UK,,,,4705236,89,[],50.8617824,-0.9263629,The Co-operative Food Westbourne,"[{'dayOfWeek': 1, 'from1': '07:00', 'to1': '22:00'}, {'dayOfWeek': 2, 'from1': '07:00', 'to1': '22:00'}, {'dayOfWeek': 3, 'from1': '07:00', 'to1': '22:00'}, {'dayOfWeek': 4, 'from1': '07:00', 'to1': '22:00'}, {'dayOfWeek': 5, 'from1': '07:00', 'to1': '22:00'}, {'dayOfWeek': 6, 'from1': '07:00', 'to1': '22:00'}, {'dayOfWeek': 7, 'from1': '07:00', 'to1': '22:00'}]",Post Office is available during store opening hours,True,+44 1243 372477,[],West Sussex,[],The Square,PO10 8UE,False,,,,
,2184066,"[{'text': 'Order with Just Eat', 'url': 'https://www.just-eat.co.uk/takeaway/brands/southern-coop'}, {'text': 'Order with Deliveroo', 'url': 'https://deliveroo.co.uk/menu/portsmouth/emsworth-town/southern-co-op-emsworth'}]",Emsworth,UK,,,,4705245,79,[],50.8472848,-0.9368563,The Co-operative Food Emsworth,"[{'dayOfWeek': 1, 'from1': '07:00', 'to1': '22:00'}, {'dayOfWeek': 2, 'from1': '07:00', 'to1': '22:00'}, {'dayOfWeek': 3, 'from1': '07:00', 'to1': '22:00'}, {'dayOfWeek': 4, 'from1': '07:00', 'to1': '22:00'}, {'dayOfWeek': 5, 'from1': '07:00', 'to1': '22:00'}, {'dayOfWeek': 6, 'from1': '07:00', 'to1': '22:00'}, {'dayOfWeek': 7, 'from1': '07:00', 'to1': '22:00'}]",Post Office is available during store opening hours,True,+44 1243 372663,[],Hampshire,[],2 High Street,PO10 7AW,False,,,,
Drayton,2184066,"[{'text': 'Order with Uber Eats', 'url': 'https://www.ubereats.com/gb/brand/southern-co-op'}, {'text': 'Order with Deliveroo', 'url': 'https://deliveroo.co.uk/menu/portsmouth/drayton/southern-co-op-drayton'}]",Portsmouth,UK,,,,4705246,323,[],50.84632745,-1.05025896,"The Co-operative Food Drayton, Havant Road","[{'dayOfWeek': 1, 'from1': '07:00', 'to1': '22:00'}, {'dayOfWeek': 2, 'from1': '07:00', 'to1': '22:00'}, {'dayOfWeek': 3, 'from1': '07:00', 'to1': '22:00'}, {'dayOfWeek': 4, 'from1': '07:00', 'to1': '22:00'}, {'dayOfWeek': 5, 'from1': '07:00', 'to1': '22:00'}, {'dayOfWeek': 6, 'from1': '07:00', 'to1': '22:00'}, {'dayOfWeek': 7, 'from1': '07:00', 'to1': '22:00'}]",,True,+44 23 9232 6032,[],Portsmouth,[],192 Havant Road,PO6 2EH,False,,,,
Tipner,2184066,"[{'text': 'Order with Uber Eats', 'url': 'https://www.ubereats.com/gb/brand/southern-co-op'}, {'text': 'Order with Just Eat', 'url': 'https://www.just-eat.co.uk/takeaway/brands/southern-coop'}]",Portsmouth,UK,,,,4705253,18,[],50.8193647,-1.0843145,"The Co-operative Food Portsmouth, Twyford Avenue","[{'dayOfWeek': 1, 'from1': '07:00', 'to1': '22:00'}, {'dayOfWeek': 2, 'from1': '07:00', 'to1': '22:00'}, {'dayOfWeek': 3, 'from1': '07:00', 'to1': '22:00'}, {'dayOfWeek': 4, 'from1': '07:00', 'to1': '22:00'}, {'dayOfWeek': 5, 'from1': '07:00', 'to1': '22:00'}, {'dayOfWeek': 6, 'from1': '07:00', 'to1': '22:00'}, {'dayOfWeek': 7, 'from1': '07:00', 'to1': '22:00'}]",,True,+44 23 9266 9324,[],Portsmouth,[],236-238 Twyford Avenue,PO2 8NR,False,,,,
East Cosham,2184066,"[{'text': 'Order with Uber Eats', 'url': 'https://www.ubereats.com/gb/brand/southern-co-op'}, {'text': 'Order with Deliveroo', 'url': 'https://deliveroo.co.uk/menu/portsmouth/drayton/southern-co-op-portsmouth-tregaron-avenue'}]",Portsmouth,UK,,,,4705262,69,[],50.84282147,-1.05404986,"The Co-operative Food Portsmouth, Tregaron Avenue","[{'dayOfWeek': 1, 'from1': '07:00', 'to1': '22:00'}, {'dayOfWeek': 2, 'from1': '07:00', 'to1': '22:00'}, {'dayOfWeek': 3, 'from1': '07:00', 'to1': '22:00'}, {'dayOfWeek': 4, 'from1': '07:00', 'to1': '22:00'}, {'dayOfWeek': 5, 'from1': '07:00', 'to1': '22:00'}, {'dayOfWeek': 6, 'from1': '07:00', 'to1': '22:00'}, {'dayOfWeek': 7, 'from1': '07:00', 'to1': '22:00'}]",,True,+44 23 9237 5393,[],Portsmouth,[],48 Tregaron Avenue,PO6 2NE,False,,,,
Central Square,2184066,"[{'text': 'Order with Just Eat', 'url': 'https://www.just-eat.co.uk/takeaway/brands/southern-coop'}, {'text': 'Order with Deliveroo', 'url': 'https://deliveroo.co.uk/menu/portsmouth/paulsgrove/southern-co-op-portsmouth-western-road'}]",Portsmouth,UK,,,,4705265,325,[],50.841127,-1.0822069,"The Co-operative Food Portsmouth, Western Road","[{'dayOfWeek': 1, 'from1': '07:00', 'to1': '17:30'}, {'dayOfWeek': 2, 'from1': '07:00', 'to1': '17:30'}, {'dayOfWeek': 3, 'from1': '07:00', 'to1': '17:30'}, {'dayOfWeek': 4, 'from1': '07:00', 'to1': '17:30'}, {'dayOfWeek': 5, 'from1': '07:00', 'to1': '17:30'}, {'dayOfWeek': 6, 'closed': True}, {'dayOfWeek': 7, 'closed': True}]",,False,+44 23 9200 0070,"[{'publicUrl': 'https://locator.uberall.com/uberall-userpics-prod-optimized/4705265/thumb_zVct5whMXO.jpg', 'type': 'PHOTO', 'description': None}]",Portsmouth,[],Western Road,PO6 3FE,True,False,4.0,07:00,2026-09-03
,2184066,"[{'text': 'Order with Uber Eats', 'url': 'https://www.ubereats.com/gb/brand/southern-co-op'}, {'text': 'Order with Just Eat', 'url': 'https://www.just-eat.co.uk/takeaway/brands/southern-coop'}]",Southsea,UK,,,,4705268,7,[],50.7907128,-1.0552408,"The Co-operative Food Portsmouth, Eastney Road","[{'dayOfWeek': 1, 'from1': '06:30', 'to1': '22:00'}, {'dayOfWeek': 2, 'from1': '06:30', 'to1': '22:00'}, {'dayOfWeek': 3, 'from1': '06:30', 'to1': '22:00'}, {'dayOfWeek': 4, 'from1': '06:30', 'to1': '22:00'}, {'dayOfWeek': 5, 'from1': '06:30', 'to1': '22:00'}, {'dayOfWeek': 6, 'from1': '06:30', 'to1': '22:00'}, {'dayOfWeek': 7, 'from1': '10:00', 'to1': '16:00'}]",Post Office is available during store opening hours,True,+44 23 9273 4217,[],Portsmouth,[],161-167 Eastney Road,PO4 8EA,False,,,,
,2184066,"[{'text': 'Order with Uber Eats', 'url': 'https://www.ubereats.com/gb/brand/southern-co-op'}, {'text': 'Order with Just Eat', 'url': 'https://www.just-eat.co.uk/takeaway/brands/southern-coop'}]",Portsmouth,UK,,,,4705292,19,[],50.8090679,-1.0712582,"The Co-operative Food Portsmouth, New Road","[{'dayOfWeek': 1, 'from1': '06:30', 'to1': '22:00'}, {'dayOfWeek': 2, 'from1': '06:30', 'to1': '22:00'}, {'dayOfWeek': 3, 'from1': '06:30', 'to1': '22:00'}, {'dayOfWeek': 4, 'from1': '06:30', 'to1': '22:00'}, {'dayOfWeek': 5, 'from1': '06:30', 'to1': '22:00'}, {'dayOfWeek': 6, 'from1': '06:30', 'to1': '22:00'}, {'dayOfWeek': 7, 'from1': '06:30', 'to1': '22:00'}]",,True,+44 23 9275 2339,"[{'publicUrl': 'https://locator.uberall.com/uberall-userpics-prod-optimized/4705292/thumb_QPwVLHLxjJ.jpg', 'type': 'PHOTO', 'description': None}]",Portsmouth,[],154-158 New Road,PO2 7RJ,False,,,,
,2184066,"[{'text': 'Order with Just Eat', 'url': 'https://www.just-eat.co.uk/takeaway/brands/southern-coop'}, {'text': 'Order with Deliveroo', 'url': 'https://deliveroo.co.uk/menu/portsmouth/bosham/southern-co-op-bosham-station-road'}]",Bosham,UK,,,,4705297,96,[],50.8418138,-0.8478006,"The Co-operative Food Bosham, Station Road","[{'dayOfWeek': 1, 'from1': '07:00', 'to1': '22:00'}, {'dayOfWeek': 2, 'from1': '07:00', 'to1': '22:00'}, {'dayOfWeek': 3, 'from1': '07:00', 'to1': '22:00'}, {'dayOfWeek': 4, 'from1': '07:00', 'to1': '22:00'}, {'dayOfWeek': 5, 'from1': '07:00', 'to1': '22:00'}, {'dayOfWeek': 6, 'from1': '07:00', 'to1': '22:00'}, {'dayOfWeek': 7, 'from1': '07:00', 'to1': '22:00'}]",,True,+44 1243 572155,[],West Sussex,[],4 Station Road,PO18 8NG,False,,,,
Bosham,2184066,"[{'text': 'Order with Just Eat', 'url': 'https://www.just-eat.co.uk/takeaway/brands/southern-coop'}]",Chichester,UK,,,,4705303,246,[],50.83962112,-0.8511128,The Co-operative Food Bosham,"[{'dayOfWeek': 1, 'from1': '07:00', 'to1': '22:00'}, {'dayOfWeek': 2, 'from1': '07:00', 'to1': '22:00'}, {'dayOfWeek': 3, 'from1': '07:00', 'to1': '22:00'}, {'dayOfWeek': 4, 'from1': '07:00', 'to1': '22:00'}, {'dayOfWeek': 5, 'from1': '07:00', 'to1': '22:00'}, {'dayOfWeek': 6, 'from1': '07:00', 'to1': '22:00'}, {'dayOfWeek': 7, 'from1': '07:00', 'to1': '22:00'}]",Post Office is available during store opening hours,True,+44 1243 572253,[],West Sussex,[],Delling Lane,PO18 8NN,False,,,,
,2184066,"[{'text': 'Order with Just Eat', 'url': 'https://www.just-eat.co.uk/takeaway/brands/southern-coop'}]",Emsworth,UK,,,,4705313,339,[],50.8454396,-0.9102776,"The Co-operative Food Southbourne, Main Road","[{'dayOfWeek': 1, 'from1': '06:30', 'to1': '22:00'}, {'dayOfWeek': 2, 'from1': '06:30', 'to1': '22:00'}, {'dayOfWeek': 3, 'from1': '06:30', 'to1': '22:00'}, {'dayOfWeek': 4, 'from1': '06:30', 'to1': '22:00'}, {'dayOfWeek': 5, 'from1': '06:30', 'to1': '22:00'}, {'dayOfWeek': 6, 'from1': '06:30', 'to1': '22:00'}, {'dayOfWeek': 7, 'from1': '06:30', 'to1': '22:00'}]",Post Office is available during store opening hours,True,+44 1243 375501,[],West Sussex,[],261 Main Road,PO10 8JD,False,,,,
,2184066,"[{'text': 'Order with Just Eat', 'url': 'https://www.just-eat.co.uk/takeaway/brands/southern-coop'}]",Hayling Island,UK,,,,4705345,76,[],50.7936799,-0.976353,The Co-operative Food Hayling Island,"[{'dayOfWeek': 1, 'from1': '07:00', 'to1': '22:00'}, {'dayOfWeek': 2, 'from1': '07:00', 'to1': '22:00'}, {'dayOfWeek': 3, 'from1': '07:00', 'to1': '22:00'}, {'dayOfWeek': 4, 'from1': '07:00', 'to1': '22:00'}, {'dayOfWeek': 5, 'from1': '07:00', 'to1': '22:00'}, {'dayOfWeek': 6, 'from1': '07:00', 'to1': '22:00'}, {'dayOfWeek': 7, 'from1': '10:00', 'to1': '16:00'}]",,True,+44 23 9246 3730,[],Hampshire,[],140 Elm Grove,PO11 9EH,False,,,,
,2184067,"[{'text': 'Order with Just Eat', 'url': 'https://www.just-eat.co.uk/takeaway/brands/southern-coop'}]",Fareham,UK,,,,4700832,432,[],50.828489,-1.22052967,Welcome Stubbington,"[{'dayOfWeek': 1, 'from1': '06:00', 'to1': '22:00'}, {'dayOfWeek': 2, 'from1': '06:00', 'to1': '22:00'}, {'dayOfWeek': 3, 'from1': '06:00', 'to1': '22:00'}, {'dayOfWeek': 4, 'from1': '06:00', 'to1': '22:00'}, {'dayOfWeek': 5, 'from1': '06:00', 'to1': '22:00'}, {'dayOfWeek': 6, 'from1': '06:00', 'to1': '22:00'}, {'dayOfWeek': 7, 'from1': '07:00', 'to1': '22:00'}]",,True,+44 1329 661911,"[{'publicUrl': 'https://locator.uberall.com/uberall-userpics-prod-optimized/4700832/thumb_ttWzfQGiyR.jpg', 'type': 'MAIN', 'description': None}]",Hampshire,[],1 Cuckoo Lane,PO14 3LJ,False,,,,
Bridgemary,2184067,"[{'text': 'Order with Uber Eats', 'url': 'https://www.ubereats.com/gb/brand/southern-co-op'}, {'text': 'Order with Deliveroo', 'url': 'https://deliveroo.co.uk/menu/portsmouth/bridgemary/southern-co-op-gosport-gregson-avenue'}]",Gosport,UK,,,,4705204,128,[],50.82851782,-1.16998596,"The Co-operative Food Bridgemary, Gregson Avenue","[{'dayOfWeek': 1, 'from1': '06:00', 'to1': '22:00'}, {'dayOfWeek': 2, 'from1': '06:00', 'to1': '22:00'}, {'dayOfWeek': 3, 'from1': '06:00', 'to1': '22:00'}, {'dayOfWeek': 4, 'from1': '06:00', 'to1': '22:00'}, {'dayOfWeek': 5, 'from1': '06:00', 'to1': '22:00'}, {'dayOfWeek': 6, 'from1': '06:00', 'to1': '22:00'}, {'dayOfWeek': 7, 'from1': '07:00', 'to1': '22:00'}]",,True,+44 1329 232145,[],Hampshire,[],84 Gregson Avenue,PO13 0UP,False,,,,
,2184067,"[{'text': 'Order with Uber Eats', 'url': 'https://www.ubereats.com/gb/brand/southern-co-op'}, {'text': 'Order with Deliveroo', 'url': 'https://deliveroo.co.uk/menu/portsmouth/gosport/southern-co-op-gosport-forton-road'}]",Gosport,UK,,,,4705205,127,[],50.803536,-1.1486366,"The Co-operative Food Gosport, Forton Road 268","[{'dayOfWeek': 1, 'from1': '06:00', 'to1': '22:00'}, {'dayOfWeek': 2, 'from1': '06:00', 'to1': '22:00'}, {'dayOfWeek': 3, 'from1': '06:00', 'to1': '22:00'}, {'dayOfWeek': 4, 'from1': '06:00', 'to1': '22:00'}, {'dayOfWeek': 5, 'from1': '06:00', 'to1': '22:00'}, {'dayOfWeek': 6, 'from1': '06:00', 'to1': '22:00'}, {'dayOfWeek': 7, 'from1': '06:00', 'to1': '22:00'}]",,True,+44 23 9258 1033,[],Hampshire,[],268 Forton Road,PO12 3HW,False,,,,
Portchester,2184067,"[{'text': 'Order with Uber Eats', 'url': 'https://www.ubereats.com/gb/brand/southern-co-op'}, {'text': 'Order with Deliveroo', 'url': 'https://deliveroo.co.uk/menu/portsmouth/portchester-west/southern-co-op-portchester'}]",Fareham,UK,,,,4705206,305,[],50.8434323,-1.1367712,"The Co-operative Food Portchester, White Hart Lane","[{'dayOfWeek': 1, 'from1': '06:30', 'to1': '22:00'}, {'dayOfWeek': 2, 'from1': '06:30', 'to1': '22:00'}, {'dayOfWeek': 3, 'from1': '06:30', 'to1': '22:00'}, {'dayOfWeek': 4, 'from1': '06:30', 'to1': '22:00'}, {'dayOfWeek': 5, 'from1': '06:30', 'to1': '22:00'}, {'dayOfWeek': 6, 'from1': '06:30', 'to1': '22:00'}, {'dayOfWeek': 7, 'from1': '07:00', 'to1': '22:00'}]",Post Office is available during store opening hours,True,+44 23 9238 3565,"[{'publicUrl': 'https://locator.uberall.com/uberall-userpics-prod-optimized/4705206/thumb_ME75hx7OmD.jpg', 'type': 'PHOTO', 'description': None}]",Hampshire,[],242 White Hart Lane,PO16 9AR,False,,,,
Elson,2184067,"[{'text': 'Order with Just Eat', 'url': 'https://www.just-eat.co.uk/takeaway/brands/southern-coop'}, {'text': 'Order with Deliveroo', 'url': 'https://deliveroo.co.uk/menu/portsmouth/gosport/southern-co-op-gosport-palmyra-road'}]",Gosport,UK,,,,4705219,129,[],50.8086476,-1.1451836,"The Co-operative Food Gosport, Palmyra Road","[{'dayOfWeek': 1, 'from1': '06:00', 'to1': '22:00'}, {'dayOfWeek': 2, 'from1': '06:00', 'to1': '22:00'}, {'dayOfWeek': 3, 'from1': '06:00', 'to1': '22:00'}, {'dayOfWeek': 4, 'from1': '06:00', 'to1': '22:00'}, {'dayOfWeek': 5, 'from1': '06:00', 'to1': '22:00'}, {'dayOfWeek': 6, 'from1': '06:00', 'to1': '22:00'}, {'dayOfWeek': 7, 'from1': '07:00', 'to1': '22:00'}]",Post Office is available during store opening hours,True,+44 23 9258 2806,[],Hampshire,[],58-66 Palmyra Road,PO12 4EH,False,,,,
,2184067,"[{'text': 'Order with Just Eat', 'url': 'https://www.just-eat.co.uk/takeaway/brands/southern-coop'}, {'text': 'Order with Deliveroo', 'url': 'https://deliveroo.co.uk/menu/portsmouth/lee-on-the-solent/southern-co-op-lee-on-solent-high-street'}]",Lee-on-the-Solent,UK,,,,4705239,126,[],50.8014194,-1.2020477,"The Co-operative Food Lee on Solent, High Street","[{'dayOfWeek': 1, 'from1': '07:00', 'to1': '22:00'}, {'dayOfWeek': 2, 'from1': '07:00', 'to1': '22:00'}, {'dayOfWeek': 3, 'from1': '07:00', 'to1': '22:00'}, {'dayOfWeek': 4, 'from1': '07:00', 'to1': '22:00'}, {'dayOfWeek': 5, 'from1': '07:00', 'to1': '22:00'}, {'dayOfWeek': 6, 'from1': '07:00', 'to1': '22:00'}, {'dayOfWeek': 7, 'from1': '10:00', 'to1': '16:00'}]",Post Office is available during store opening hours,True,+44 23 9255 0157,"[{'publicUrl': 'https://locator.uberall.com/uberall-userpics-prod-optimized/4705239/thumb_L9QN7k6Amn.jpg', 'type': 'PHOTO', 'description': None}]",Hampshire,[],119-121 High Street,PO13 9BU,False,,,,
Titchfield,2184067,"[{'text': 'Order with Uber Eats', 'url': 'https://www.ubereats.com/gb/brand/southern-co-op'}, {'text': 'Order with Deliveroo', 'url': 'https://deliveroo.co.uk/menu/portsmouth/whiteley/southern-co-op-titchfield'}]",Fareham,UK,,,,4705243,37,[],50.8492084,-1.2341422,The Co-operative Food Titchfield,"[{'dayOfWeek': 1, 'from1': '07:00', 'to1': '22:00'}, {'dayOfWeek': 2, 'from1': '07:00', 'to1': '22:00'}, {'dayOfWeek': 3, 'from1': '07:00', 'to1': '22:00'}, {'dayOfWeek': 4, 'from1': '07:00', 'to1': '22:00'}, {'dayOfWeek': 5, 'from1': '07:00', 'to1': '22:00'}, {'dayOfWeek': 6, 'from1': '07:00', 'to1': '22:00'}, {'dayOfWeek': 7, 'from1': '07:00', 'to1': '22:00'}]",,True,+44 1329 842708,"[{'publicUrl': 'https://locator.uberall.com/uberall-userpics-prod-optimized/4705243/thumb_uOrECPIwTN.jpg', 'type': 'PHOTO', 'description': None}]",Hampshire,[],44 The Square,PO14 4AF,False,,,,
,2184067,"[{'text': 'Order with Uber Eats', 'url': 'https://www.ubereats.com/gb/brand/southern-co-op'}, {'text': 'Order with Deliveroo', 'url': 'https://deliveroo.co.uk/menu/isle-of-wight/newport-town/southern-co-op-carisbrooke'}]",Newport,UK,,,,4705248,207,[],50.69165471,-1.31248764,"The Co-operative Food Carisbrooke, High Street","[{'dayOfWeek': 1, 'from1': '07:00', 'to1': '22:00'}, {'dayOfWeek': 2, 'from1': '07:00', 'to1': '22:00'}, {'dayOfWeek': 3, 'from1': '07:00', 'to1': '22:00'}, {'dayOfWeek': 4, 'from1': '07:00', 'to1': '22:00'}, {'dayOfWeek': 5, 'from1': '07:00', 'to1': '22:00'}, {'dayOfWeek': 6, 'from1': '07:00', 'to1': '22:00'}, {'dayOfWeek': 7, 'from1': '07:00', 'to1': '22:00'}]",Post Office is available during store opening hours,True,+44 1983 521131,"[{'publicUrl': 'https://locator.uberall.com/uberall-userpics-prod-optimized/4705248/thumb_TWhwUnpT38.jpg', 'type': 'PHOTO', 'description': None}]",Isle of Wight,[],52 Carisbrooke High Street,PO30 1NR,False,,,,
"Cherque Farm, Unit A",2184067,"[{'text': 'Order with Uber Eats', 'url': 'https://www.ubereats.com/gb/brand/southern-co-op'}, {'text': 'Order with Deliveroo', 'url': 'https://deliveroo.co.uk/menu/portsmouth/lee-on-the-solent/southern-co-op-lee-on-solent-twyford-drive'}]",Lee-on-the-Solen,UK,,,,4705252,22,[],50.8050516,-1.1923124,"The Co-operative Food Lee on Solent, Twyford Drive","[{'dayOfWeek': 1, 'from1': '07:00', 'to1': '22:00'}, {'dayOfWeek': 2, 'from1': '07:00', 'to1': '22:00'}, {'dayOfWeek': 3, 'from1': '07:00', 'to1': '22:00'}, {'dayOfWeek': 4, 'from1': '07:00', 'to1': '22:00'}, {'dayOfWeek': 5, 'from1': '07:00', 'to1': '22:00'}, {'dayOfWeek': 6, 'from1': '07:00', 'to1': '22:00'}, {'dayOfWeek': 7, 'from1': '07:00', 'to1': '22:00'}]",Post Office is available during store opening hours,True,+44 23 9255 4713,[],Hampshire,[],Twyford Drive,PO13 8AT,False,,,,
,2184067,"[{'text': 'Order with Just Eat', 'url': 'https://www.just-eat.co.uk/takeaway/brands/southern-coop'}]",Shanklin,UK,,,,4705273,125,[],50.6307882,-1.1784192,"The Co-operative Food Shanklin, Regent Street","[{'dayOfWeek': 1, 'from1': '07:00', 'to1': '22:00'}, {'dayOfWeek': 2, 'from1': '07:00', 'to1': '22:00'}, {'dayOfWeek': 3, 'from1': '07:00', 'to1': '22:00'}, {'dayOfWeek': 4, 'from1': '07:00', 'to1': '22:00'}, {'dayOfWeek': 5, 'from1': '07:00', 'to1': '22:00'}, {'dayOfWeek': 6, 'from1': '07:00', 'to1': '22:00'}, {'dayOfWeek': 7, 'from1': '07:00', 'to1': '22:00'}]",Post Office is available during store opening hours,True,+44 1983 861318,"[{'publicUrl': 'https://locator.uberall.com/uberall-userpics-prod-optimized/4705273/thumb_QQJmKS0cuz.jpg', 'type': 'PHOTO', 'description': None}]",Isle of Wight,[],42 Regent Street,PO37 7AA,False,,,,
,2184067,"[{'text': 'Order with Just Eat', 'url': 'https://www.just-eat.co.uk/takeaway/brands/southern-coop'}]",Cowes,UK,,,,4705280,205,[],50.7543925,-1.3021947,"The Co-operative Food Cowes, Mill Hill Road","[{'dayOfWeek': 1, 'from1': '06:00', 'to1': '22:00'}, {'dayOfWeek': 2, 'from1': '06:00', 'to1': '22:00'}, {'dayOfWeek': 3, 'from1': '06:00', 'to1': '22:00'}, {'dayOfWeek': 4, 'from1': '06:00', 'to1': '22:00'}, {'dayOfWeek': 5, 'from1': '06:00', 'to1': '22:00'}, {'dayOfWeek': 6, 'from1': '06:00', 'to1': '22:00'}, {'dayOfWeek': 7, 'from1': '06:00', 'to1': '22:00'}]",Post Office is available during store opening hours,True,+44 1983 289868,"[{'publicUrl': 'https://locator.uberall.com/uberall-userpics-prod-optimized/4705280/thumb_A9QPiZfqNB.jpg', 'type': 'PHOTO', 'description': None}]",Isle of Wight,[],155 Mill Hill Road,PO31 7EL,False,,,,
,2184067,"[{'text': 'Order with Just Eat', 'url': 'https://www.just-eat.co.uk/takeaway/brands/southern-coop'}]",Bembridge,UK,,,,4705285,204,[],50.6911268,-1.0886952,"The Co-operative Food Bembridge, Sherbourne Street","[{'dayOfWeek': 1, 'from1': '07:00', 'to1': '22:00'}, {'dayOfWeek': 2, 'from1': '07:00', 'to1': '22:00'}, {'dayOfWeek': 3, 'from1': '07:00', 'to1': '22:00'}, {'dayOfWeek': 4, 'from1': '07:00', 'to1': '22:00'}, {'dayOfWeek': 5, 'from1': '07:00', 'to1': '22:00'}, {'dayOfWeek': 6, 'from1': '07:00', 'to1': '22:00'}, {'dayOfWeek': 7, 'from1': '07:00', 'to1': '22:00'}]",Post Office is available during store opening hours,True,+44 1983 872571,"[{'publicUrl': 'https://locator.uberall.com/uberall-userpics-prod-optimized/4705285/thumb_Xf4dae9PDR.jpg', 'type': 'PHOTO', 'description': None}]",Isle of Wight,[],Sherborne Street,PO35 5SB,False,,,,
Priddy's Hard,2184067,"[{'text': 'Order with Uber Eats', 'url': 'https://www.ubereats.com/gb/brand/southern-co-op'}]",Gosport,UK,,,,4705306,210,[],50.8089203,-1.1328559,"The Co-operative Food Gosport, Dartmouth Court","[{'dayOfWeek': 1, 'from1': '07:00', 'to1': '22:00'}, {'dayOfWeek': 2, 'from1': '07:00', 'to1': '22:00'}, {'dayOfWeek': 3, 'from1': '07:00', 'to1': '22:00'}, {'dayOfWeek': 4, 'from1': '07:00', 'to1': '22:00'}, {'dayOfWeek': 5, 'from1': '07:00', 'to1': '22:00'}, {'dayOfWeek': 6, 'from1': '07:00', 'to1': '22:00'}, {'dayOfWeek': 7, 'from1': '07:00', 'to1': '22:00'}]",,True,+44 23 9252 9988,"[{'publicUrl': 'https://locator.uberall.com/uberall-userpics-prod-optimized/4705306/thumb_LBhJY5Jhm8.jpg', 'type': 'PHOTO', 'description': None}]",Hampshire,[],1 Dartmouth Court,PO12 4BQ,False,,,,
,2184067,"[{'text': 'Order with Just Eat', 'url': 'https://www.just-eat.co.uk/takeaway/brands/southern-coop'}]",Sandown,UK,,,,4705308,136,[],50.6621003,-1.1519946,"The Co-operative Food Sandown, Avenue Road","[{'dayOfWeek': 1, 'from1': '07:00', 'to1': '22:00'}, {'dayOfWeek': 2, 'from1': '07:00', 'to1': '22:00'}, {'dayOfWeek': 3, 'from1': '07:00', 'to1': '22:00'}, {'dayOfWeek': 4, 'from1': '07:00', 'to1': '22:00'}, {'dayOfWeek': 5, 'from1': '07:00', 'to1': '22:00'}, {'dayOfWeek': 6, 'from1': '07:00', 'to1': '22:00'}, {'dayOfWeek': 7, 'from1': '07:00', 'to1': '22:00'}]",,True,+44 1983 408800,[],Isle of Wight,[],132 Avenue Road,PO36 9AN,False,,,,
,2184067,"[{'text': 'Order with Uber Eats', 'url': 'https://www.ubereats.com/gb/brand/southern-co-op'}]",Ryde,UK,,,,4705347,203,[],50.7241846,-1.1670177,"The Co-operative Food Ryde, West Street","[{'dayOfWeek': 1, 'from1': '07:00', 'to1': '22:00'}, {'dayOfWeek': 2, 'from1': '07:00', 'to1': '22:00'}, {'dayOfWeek': 3, 'from1': '07:00', 'to1': '22:00'}, {'dayOfWeek': 4, 'from1': '07:00', 'to1': '22:00'}, {'dayOfWeek': 5, 'from1': '07:00', 'to1': '22:00'}, {'dayOfWeek': 6, 'from1': '07:00', 'to1': '22:00'}, {'dayOfWeek': 7, 'from1': '07:00', 'to1': '22:00'}]",,True,+44 1983 562469,"[{'publicUrl': 'https://locator.uberall.com/uberall-userpics-prod-optimized/4705347/thumb_PYX8t7MaX5.jpg', 'type': 'PHOTO', 'description': None}]",Isle of Wight,[],61-62 West Street,PO33 2UH,False,,,,
,2184067,"[{'text': 'Order with Just Eat', 'url': 'https://www.just-eat.co.uk/takeaway/brands/southern-coop'}]",Ventnor,UK,,,,4705349,202,[],50.652906,-1.2792072,"The Co-operative Food Rookley, Main Road","[{'dayOfWeek': 1, 'from1': '07:00', 'to1': '22:00'}, {'dayOfWeek': 2, 'from1': '07:00', 'to1': '22:00'}, {'dayOfWeek': 3, 'from1': '07:00', 'to1': '22:00'}, {'dayOfWeek': 4, 'from1': '07:00', 'to1': '22:00'}, {'dayOfWeek': 5, 'from1': '07:00', 'to1': '22:00'}, {'dayOfWeek': 6, 'from1': '07:00', 'to1': '22:00'}, {'dayOfWeek': 7, 'from1': '07:00', 'to1': '22:00'}]",,True,+44 1983 212546,"[{'publicUrl': 'https://locator.uberall.com/uberall-userpics-prod-optimized/4705349/thumb_WfmTIajwnL.jpg', 'type': 'PHOTO', 'description': None}]",Isle of Wight,[],Main Road,PO38 3NY,False,,,,
,2184067,"[{'text': 'Order with Just Eat', 'url': 'https://www.just-eat.co.uk/takeaway/brands/southern-coop'}]",Freshwater,UK,,,,4705350,208,[],50.6840381,-1.5295498,"The Co-operative Food Freshwater, Avenue Road","[{'dayOfWeek': 1, 'from1': '07:00', 'to1': '22:00'}, {'dayOfWeek': 2, 'from1': '07:00', 'to1': '22:00'}, {'dayOfWeek': 3, 'from1': '07:00', 'to1': '22:00'}, {'dayOfWeek': 4, 'from1': '07:00', 'to1': '22:00'}, {'dayOfWeek': 5, 'from1': '07:00', 'to1': '22:00'}, {'dayOfWeek': 6, 'from1': '07:00', 'to1': '22:00'}, {'dayOfWeek': 7, 'from1': '07:00', 'to1': '22:00'}]",,True,+44 1983 754443,"[{'publicUrl': 'https://locator.uberall.com/uberall-userpics-prod-optimized/4705350/thumb_zJU1yEdRc2.jpg', 'type': 'PHOTO', 'description': None}]",Isle of Wight,[],Avenue Road,PO40 9UU,False,,,,
Lancaster House Road,2184068,[],Brighton,UK,,,,4705193,302,[],50.86772992,-0.08801159,"The Co-operative Food Falmer, Bramber House","[{'dayOfWeek': 1, 'from1': '07:00', 'to1': '23:00'}, {'dayOfWeek': 2, 'from1': '07:00', 'to1': '23:00'}, {'dayOfWeek': 3, 'from1': '07:00', 'to1': '23:00'}, {'dayOfWeek': 4, 'from1': '07:00', 'to1': '23:00'}, {'dayOfWeek': 5, 'from1': '07:00', 'to1': '23:00'}, {'dayOfWeek': 6, 'from1': '07:00', 'to1': '23:00'}, {'dayOfWeek': 7, 'from1': '07:00', 'to1': '23:00'}]",Post Office is available during store opening hours,True,+44 1273 624764,"[{'publicUrl': 'https://locator.uberall.com/uberall-userpics-prod-optimized/4705193/thumb_dPD1kirU0v.jpg', 'type': 'PHOTO', 'description': None}]",Brighton and Hove,[],Refectory Road,BN1 9BJ,False,,,,
,2184068,"[{'text': 'Order with Uber Eats', 'url': 'https://www.ubereats.com/gb/brand/southern-co-op'}, {'text': 'Order with Deliveroo', 'url': 'https://deliveroo.co.uk/menu/brighton/hampden/southern-co-op-eastbourne-lindfield-road'}]",Eastbourne,UK,,,,4705194,356,[],50.7997372,0.2661659,"The Co-operative Food Eastbourne, Lindfield Road","[{'dayOfWeek': 1, 'from1': '06:30', 'to1': '22:00'}, {'dayOfWeek': 2, 'from1': '06:30', 'to1': '22:00'}, {'dayOfWeek': 3, 'from1': '06:30', 'to1': '22:00'}, {'dayOfWeek': 4, 'from1': '06:30', 'to1': '22:00'}, {'dayOfWeek': 5, 'from1': '06:30', 'to1': '22:00'}, {'dayOfWeek': 6, 'from1': '06:30', 'to1': '22:00'}, {'dayOfWeek': 7, 'from1': '06:30', 'to1': '22:00'}]",,True,+44 1323 505270,[],East Sussex,[],Lindfield Road,BN22 0AU,False,,,,
,2184068,"[{'text': 'Order with Just Eat', 'url': 'https://www.just-eat.co.uk/takeaway/brands/southern-coop'}, {'text': 'Order with Deliveroo', 'url': 'https://deliveroo.co.uk/menu/brighton/aldrington/southern-co-op-hove-portland-road'}]",Hove,UK,,,,4705196,346,[],50.833956,-0.19172571,"The Co-operative Food Hove, Portland Road","[{'dayOfWeek': 1, 'from1': '06:30', 'to1': '22:00'}, {'dayOfWeek': 2, 'from1': '06:30', 'to1': '22:00'}, {'dayOfWeek': 3, 'from1': '06:30', 'to1': '22:00'}, {'dayOfWeek': 4, 'from1': '06:30', 'to1': '22:00'}, {'dayOfWeek': 5, 'from1': '06:30', 'to1': '22:00'}, {'dayOfWeek': 6, 'from1': '06:30', 'to1': '22:00'}, {'dayOfWeek': 7, 'from1': '06:30', 'to1': '22:00'}]",,True,+44 1273 220092,"[{'publicUrl': 'https://locator.uberall.com/uberall-userpics-prod-optimized/4705196/thumb_DzbM3Rp0hU.jpg', 'type': 'PHOTO', 'description': None}]",Brighton and Hove,[],272 Portland Road,BN3 5QU,False,,,,
,2184068,"[{'text': 'Order with Uber Eats', 'url': 'https://www.ubereats.com/gb/brand/southern-co-op'}, {'text': 'Order with Deliveroo', 'url': 'https://deliveroo.co.uk/menu/brighton/west-blatchington/southern-co-op-hove-old-shoreham-road'}]",Hove,UK,,,,4705197,368,[],50.8389366,-0.1875864,"The Co-operative Food Hove, Old Shoreham Road","[{'dayOfWeek': 1, 'from1': '06:30', 'to1': '22:00'}, {'dayOfWeek': 2, 'from1': '06:30', 'to1': '22:00'}, {'dayOfWeek': 3, 'from1': '06:30', 'to1': '22:00'}, {'dayOfWeek': 4, 'from1': '06:30', 'to1': '22:00'}, {'dayOfWeek': 5, 'from1': '06:30', 'to1': '22:00'}, {'dayOfWeek': 6, 'from1': '06:30', 'to1': '22:00'}, {'dayOfWeek': 7, 'from1': '06:30', 'to1': '22:00'}]",,True,+44 1273 071732,"[{'publicUrl': 'https://locator.uberall.com/uberall-userpics-prod-optimized/4705197/thumb_zyRwW0uq5u.jpg', 'type': 'PHOTO', 'description': None}]",Brighton and Hove,[],Old Shoreham Road,BN3 7EB,False,,,,
,2184068,"[{'text': 'Order with Uber Eats', 'url': 'https://www.ubereats.com/gb/brand/southern-co-op'}, {'text': 'Order with Deliveroo', 'url': 'https://deliveroo.co.uk/menu/royal-tunbridge-wells/hollington/southern-co-op-st-leonards-290'}]",Hastings,UK,,,,4705208,363,[],50.8811339,0.5479516,"The Co-operative Food St Leonards, Battle Road 290","[{'dayOfWeek': 1, 'from1': '07:00', 'to1': '22:00'}, {'dayOfWeek': 2, 'from1': '07:00', 'to1': '22:00'}, {'dayOfWeek': 3, 'from1': '07:00', 'to1': '22:00'}, {'dayOfWeek': 4, 'from1': '07:00', 'to1': '22:00'}, {'dayOfWeek': 5, 'from1': '07:00', 'to1': '22:00'}, {'dayOfWeek': 6, 'from1': '07:00', 'to1': '22:00'}, {'dayOfWeek': 7, 'from1': '07:00', 'to1': '22:00'}]",,True,+44 1424 854527,[],East Sussex,[],290 Battle Road,TN37 7BA,False,,,,
,2184068,"[{'text': 'Order with Uber Eats', 'url': 'https://www.ubereats.com/gb/brand/southern-co-op'}, {'text': 'Order with Deliveroo', 'url': 'https://deliveroo.co.uk/menu/brighton/brighton-centre/southern-co-op-hove-western-road'}]",Hove,UK,,,,4705244,308,[],50.82545215,-0.1559683,The Co-operative Food Hove,"[{'dayOfWeek': 1, 'from1': '06:30', 'to1': '22:30'}, {'dayOfWeek': 2, 'from1': '06:30', 'to1': '22:30'}, {'dayOfWeek': 3, 'from1': '06:30', 'to1': '22:30'}, {'dayOfWeek': 4, 'from1': '06:30', 'to1': '22:30'}, {'dayOfWeek': 5, 'from1': '06:30', 'to1': '22:30'}, {'dayOfWeek': 6, 'from1': '06:30', 'to1': '22:30'}, {'dayOfWeek': 7, 'from1': '06:30', 'to1': '22:30'}]",,True,+44 1273 732149,"[{'publicUrl': 'https://locator.uberall.com/uberall-userpics-prod-optimized/4705244/thumb_s54lUVGvMM.jpg', 'type': 'PHOTO', 'description': None}]",East Sussex,[],130 Western Road,BN3 1DA,False,,,,
,2184068,"[{'text': 'Order with Uber Eats', 'url': 'https://www.ubereats.com/gb/brand/southern-co-op'}, {'text': 'Order with Deliveroo', 'url': 'https://deliveroo.co.uk/menu/crawley/burgess-hill/southern-co-op-burgess-hill-london-road'}]",Burgess Hill,UK,,,,4705250,361,[],50.95621899,-0.13811699,"The Co-operative Food Burgess Hill, London Road","[{'dayOfWeek': 1, 'from1': '06:30', 'to1': '22:00'}, {'dayOfWeek': 2, 'from1': '06:30', 'to1': '22:00'}, {'dayOfWeek': 3, 'from1': '06:30', 'to1': '22:00'}, {'dayOfWeek': 4, 'from1': '06:30', 'to1': '22:00'}, {'dayOfWeek': 5, 'from1': '06:30', 'to1': '22:00'}, {'dayOfWeek': 6, 'from1': '06:30', 'to1': '22:00'}, {'dayOfWeek': 7, 'from1': '06:30', 'to1': '22:00'}]",,True,+44 1444 870915,[],West Sussex,[],200 London Road,RH15 9RD,False,,,,
,2184068,"[{'text': 'Order with Uber Eats', 'url': 'https://www.ubereats.com/gb/brand/southern-co-op'}, {'text': 'Order with Just Eat', 'url': 'https://www.just-eat.co.uk/takeaway/brands/southern-coop'}]",Lenham,UK,,,,4705282,379,[],51.2378162,0.7188329,"The Co-operative Food Lenham, Faversham Road","[{'dayOfWeek': 1, 'from1': '07:00', 'to1': '22:00'}, {'dayOfWeek': 2, 'from1': '07:00', 'to1': '22:00'}, {'dayOfWeek': 3, 'from1': '07:00', 'to1': '22:00'}, {'dayOfWeek': 4, 'from1': '07:00', 'to1': '22:00'}, {'dayOfWeek': 5, 'from1': '07:00', 'to1': '22:00'}, {'dayOfWeek': 6, 'from1': '07:00', 'to1': '22:00'}, {'dayOfWeek': 7, 'from1': '07:00', 'to1': '22:00'}]",,True,+44 1622 850242,[],Kent,[],8 Faversham Road,ME17 2PN,False,,,,
,2184068,"[{'text': 'Order with Uber Eats', 'url': 'https://www.ubereats.com/gb/brand/southern-co-op'}, {'text': 'Order with Just Eat', 'url': 'https://www.just-eat.co.uk/takeaway/brands/southern-coop'}]",Haywards Heath,UK,,,,4705294,378,[],50.9933478,-0.0958572,"The Co-operative Food Haywards Heath, Franklynn Road","[{'dayOfWeek': 1, 'from1': '06:00', 'to1': '22:30'}, {'dayOfWeek': 2, 'from1': '06:00', 'to1': '22:30'}, {'dayOfWeek': 3, 'from1': '06:00', 'to1': '22:30'}, {'dayOfWeek': 4, 'from1': '06:00', 'to1': '22:30'}, {'dayOfWeek': 5, 'from1': '06:00', 'to1': '22:30'}, {'dayOfWeek': 6, 'from1': '06:00', 'to1': '22:30'}, {'dayOfWeek': 7, 'from1': '06:00', 'to1': '22:30'}]",,True,+44 1444 413502,[],West Sussex,[],104 Franklynn Road,RH16 4DN,False,,,,
Seasalter,2184068,"[{'text': 'Order with Just Eat', 'url': 'https://www.just-eat.co.uk/takeaway/brands/southern-coop'}, {'text': 'Order with Deliveroo', 'url': 'https://deliveroo.co.uk/menu/canterbury/whitstable/southern-co-op-seasalter'}]",Whitstable,UK,,,,4705298,336,[],51.3440445,1.0007737,"The Co-operative Food Seasalter, Faversham Road","[{'dayOfWeek': 1, 'from1': '06:30', 'to1': '22:00'}, {'dayOfWeek': 2, 'from1': '06:30', 'to1': '22:00'}, {'dayOfWeek': 3, 'from1': '06:30', 'to1': '22:00'}, {'dayOfWeek': 4, 'from1': '06:30', 'to1': '22:00'}, {'dayOfWeek': 5, 'from1': '06:30', 'to1': '22:00'}, {'dayOfWeek': 6, 'from1': '06:30', 'to1': '22:00'}, {'dayOfWeek': 7, 'from1': '06:30', 'to1': '22:00'}]",,True,+44 1227 274483,[],Kent,[],Faversham Road,CT5 4AX,False,,,,
,2184068,"[{'text': 'Order with Uber Eats', 'url': 'https://www.ubereats.com/gb/brand/southern-co-op'}, {'text': 'Order with Deliveroo', 'url': 'https://deliveroo.co.uk/menu/crawley/burgess-hill/southern-co-op-burgess-hill-junction-road'}]",Burgess Hill,UK,,,,4705302,355,[],50.95851956,-0.12313005,"The Co-operative Food Burgess Hill, Junction Road","[{'dayOfWeek': 1, 'from1': '07:00', 'to1': '22:00'}, {'dayOfWeek': 2, 'from1': '07:00', 'to1': '22:00'}, {'dayOfWeek': 3, 'from1': '07:00', 'to1': '22:00'}, {'dayOfWeek': 4, 'from1': '07:00', 'to1': '22:00'}, {'dayOfWeek': 5, 'from1': '07:00', 'to1': '22:00'}, {'dayOfWeek': 6, 'from1': '07:00', 'to1': '22:00'}, {'dayOfWeek': 7, 'from1': '07:00', 'to1': '22:00'}]",,True,+44 1444 242158,[],West Sussex,[],86 Junction Road,RH15 0JP,False,,,,
,2184068,"[{'text': 'Order with Uber Eats', 'url': 'https://www.ubereats.com/gb/brand/southern-co-op'}, {'text': 'Order with Deliveroo', 'url': 'https://deliveroo.co.uk/menu/brighton/eastbourne/southern-co-op-eastbourne-beatty-road'}]",Eastbourne,UK,,,,4705333,389,[],50.78545514,0.31840659,"The Co-operative Food Eastbourne, Beatty Road","[{'dayOfWeek': 1, 'from1': '07:00', 'to1': '22:00'}, {'dayOfWeek': 2, 'from1': '07:00', 'to1': '22:00'}, {'dayOfWeek': 3, 'from1': '07:00', 'to1': '22:00'}, {'dayOfWeek': 4, 'from1': '07:00', 'to1': '22:00'}, {'dayOfWeek': 5, 'from1': '07:00', 'to1': '22:00'}, {'dayOfWeek': 6, 'from1': '07:00', 'to1': '22:00'}, {'dayOfWeek': 7, 'from1': '07:00', 'to1': '22:00'}]",,True,+44 1323 724995,"[{'publicUrl': 'https://locator.uberall.com/uberall-userpics-prod-optimized/4705333/thumb_M3KSxGdExI.jpg', 'type': 'PHOTO', 'description': None}]",East Sussex,[],46 Beatty Road,BN23 6DG,False,,,,
,2184068,"[{'text': 'Order with Just Eat', 'url': 'https://www.just-eat.co.uk/takeaway/brands/southern-coop'}, {'text': 'Order with Deliveroo', 'url': 'https://deliveroo.co.uk/menu/canterbury/minster/southern-co-op-minster'}]",Ramsgate,UK,,,,4705340,402,[],51.3348394,1.3128744,The Co-operative Food Minster,"[{'dayOfWeek': 1, 'from1': '07:00', 'to1': '21:00'}, {'dayOfWeek': 2, 'from1': '07:00', 'to1': '21:00'}, {'dayOfWeek': 3, 'from1': '07:00', 'to1': '21:00'}, {'dayOfWeek': 4, 'from1': '07:00', 'to1': '21:00'}, {'dayOfWeek': 5, 'from1': '07:00', 'to1': '21:00'}, {'dayOfWeek': 6, 'from1': '07:00', 'to1': '21:00'}, {'dayOfWeek': 7, 'from1': '08:00', 'to1': '21:00'}]",,True,+44 1843 823677,[],Kent,[],11 Monkton Road,CT12 4EA,False,,,,
Portslade,2184068,"[{'text': 'Order with Uber Eats', 'url': 'https://www.ubereats.com/gb/brand/southern-co-op'}, {'text': 'Order with Deliveroo', 'url': 'https://deliveroo.co.uk/menu/brighton/kingston-bucis/southern-co-op-portslade'}]",Brighton and Hove,UK,,,,4705344,338,[],50.8357474,-0.2178892,"The Co-operative Food Portslade, Abinger Road","[{'dayOfWeek': 1, 'from1': '07:00', 'to1': '22:00'}, {'dayOfWeek': 2, 'from1': '07:00', 'to1': '22:00'}, {'dayOfWeek': 3, 'from1': '07:00', 'to1': '22:00'}, {'dayOfWeek': 4, 'from1': '07:00', 'to1': '22:00'}, {'dayOfWeek': 5, 'from1': '07:00', 'to1': '22:00'}, {'dayOfWeek': 6, 'from1': '07:00', 'to1': '22:00'}, {'dayOfWeek': 7, 'from1': '07:00', 'to1': '22:00'}]",,True,+44 1273 423457,"[{'publicUrl': 'https://locator.uberall.com/uberall-userpics-prod-optimized/4705344/thumb_JdX9g09Pdw.jpg', 'type': 'PHOTO', 'description': None}]",Brighton and Hove,[],103 Abinger Road,BN41 1SD,False,,,,
Wadhurst,2184068,"[{'text': 'Order with Just Eat', 'url': 'https://www.just-eat.co.uk/takeaway/brands/southern-coop'}]",Wadhurst,UK,,,,4705346,344,[],51.0663345,0.3330064,The Co-operative Food Wadhurst,"[{'dayOfWeek': 1, 'from1': '07:00', 'to1': '22:00'}, {'dayOfWeek': 2, 'from1': '07:00', 'to1': '22:00'}, {'dayOfWeek': 3, 'from1': '07:00', 'to1': '22:00'}, {'dayOfWeek': 4, 'from1': '07:00', 'to1': '22:00'}, {'dayOfWeek': 5, 'from1': '07:00', 'to1': '22:00'}, {'dayOfWeek': 6, 'from1': '07:00', 'to1': '22:00'}, {'dayOfWeek': 7, 'from1': '07:00', 'to1': '22:00'}]",,True,+44 1892 785971,[],East Sussex,[],Sparrows Green Road,TN5 6SJ,False,,,,
,2184068,"[{'text': 'Order with Uber Eats', 'url': 'https://www.ubereats.com/gb/brand/southern-co-op'}, {'text': 'Order with Deliveroo', 'url': 'https://deliveroo.co.uk/menu/dorchester/westham/southern-co-op-weymouth'}]",Ashford,UK,,,,4705361,410,[],51.15401528,0.84639597,"The Co-operative Food Ashford, Loudon Way","[{'dayOfWeek': 1, 'from1': '07:00', 'to1': '22:00'}, {'dayOfWeek': 2, 'from1': '07:00', 'to1': '22:00'}, {'dayOfWeek': 3, 'from1': '07:00', 'to1': '22:00'}, {'dayOfWeek': 4, 'from1': '07:00', 'to1': '22:00'}, {'dayOfWeek': 5, 'from1': '07:00', 'to1': '22:00'}, {'dayOfWeek': 6, 'from1': '07:00', 'to1': '22:00'}, {'dayOfWeek': 7, 'from1': '07:00', 'to1': '22:00'}]",,True,+44 1233 641485,[],Kent,[],Loudon Way,TN23 3JJ,False,,,,
,2184068,"[{'text': 'Order with Uber Eats', 'url': 'https://www.ubereats.com/gb/brand/southern-co-op'}, {'text': 'Order with Deliveroo', 'url': 'https://deliveroo.co.uk/menu/canterbury/whitstable/southern-co-op-whitstable'}]",Whitstable,UK,,,,4705362,413,[],51.3588394,1.0307289,"The Co-operative Food Whitstable, Cromwell Road","[{'dayOfWeek': 1, 'from1': '07:00', 'to1': '22:00'}, {'dayOfWeek': 2, 'from1': '07:00', 'to1': '22:00'}, {'dayOfWeek': 3, 'from1': '07:00', 'to1': '22:00'}, {'dayOfWeek': 4, 'from1': '07:00', 'to1': '22:00'}, {'dayOfWeek': 5, 'from1': '07:00', 'to1': '22:00'}, {'dayOfWeek': 6, 'from1': '07:00', 'to1': '22:00'}, {'dayOfWeek': 7, 'from1': '07:00', 'to1': '22:00'}]",Post Office is available during store opening hours,True,+44 1227 277122,[],Kent,[],134 Cromwell Road,CT5 2AA,False,,,,
